date,ticker,close_price
2024-01-01,ALPH,213.61
2024-01-02,ALPH,215.21
2024-01-03,ALPH,216.63
2024-01-04,ALPH,221.39
2024-01-05,ALPH,218.86
2024-01-08,ALPH,216.62
2024-01-09,ALPH,214.18
2024-01-10,ALPH,210.2
2024-01-11,ALPH,198.84
2024-01-12,ALPH,202.95
2024-01-15,ALPH,206.58
2024-01-16,ALPH,200.14
2024-01-17,ALPH,198.49
2024-01-18,ALPH,195.55
2024-01-19,ALPH,192.82
2024-01-22,ALPH,184.31
2024-01-23,ALPH,182.02
2024-01-24,ALPH,184.44
2024-01-25,ALPH,194.48
2024-01-26,ALPH,196.24
2024-01-29,ALPH,196.9
2024-01-30,ALPH,194.92
2024-01-31,ALPH,192.61
2024-02-01,ALPH,196.59
2024-02-02,ALPH,197.94
2024-02-05,ALPH,195.45
2024-02-06,ALPH,191.41
2024-02-07,ALPH,190.91
2024-02-08,ALPH,188.92
2024-02-09,ALPH,189.04
2024-02-12,ALPH,188.27
2024-02-13,ALPH,189.96
2024-02-14,ALPH,185.06
2024-02-15,ALPH,189.44
2024-02-16,ALPH,200.63
2024-02-19,ALPH,205.81
2024-02-20,ALPH,206.91
2024-02-21,ALPH,210.89
2024-02-22,ALPH,206.59
2024-02-23,ALPH,199.89
2024-02-26,ALPH,203.28
2024-02-27,ALPH,201.14
2024-02-28,ALPH,195.62
2024-02-29,ALPH,192.15
2024-03-01,ALPH,187.74
2024-03-04,ALPH,188.41
2024-03-05,ALPH,190.86
2024-03-06,ALPH,194.56
2024-03-07,ALPH,198.36
2024-03-08,ALPH,201.65
2024-03-11,ALPH,200.93
2024-03-12,ALPH,198.46
2024-03-13,ALPH,192.33
2024-03-14,ALPH,196.91
2024-03-15,ALPH,196.33
2024-03-18,ALPH,194.79
2024-03-19,ALPH,199.76
2024-03-20,ALPH,196.15
2024-03-21,ALPH,199.73
2024-03-22,ALPH,201.13
2024-03-25,ALPH,196.91
2024-03-26,ALPH,196.74
2024-03-27,ALPH,200.91
2024-03-28,ALPH,204.42
2024-03-29,ALPH,210.99
2024-04-01,ALPH,212.64
2024-04-02,ALPH,227.85
2024-04-03,ALPH,223.63
2024-04-04,ALPH,221.93
2024-04-05,ALPH,221.81
2024-04-08,ALPH,215.38
2024-04-09,ALPH,220.26
2024-04-10,ALPH,224.6
2024-04-11,ALPH,224.86
2024-04-12,ALPH,222.51
2024-04-15,ALPH,215.7
2024-04-16,ALPH,212.3
2024-04-17,ALPH,215.77
2024-04-18,ALPH,214.98
2024-04-19,ALPH,213.22
2024-04-22,ALPH,215.62
2024-04-23,ALPH,221.03
2024-04-24,ALPH,222.39
2024-04-25,ALPH,224.03
2024-04-26,ALPH,230.65
2024-04-29,ALPH,231.67
2024-04-30,ALPH,230.35
2024-05-01,ALPH,233.78
2024-05-02,ALPH,232.7
2024-05-03,ALPH,231.08
2024-05-06,ALPH,237.43
2024-05-07,ALPH,236.16
2024-05-08,ALPH,223.18
2024-05-09,ALPH,224.97
2024-05-10,ALPH,223.28
2024-05-13,ALPH,222.09
2024-05-14,ALPH,224.37
2024-05-15,ALPH,223.76
2024-05-16,ALPH,224.94
2024-05-17,ALPH,215.57
2024-05-20,ALPH,211.47
2024-05-21,ALPH,217.86
2024-05-22,ALPH,217.95
2024-05-23,ALPH,210.46
2024-05-24,ALPH,205.89
2024-05-27,ALPH,201.76
2024-05-28,ALPH,202.34
2024-05-29,ALPH,200.66
2024-05-30,ALPH,198.04
2024-05-31,ALPH,198.21
2024-06-03,ALPH,200.35
2024-06-04,ALPH,199.41
2024-06-05,ALPH,197.16
2024-06-06,ALPH,195.57
2024-06-07,ALPH,197.11
2024-06-10,ALPH,197.23
2024-06-11,ALPH,200.56
2024-06-12,ALPH,195.87
2024-06-13,ALPH,192.84
2024-06-14,ALPH,196.11
2024-06-17,ALPH,192.96
2024-06-18,ALPH,198.71
2024-06-19,ALPH,204.72
2024-06-20,ALPH,210.86
2024-06-21,ALPH,207.13
2024-06-24,ALPH,207.62
2024-06-25,ALPH,205.63
2024-06-26,ALPH,209.77
2024-06-27,ALPH,217.44
2024-06-28,ALPH,221.59
2024-07-01,ALPH,221.8
2024-07-02,ALPH,220.27
2024-07-03,ALPH,223.44
2024-07-04,ALPH,217.88
2024-07-05,ALPH,220.5
2024-07-08,ALPH,216.44
2024-07-09,ALPH,219.42
2024-07-10,ALPH,218.85
2024-07-11,ALPH,217.23
2024-07-12,ALPH,213.36
2024-07-15,ALPH,211.93
2024-07-16,ALPH,214.56
2024-07-17,ALPH,219.43
2024-07-18,ALPH,222.02
2024-07-19,ALPH,228.54
2024-07-22,ALPH,240.89
2024-07-23,ALPH,239.43
2024-07-24,ALPH,238.58
2024-07-25,ALPH,231.56
2024-07-26,ALPH,237.52
2024-07-29,ALPH,244.18
2024-07-30,ALPH,239.92
2024-07-31,ALPH,243.21
2024-08-01,ALPH,249.61
2024-08-02,ALPH,250.99
2024-08-05,ALPH,255.64
2024-08-06,ALPH,256.77
2024-08-07,ALPH,250.42
2024-08-08,ALPH,256.12
2024-08-09,ALPH,263.44
2024-08-12,ALPH,267.7
2024-08-13,ALPH,262.54
2024-08-14,ALPH,258.61
2024-08-15,ALPH,252.67
2024-08-16,ALPH,256.95
2024-08-19,ALPH,263.98
2024-08-20,ALPH,266.53
2024-08-21,ALPH,272.0
2024-08-22,ALPH,267.25
2024-08-23,ALPH,268.28
2024-08-26,ALPH,260.77
2024-08-27,ALPH,256.75
2024-08-28,ALPH,261.68
2024-08-29,ALPH,260.56
2024-08-30,ALPH,267.37
2024-09-02,ALPH,270.6
2024-09-03,ALPH,286.33
2024-09-04,ALPH,287.11
2024-09-05,ALPH,278.86
2024-09-06,ALPH,278.87
2024-09-09,ALPH,273.45
2024-09-10,ALPH,279.26
2024-09-11,ALPH,279.72
2024-09-12,ALPH,279.13
2024-09-13,ALPH,278.62
2024-09-16,ALPH,283.16
2024-09-17,ALPH,280.69
2024-09-18,ALPH,285.48
2024-09-19,ALPH,291.96
2024-09-20,ALPH,290.09
2024-09-23,ALPH,284.67
2024-09-24,ALPH,281.83
2024-09-25,ALPH,286.24
2024-09-26,ALPH,287.02
2024-09-27,ALPH,291.03
2024-09-30,ALPH,302.02
2024-10-01,ALPH,303.71
2024-10-02,ALPH,298.79
2024-10-03,ALPH,305.65
2024-10-04,ALPH,306.21
2024-10-07,ALPH,312.05
2024-10-08,ALPH,319.27
2024-10-09,ALPH,313.09
2024-10-10,ALPH,322.41
2024-10-11,ALPH,328.78
2024-10-14,ALPH,324.86
2024-10-15,ALPH,327.19
2024-10-16,ALPH,329.2
2024-10-17,ALPH,329.62
2024-10-18,ALPH,335.9
2024-10-21,ALPH,346.29
2024-10-22,ALPH,346.61
2024-10-23,ALPH,356.55
2024-10-24,ALPH,364.21
2024-10-25,ALPH,366.27
2024-10-28,ALPH,367.9
2024-10-29,ALPH,359.29
2024-10-30,ALPH,348.25
2024-10-31,ALPH,349.72
2024-11-01,ALPH,343.71
2024-11-04,ALPH,343.69
2024-11-05,ALPH,340.09
2024-11-06,ALPH,327.59
2024-11-07,ALPH,330.3
2024-11-08,ALPH,327.68
2024-11-11,ALPH,328.48
2024-11-12,ALPH,322.58
2024-11-13,ALPH,320.56
2024-11-14,ALPH,331.3
2024-11-15,ALPH,332.45
2024-11-18,ALPH,336.53
2024-11-19,ALPH,327.82
2024-11-20,ALPH,344.5
2024-11-21,ALPH,358.09
2024-11-22,ALPH,368.61
2024-11-25,ALPH,375.3
2024-11-26,ALPH,375.7
2024-11-27,ALPH,379.48
2024-11-28,ALPH,388.11
2024-11-29,ALPH,383.29
2024-12-02,ALPH,380.01
2024-12-03,ALPH,366.99
2024-12-04,ALPH,361.33
2024-12-05,ALPH,374.2
2024-12-06,ALPH,371.86
2024-12-09,ALPH,369.67
2024-12-10,ALPH,372.41
2024-12-11,ALPH,360.1
2024-12-12,ALPH,367.52
2024-12-13,ALPH,377.57
2024-12-16,ALPH,380.84
2024-12-17,ALPH,394.33
2024-12-18,ALPH,383.66
2024-12-19,ALPH,398.79
2024-12-20,ALPH,392.98
2024-12-23,ALPH,382.73
2024-12-24,ALPH,381.12
2024-12-25,ALPH,396.38
2024-12-26,ALPH,396.52
2024-12-27,ALPH,389.06
2024-12-30,ALPH,378.79
2024-12-31,ALPH,378.25
2025-01-01,ALPH,362.7
2025-01-02,ALPH,353.09
2025-01-03,ALPH,364.79
2025-01-06,ALPH,375.2
2025-01-07,ALPH,374.47
2025-01-08,ALPH,371.1
2025-01-09,ALPH,371.84
2025-01-10,ALPH,390.44
2025-01-13,ALPH,394.06
2025-01-14,ALPH,401.88
2025-01-15,ALPH,400.48
2025-01-16,ALPH,401.3
2025-01-17,ALPH,407.06
2025-01-20,ALPH,408.44
2025-01-21,ALPH,392.5
2025-01-22,ALPH,403.34
2025-01-23,ALPH,398.45
2025-01-24,ALPH,416.4
2025-01-27,ALPH,422.72
2025-01-28,ALPH,423.67
2025-01-29,ALPH,427.9
2025-01-30,ALPH,427.26
2025-01-31,ALPH,423.22
2025-02-03,ALPH,425.39
2025-02-04,ALPH,433.61
2025-02-05,ALPH,429.72
2025-02-06,ALPH,424.44
2025-02-07,ALPH,421.6
2025-02-10,ALPH,430.34
2025-02-11,ALPH,443.78
2025-02-12,ALPH,447.5
2025-02-13,ALPH,453.3
2025-02-14,ALPH,447.65
2025-02-17,ALPH,456.23
2025-02-18,ALPH,461.86
2025-02-19,ALPH,455.33
2025-02-20,ALPH,438.6
2025-02-21,ALPH,427.71
2025-02-24,ALPH,422.03
2025-02-25,ALPH,432.64
2025-02-26,ALPH,447.07
2025-02-27,ALPH,443.29
2025-02-28,ALPH,439.83
2025-03-03,ALPH,442.58
2025-03-04,ALPH,443.04
2025-03-05,ALPH,452.03
2025-03-06,ALPH,447.41
2025-03-07,ALPH,456.66
2025-03-10,ALPH,454.72
2025-03-11,ALPH,463.22
2025-03-12,ALPH,460.94
2025-03-13,ALPH,455.36
2025-03-14,ALPH,473.98
2025-03-17,ALPH,484.94
2025-03-18,ALPH,467.07
2025-03-19,ALPH,463.05
2025-03-20,ALPH,475.11
2025-03-21,ALPH,463.55
2025-03-24,ALPH,471.4
2025-03-25,ALPH,478.36
2025-03-26,ALPH,471.71
2025-03-27,ALPH,471.98
2025-03-28,ALPH,451.65
2025-03-31,ALPH,468.77
2025-04-01,ALPH,466.09
2025-04-02,ALPH,474.3
2025-04-03,ALPH,480.78
2025-04-04,ALPH,494.84
2025-04-07,ALPH,490.72
2025-04-08,ALPH,493.19
2025-04-09,ALPH,499.36
2025-04-10,ALPH,508.88
2025-04-11,ALPH,521.59
2025-04-14,ALPH,516.77
2025-04-15,ALPH,509.96
2025-04-16,ALPH,524.91
2025-04-17,ALPH,502.87
2025-04-18,ALPH,519.82
2025-04-21,ALPH,516.92
2025-04-22,ALPH,517.27
2025-04-23,ALPH,510.26
2025-04-24,ALPH,510.14
2025-04-25,ALPH,524.13
2025-04-28,ALPH,533.01
2025-04-29,ALPH,538.93
2025-04-30,ALPH,540.34
2025-05-01,ALPH,524.37
2025-05-02,ALPH,515.48
2025-05-05,ALPH,512.17
2025-05-06,ALPH,517.48
2025-05-07,ALPH,518.63
2025-05-08,ALPH,529.73
2025-05-09,ALPH,535.4
2025-05-12,ALPH,536.42
2025-05-13,ALPH,562.44
2025-05-14,ALPH,567.66
2025-05-15,ALPH,562.95
2025-05-16,ALPH,585.35
2025-05-19,ALPH,600.54
2025-05-20,ALPH,623.88
2025-05-21,ALPH,622.91
2025-05-22,ALPH,636.14
2025-05-23,ALPH,617.24
2025-05-26,ALPH,627.87
2025-05-27,ALPH,626.27
2025-05-28,ALPH,608.94
2025-05-29,ALPH,622.6
2025-05-30,ALPH,599.44
2025-06-02,ALPH,575.84
2025-06-03,ALPH,580.66
2025-06-04,ALPH,588.06
2025-06-05,ALPH,600.49
2025-06-06,ALPH,610.3
2025-06-09,ALPH,629.67
2025-06-10,ALPH,639.4
2025-06-11,ALPH,638.12
2025-06-12,ALPH,637.62
2025-06-13,ALPH,634.33
2025-06-16,ALPH,638.75
2025-06-17,ALPH,624.53
2025-06-18,ALPH,629.48
2025-06-19,ALPH,628.82
2025-06-20,ALPH,632.94
2025-06-23,ALPH,637.12
2025-06-24,ALPH,604.83
2025-06-25,ALPH,593.86
2025-06-26,ALPH,592.96
2025-06-27,ALPH,592.72
2025-06-30,ALPH,596.4
2025-07-01,ALPH,600.64
2025-07-02,ALPH,620.21
2025-07-03,ALPH,624.75
2025-07-04,ALPH,621.12
2025-07-07,ALPH,600.76
2025-07-08,ALPH,583.97
2025-07-09,ALPH,590.98
2025-07-10,ALPH,604.58
2025-07-11,ALPH,624.59
2025-07-14,ALPH,614.22
2025-07-15,ALPH,610.78
2025-07-16,ALPH,614.35
2025-07-17,ALPH,641.21
2025-07-18,ALPH,643.25
2025-07-21,ALPH,664.67
2025-07-22,ALPH,667.55
2025-07-23,ALPH,684.21
2025-07-24,ALPH,699.47
2025-07-25,ALPH,702.45
2025-07-28,ALPH,687.95
2025-07-29,ALPH,684.59
2025-07-30,ALPH,706.5
2025-07-31,ALPH,720.05
2025-08-01,ALPH,714.05
2025-08-04,ALPH,709.47
2025-08-05,ALPH,684.25
2025-08-06,ALPH,705.51
2025-08-07,ALPH,719.16
2025-08-08,ALPH,717.65
2025-08-11,ALPH,721.21
2025-08-12,ALPH,688.91
2025-08-13,ALPH,682.41
2025-08-14,ALPH,702.03
2025-08-15,ALPH,717.03
2025-08-18,ALPH,722.55
2025-08-19,ALPH,722.88
2025-08-20,ALPH,735.51
2025-08-21,ALPH,731.74
2025-08-22,ALPH,706.74
2025-08-25,ALPH,707.19
2025-08-26,ALPH,713.71
2025-08-27,ALPH,731.07
2025-08-28,ALPH,709.52
2025-08-29,ALPH,708.24
2025-09-01,ALPH,707.66
2025-09-02,ALPH,691.85
2025-09-03,ALPH,699.46
2025-09-04,ALPH,710.96
2025-09-05,ALPH,707.17
2025-09-08,ALPH,738.2
2025-09-09,ALPH,733.82
2025-09-10,ALPH,727.51
2025-09-11,ALPH,720.8
2025-09-12,ALPH,709.02
2025-09-15,ALPH,701.25
2025-09-16,ALPH,680.69
2025-09-17,ALPH,678.47
2025-09-18,ALPH,679.81
2025-09-19,ALPH,647.77
2025-09-22,ALPH,646.88
2025-09-23,ALPH,647.95
2025-09-24,ALPH,655.44
2025-09-25,ALPH,672.51
2025-09-26,ALPH,685.04
2025-09-29,ALPH,676.64
2025-09-30,ALPH,666.71
2025-10-01,ALPH,675.32
2025-10-02,ALPH,668.09
2025-10-03,ALPH,651.39
2025-10-06,ALPH,684.33
2025-10-07,ALPH,680.39
2025-10-08,ALPH,671.97
2025-10-09,ALPH,641.58
2025-10-10,ALPH,653.53
2025-10-13,ALPH,640.49
2025-10-14,ALPH,641.36
2025-10-15,ALPH,654.88
2025-10-16,ALPH,642.03
2025-10-17,ALPH,643.59
2025-10-20,ALPH,664.66
2025-10-21,ALPH,630.91
2025-10-22,ALPH,620.66
2025-10-23,ALPH,609.36
2025-10-24,ALPH,607.44
2025-10-27,ALPH,607.29
2025-10-28,ALPH,594.24
2025-10-29,ALPH,586.53
2025-10-30,ALPH,577.47
2025-10-31,ALPH,573.66
2025-11-03,ALPH,576.72
2025-11-04,ALPH,588.18
2025-11-05,ALPH,601.66
2025-11-06,ALPH,610.37
2025-11-07,ALPH,599.64
2025-11-10,ALPH,600.06
2025-11-11,ALPH,630.41
2025-11-12,ALPH,644.31
2025-11-13,ALPH,638.85
2025-11-14,ALPH,660.54
2025-11-17,ALPH,655.67
2025-11-18,ALPH,646.98
2025-11-19,ALPH,666.42
2025-11-20,ALPH,648.62
2025-11-21,ALPH,623.07
2025-11-24,ALPH,635.85
2025-11-25,ALPH,636.71
2025-11-26,ALPH,638.9
2025-11-27,ALPH,634.54
2025-11-28,ALPH,631.85
2025-12-01,ALPH,626.26
2025-12-02,ALPH,618.52
2025-12-03,ALPH,614.04
2025-12-04,ALPH,609.18
2025-12-05,ALPH,599.06
2025-12-08,ALPH,592.66
2025-12-09,ALPH,562.0
2025-12-10,ALPH,570.5
2025-12-11,ALPH,575.61
2025-12-12,ALPH,575.02
2025-12-15,ALPH,578.33
2025-12-16,ALPH,582.09
2025-12-17,ALPH,573.69
2025-12-18,ALPH,567.72
2025-12-19,ALPH,574.45
2025-12-22,ALPH,577.39
2025-12-23,ALPH,602.58
2025-12-24,ALPH,623.52
2025-12-25,ALPH,636.2
2025-12-26,ALPH,626.52
2025-12-29,ALPH,619.58
2025-12-30,ALPH,607.03
2025-12-31,ALPH,611.06
2024-01-01,NOVA,150.76
2024-01-02,NOVA,152.63
2024-01-03,NOVA,147.8
2024-01-04,NOVA,147.64
2024-01-05,NOVA,144.24
2024-01-08,NOVA,142.46
2024-01-09,NOVA,142.62
2024-01-10,NOVA,140.29
2024-01-11,NOVA,139.29
2024-01-12,NOVA,142.0
2024-01-15,NOVA,140.45
2024-01-16,NOVA,142.73
2024-01-17,NOVA,139.66
2024-01-18,NOVA,141.11
2024-01-19,NOVA,145.03
2024-01-22,NOVA,138.19
2024-01-23,NOVA,136.1
2024-01-24,NOVA,137.63
2024-01-25,NOVA,137.12
2024-01-26,NOVA,138.12
2024-01-29,NOVA,136.55
2024-01-30,NOVA,136.8
2024-01-31,NOVA,136.42
2024-02-01,NOVA,139.49
2024-02-02,NOVA,140.2
2024-02-05,NOVA,141.13
2024-02-06,NOVA,140.04
2024-02-07,NOVA,138.76
2024-02-08,NOVA,137.63
2024-02-09,NOVA,138.7
2024-02-12,NOVA,137.6
2024-02-13,NOVA,138.39
2024-02-14,NOVA,143.92
2024-02-15,NOVA,146.35
2024-02-16,NOVA,145.46
2024-02-19,NOVA,148.84
2024-02-20,NOVA,147.7
2024-02-21,NOVA,141.96
2024-02-22,NOVA,139.24
2024-02-23,NOVA,134.28
2024-02-26,NOVA,133.4
2024-02-27,NOVA,133.47
2024-02-28,NOVA,137.78
2024-02-29,NOVA,138.67
2024-03-01,NOVA,138.11
2024-03-04,NOVA,140.33
2024-03-05,NOVA,134.41
2024-03-06,NOVA,135.04
2024-03-07,NOVA,137.06
2024-03-08,NOVA,133.2
2024-03-11,NOVA,136.14
2024-03-12,NOVA,137.05
2024-03-13,NOVA,135.98
2024-03-14,NOVA,137.66
2024-03-15,NOVA,143.67
2024-03-18,NOVA,144.2
2024-03-19,NOVA,144.91
2024-03-20,NOVA,143.66
2024-03-21,NOVA,141.35
2024-03-22,NOVA,143.62
2024-03-25,NOVA,141.29
2024-03-26,NOVA,141.51
2024-03-27,NOVA,140.24
2024-03-28,NOVA,141.55
2024-03-29,NOVA,142.48
2024-04-01,NOVA,145.34
2024-04-02,NOVA,143.95
2024-04-03,NOVA,143.23
2024-04-04,NOVA,140.57
2024-04-05,NOVA,139.4
2024-04-08,NOVA,140.43
2024-04-09,NOVA,142.49
2024-04-10,NOVA,140.0
2024-04-11,NOVA,142.36
2024-04-12,NOVA,146.08
2024-04-15,NOVA,147.27
2024-04-16,NOVA,152.59
2024-04-17,NOVA,150.35
2024-04-18,NOVA,146.8
2024-04-19,NOVA,141.82
2024-04-22,NOVA,145.91
2024-04-23,NOVA,147.77
2024-04-24,NOVA,147.63
2024-04-25,NOVA,148.45
2024-04-26,NOVA,145.28
2024-04-29,NOVA,152.11
2024-04-30,NOVA,152.52
2024-05-01,NOVA,152.86
2024-05-02,NOVA,155.02
2024-05-03,NOVA,156.47
2024-05-06,NOVA,157.17
2024-05-07,NOVA,154.82
2024-05-08,NOVA,156.25
2024-05-09,NOVA,161.91
2024-05-10,NOVA,166.11
2024-05-13,NOVA,171.21
2024-05-14,NOVA,169.57
2024-05-15,NOVA,166.38
2024-05-16,NOVA,166.01
2024-05-17,NOVA,166.22
2024-05-20,NOVA,169.73
2024-05-21,NOVA,164.26
2024-05-22,NOVA,169.1
2024-05-23,NOVA,168.62
2024-05-24,NOVA,167.27
2024-05-27,NOVA,164.06
2024-05-28,NOVA,158.89
2024-05-29,NOVA,161.42
2024-05-30,NOVA,161.68
2024-05-31,NOVA,157.71
2024-06-03,NOVA,153.83
2024-06-04,NOVA,152.86
2024-06-05,NOVA,157.78
2024-06-06,NOVA,157.02
2024-06-07,NOVA,152.53
2024-06-10,NOVA,151.84
2024-06-11,NOVA,151.07
2024-06-12,NOVA,143.29
2024-06-13,NOVA,143.17
2024-06-14,NOVA,142.56
2024-06-17,NOVA,144.49
2024-06-18,NOVA,149.64
2024-06-19,NOVA,152.89
2024-06-20,NOVA,152.13
2024-06-21,NOVA,148.93
2024-06-24,NOVA,156.3
2024-06-25,NOVA,156.51
2024-06-26,NOVA,156.58
2024-06-27,NOVA,156.54
2024-06-28,NOVA,157.16
2024-07-01,NOVA,156.75
2024-07-02,NOVA,155.06
2024-07-03,NOVA,153.46
2024-07-04,NOVA,153.39
2024-07-05,NOVA,151.82
2024-07-08,NOVA,149.78
2024-07-09,NOVA,150.11
2024-07-10,NOVA,149.4
2024-07-11,NOVA,153.74
2024-07-12,NOVA,145.95
2024-07-15,NOVA,149.03
2024-07-16,NOVA,152.62
2024-07-17,NOVA,146.58
2024-07-18,NOVA,145.65
2024-07-19,NOVA,144.64
2024-07-22,NOVA,140.76
2024-07-23,NOVA,138.69
2024-07-24,NOVA,135.76
2024-07-25,NOVA,140.35
2024-07-26,NOVA,142.89
2024-07-29,NOVA,146.39
2024-07-30,NOVA,148.45
2024-07-31,NOVA,145.26
2024-08-01,NOVA,143.83
2024-08-02,NOVA,145.2
2024-08-05,NOVA,141.83
2024-08-06,NOVA,143.79
2024-08-07,NOVA,143.15
2024-08-08,NOVA,142.15
2024-08-09,NOVA,144.11
2024-08-12,NOVA,145.37
2024-08-13,NOVA,144.39
2024-08-14,NOVA,147.62
2024-08-15,NOVA,144.59
2024-08-16,NOVA,146.32
2024-08-19,NOVA,148.01
2024-08-20,NOVA,147.16
2024-08-21,NOVA,148.11
2024-08-22,NOVA,144.58
2024-08-23,NOVA,147.17
2024-08-26,NOVA,146.67
2024-08-27,NOVA,145.23
2024-08-28,NOVA,148.18
2024-08-29,NOVA,146.2
2024-08-30,NOVA,142.29
2024-09-02,NOVA,138.07
2024-09-03,NOVA,139.7
2024-09-04,NOVA,136.29
2024-09-05,NOVA,140.9
2024-09-06,NOVA,135.31
2024-09-09,NOVA,139.73
2024-09-10,NOVA,140.32
2024-09-11,NOVA,140.08
2024-09-12,NOVA,138.65
2024-09-13,NOVA,139.73
2024-09-16,NOVA,139.66
2024-09-17,NOVA,142.63
2024-09-18,NOVA,142.97
2024-09-19,NOVA,143.41
2024-09-20,NOVA,142.43
2024-09-23,NOVA,142.31
2024-09-24,NOVA,143.17
2024-09-25,NOVA,138.5
2024-09-26,NOVA,134.95
2024-09-27,NOVA,136.9
2024-09-30,NOVA,137.37
2024-10-01,NOVA,136.91
2024-10-02,NOVA,136.98
2024-10-03,NOVA,137.92
2024-10-04,NOVA,136.52
2024-10-07,NOVA,134.51
2024-10-08,NOVA,135.04
2024-10-09,NOVA,132.53
2024-10-10,NOVA,133.59
2024-10-11,NOVA,129.26
2024-10-14,NOVA,131.83
2024-10-15,NOVA,133.05
2024-10-16,NOVA,133.72
2024-10-17,NOVA,136.27
2024-10-18,NOVA,140.64
2024-10-21,NOVA,143.4
2024-10-22,NOVA,138.37
2024-10-23,NOVA,135.0
2024-10-24,NOVA,133.41
2024-10-25,NOVA,133.5
2024-10-28,NOVA,134.85
2024-10-29,NOVA,132.99
2024-10-30,NOVA,133.49
2024-10-31,NOVA,131.59
2024-11-01,NOVA,130.07
2024-11-04,NOVA,126.59
2024-11-05,NOVA,124.37
2024-11-06,NOVA,121.17
2024-11-07,NOVA,118.93
2024-11-08,NOVA,121.35
2024-11-11,NOVA,119.17
2024-11-12,NOVA,125.2
2024-11-13,NOVA,126.4
2024-11-14,NOVA,126.87
2024-11-15,NOVA,124.81
2024-11-18,NOVA,126.51
2024-11-19,NOVA,125.13
2024-11-20,NOVA,125.45
2024-11-21,NOVA,131.63
2024-11-22,NOVA,131.41
2024-11-25,NOVA,134.32
2024-11-26,NOVA,132.54
2024-11-27,NOVA,132.47
2024-11-28,NOVA,136.99
2024-11-29,NOVA,135.37
2024-12-02,NOVA,140.1
2024-12-03,NOVA,142.02
2024-12-04,NOVA,140.52
2024-12-05,NOVA,142.24
2024-12-06,NOVA,144.92
2024-12-09,NOVA,146.67
2024-12-10,NOVA,142.29
2024-12-11,NOVA,140.33
2024-12-12,NOVA,139.69
2024-12-13,NOVA,139.52
2024-12-16,NOVA,141.2
2024-12-17,NOVA,141.71
2024-12-18,NOVA,138.11
2024-12-19,NOVA,139.14
2024-12-20,NOVA,140.79
2024-12-23,NOVA,142.33
2024-12-24,NOVA,145.3
2024-12-25,NOVA,147.65
2024-12-26,NOVA,148.97
2024-12-27,NOVA,148.8
2024-12-30,NOVA,144.09
2024-12-31,NOVA,145.3
2025-01-01,NOVA,145.91
2025-01-02,NOVA,146.69
2025-01-03,NOVA,143.13
2025-01-06,NOVA,140.19
2025-01-07,NOVA,143.05
2025-01-08,NOVA,142.96
2025-01-09,NOVA,144.86
2025-01-10,NOVA,144.96
2025-01-13,NOVA,145.07
2025-01-14,NOVA,147.7
2025-01-15,NOVA,146.27
2025-01-16,NOVA,146.57
2025-01-17,NOVA,145.29
2025-01-20,NOVA,144.11
2025-01-21,NOVA,143.28
2025-01-22,NOVA,143.92
2025-01-23,NOVA,142.62
2025-01-24,NOVA,146.08
2025-01-27,NOVA,143.6
2025-01-28,NOVA,143.12
2025-01-29,NOVA,141.94
2025-01-30,NOVA,145.9
2025-01-31,NOVA,146.47
2025-02-03,NOVA,149.39
2025-02-04,NOVA,145.17
2025-02-05,NOVA,145.94
2025-02-06,NOVA,148.45
2025-02-07,NOVA,148.71
2025-02-10,NOVA,151.77
2025-02-11,NOVA,150.3
2025-02-12,NOVA,154.38
2025-02-13,NOVA,161.21
2025-02-14,NOVA,160.12
2025-02-17,NOVA,158.78
2025-02-18,NOVA,163.23
2025-02-19,NOVA,168.2
2025-02-20,NOVA,166.55
2025-02-21,NOVA,165.24
2025-02-24,NOVA,164.37
2025-02-25,NOVA,160.17
2025-02-26,NOVA,157.38
2025-02-27,NOVA,154.38
2025-02-28,NOVA,152.14
2025-03-03,NOVA,152.06
2025-03-04,NOVA,152.77
2025-03-05,NOVA,157.34
2025-03-06,NOVA,154.36
2025-03-07,NOVA,157.3
2025-03-10,NOVA,156.68
2025-03-11,NOVA,156.56
2025-03-12,NOVA,158.61
2025-03-13,NOVA,155.23
2025-03-14,NOVA,156.39
2025-03-17,NOVA,156.92
2025-03-18,NOVA,158.43
2025-03-19,NOVA,159.34
2025-03-20,NOVA,166.86
2025-03-21,NOVA,164.85
2025-03-24,NOVA,163.2
2025-03-25,NOVA,161.29
2025-03-26,NOVA,159.6
2025-03-27,NOVA,157.68
2025-03-28,NOVA,161.3
2025-03-31,NOVA,165.72
2025-04-01,NOVA,163.93
2025-04-02,NOVA,161.35
2025-04-03,NOVA,162.84
2025-04-04,NOVA,161.14
2025-04-07,NOVA,163.13
2025-04-08,NOVA,163.79
2025-04-09,NOVA,159.06
2025-04-10,NOVA,163.81
2025-04-11,NOVA,169.47
2025-04-14,NOVA,167.51
2025-04-15,NOVA,166.3
2025-04-16,NOVA,167.24
2025-04-17,NOVA,168.34
2025-04-18,NOVA,170.5
2025-04-21,NOVA,177.09
2025-04-22,NOVA,176.53
2025-04-23,NOVA,173.86
2025-04-24,NOVA,169.29
2025-04-25,NOVA,166.95
2025-04-28,NOVA,166.88
2025-04-29,NOVA,172.65
2025-04-30,NOVA,170.97
2025-05-01,NOVA,171.73
2025-05-02,NOVA,171.71
2025-05-05,NOVA,175.65
2025-05-06,NOVA,184.18
2025-05-07,NOVA,182.34
2025-05-08,NOVA,180.67
2025-05-09,NOVA,184.31
2025-05-12,NOVA,186.75
2025-05-13,NOVA,193.39
2025-05-14,NOVA,195.59
2025-05-15,NOVA,194.28
2025-05-16,NOVA,196.52
2025-05-19,NOVA,200.73
2025-05-20,NOVA,203.92
2025-05-21,NOVA,205.94
2025-05-22,NOVA,210.18
2025-05-23,NOVA,214.93
2025-05-26,NOVA,220.66
2025-05-27,NOVA,223.44
2025-05-28,NOVA,222.77
2025-05-29,NOVA,223.43
2025-05-30,NOVA,228.64
2025-06-02,NOVA,225.1
2025-06-03,NOVA,226.73
2025-06-04,NOVA,225.06
2025-06-05,NOVA,225.23
2025-06-06,NOVA,230.78
2025-06-09,NOVA,231.67
2025-06-10,NOVA,231.92
2025-06-11,NOVA,225.92
2025-06-12,NOVA,229.19
2025-06-13,NOVA,232.07
2025-06-16,NOVA,241.73
2025-06-17,NOVA,240.34
2025-06-18,NOVA,241.4
2025-06-19,NOVA,242.59
2025-06-20,NOVA,249.97
2025-06-23,NOVA,249.56
2025-06-24,NOVA,250.94
2025-06-25,NOVA,253.9
2025-06-26,NOVA,254.86
2025-06-27,NOVA,252.72
2025-06-30,NOVA,253.71
2025-07-01,NOVA,258.97
2025-07-02,NOVA,253.93
2025-07-03,NOVA,254.62
2025-07-04,NOVA,251.25
2025-07-07,NOVA,257.05
2025-07-08,NOVA,249.59
2025-07-09,NOVA,246.97
2025-07-10,NOVA,248.79
2025-07-11,NOVA,256.3
2025-07-14,NOVA,256.03
2025-07-15,NOVA,253.35
2025-07-16,NOVA,262.53
2025-07-17,NOVA,255.29
2025-07-18,NOVA,244.58
2025-07-21,NOVA,246.69
2025-07-22,NOVA,244.36
2025-07-23,NOVA,239.62
2025-07-24,NOVA,242.92
2025-07-25,NOVA,244.09
2025-07-28,NOVA,241.5
2025-07-29,NOVA,235.62
2025-07-30,NOVA,239.6
2025-07-31,NOVA,242.63
2025-08-01,NOVA,242.21
2025-08-04,NOVA,250.83
2025-08-05,NOVA,245.73
2025-08-06,NOVA,238.59
2025-08-07,NOVA,235.47
2025-08-08,NOVA,235.31
2025-08-11,NOVA,236.45
2025-08-12,NOVA,235.4
2025-08-13,NOVA,237.03
2025-08-14,NOVA,231.39
2025-08-15,NOVA,237.83
2025-08-18,NOVA,237.5
2025-08-19,NOVA,242.62
2025-08-20,NOVA,244.26
2025-08-21,NOVA,246.44
2025-08-22,NOVA,249.18
2025-08-25,NOVA,251.36
2025-08-26,NOVA,254.5
2025-08-27,NOVA,261.03
2025-08-28,NOVA,262.06
2025-08-29,NOVA,265.66
2025-09-01,NOVA,265.26
2025-09-02,NOVA,272.62
2025-09-03,NOVA,269.14
2025-09-04,NOVA,278.47
2025-09-05,NOVA,278.31
2025-09-08,NOVA,270.73
2025-09-09,NOVA,271.44
2025-09-10,NOVA,267.95
2025-09-11,NOVA,272.31
2025-09-12,NOVA,268.96
2025-09-15,NOVA,266.71
2025-09-16,NOVA,257.1
2025-09-17,NOVA,254.92
2025-09-18,NOVA,243.13
2025-09-19,NOVA,235.79
2025-09-22,NOVA,239.27
2025-09-23,NOVA,242.92
2025-09-24,NOVA,244.94
2025-09-25,NOVA,240.45
2025-09-26,NOVA,240.27
2025-09-29,NOVA,240.3
2025-09-30,NOVA,235.01
2025-10-01,NOVA,241.82
2025-10-02,NOVA,245.93
2025-10-03,NOVA,244.93
2025-10-06,NOVA,245.1
2025-10-07,NOVA,246.12
2025-10-08,NOVA,236.54
2025-10-09,NOVA,235.46
2025-10-10,NOVA,232.43
2025-10-13,NOVA,228.01
2025-10-14,NOVA,226.82
2025-10-15,NOVA,234.68
2025-10-16,NOVA,237.6
2025-10-17,NOVA,235.04
2025-10-20,NOVA,237.66
2025-10-21,NOVA,244.08
2025-10-22,NOVA,248.45
2025-10-23,NOVA,248.77
2025-10-24,NOVA,245.74
2025-10-27,NOVA,249.07
2025-10-28,NOVA,250.99
2025-10-29,NOVA,255.34
2025-10-30,NOVA,258.49
2025-10-31,NOVA,263.74
2025-11-03,NOVA,261.08
2025-11-04,NOVA,267.72
2025-11-05,NOVA,268.78
2025-11-06,NOVA,279.52
2025-11-07,NOVA,275.87
2025-11-10,NOVA,285.1
2025-11-11,NOVA,286.23
2025-11-12,NOVA,282.71
2025-11-13,NOVA,280.14
2025-11-14,NOVA,278.47
2025-11-17,NOVA,280.79
2025-11-18,NOVA,283.65
2025-11-19,NOVA,280.58
2025-11-20,NOVA,280.5
2025-11-21,NOVA,292.07
2025-11-24,NOVA,301.79
2025-11-25,NOVA,304.36
2025-11-26,NOVA,304.64
2025-11-27,NOVA,305.4
2025-11-28,NOVA,309.04
2025-12-01,NOVA,303.04
2025-12-02,NOVA,301.6
2025-12-03,NOVA,292.01
2025-12-04,NOVA,294.3
2025-12-05,NOVA,298.0
2025-12-08,NOVA,295.3
2025-12-09,NOVA,304.25
2025-12-10,NOVA,297.16
2025-12-11,NOVA,288.88
2025-12-12,NOVA,290.17
2025-12-15,NOVA,296.05
2025-12-16,NOVA,305.65
2025-12-17,NOVA,303.02
2025-12-18,NOVA,309.34
2025-12-19,NOVA,309.17
2025-12-22,NOVA,308.2
2025-12-23,NOVA,313.47
2025-12-24,NOVA,317.45
2025-12-25,NOVA,307.92
2025-12-26,NOVA,316.68
2025-12-29,NOVA,325.11
2025-12-30,NOVA,321.28
2025-12-31,NOVA,323.77
2024-01-01,CYBR,373.92
2024-01-02,CYBR,372.82
2024-01-03,CYBR,365.28
2024-01-04,CYBR,365.31
2024-01-05,CYBR,364.86
2024-01-08,CYBR,370.05
2024-01-09,CYBR,359.82
2024-01-10,CYBR,361.16
2024-01-11,CYBR,356.13
2024-01-12,CYBR,357.83
2024-01-15,CYBR,359.8
2024-01-16,CYBR,359.67
2024-01-17,CYBR,363.62
2024-01-18,CYBR,358.13
2024-01-19,CYBR,363.43
2024-01-22,CYBR,360.43
2024-01-23,CYBR,353.58
2024-01-24,CYBR,352.62
2024-01-25,CYBR,343.5
2024-01-26,CYBR,344.86
2024-01-29,CYBR,343.98
2024-01-30,CYBR,349.62
2024-01-31,CYBR,352.76
2024-02-01,CYBR,346.78
2024-02-02,CYBR,343.35
2024-02-05,CYBR,345.87
2024-02-06,CYBR,349.84
2024-02-07,CYBR,355.53
2024-02-08,CYBR,361.27
2024-02-09,CYBR,361.13
2024-02-12,CYBR,363.06
2024-02-13,CYBR,369.31
2024-02-14,CYBR,368.16
2024-02-15,CYBR,370.21
2024-02-16,CYBR,368.94
2024-02-19,CYBR,366.64
2024-02-20,CYBR,367.13
2024-02-21,CYBR,364.2
2024-02-22,CYBR,363.86
2024-02-23,CYBR,359.35
2024-02-26,CYBR,358.74
2024-02-27,CYBR,361.05
2024-02-28,CYBR,358.62
2024-02-29,CYBR,358.92
2024-03-01,CYBR,359.82
2024-03-04,CYBR,362.16
2024-03-05,CYBR,361.81
2024-03-06,CYBR,367.06
2024-03-07,CYBR,357.54
2024-03-08,CYBR,371.14
2024-03-11,CYBR,367.31
2024-03-12,CYBR,369.46
2024-03-13,CYBR,365.33
2024-03-14,CYBR,368.59
2024-03-15,CYBR,370.15
2024-03-18,CYBR,367.37
2024-03-19,CYBR,372.64
2024-03-20,CYBR,372.14
2024-03-21,CYBR,375.0
2024-03-22,CYBR,370.91
2024-03-25,CYBR,371.04
2024-03-26,CYBR,380.75
2024-03-27,CYBR,385.68
2024-03-28,CYBR,387.47
2024-03-29,CYBR,385.55
2024-04-01,CYBR,386.17
2024-04-02,CYBR,387.42
2024-04-03,CYBR,389.91
2024-04-04,CYBR,384.87
2024-04-05,CYBR,388.42
2024-04-08,CYBR,383.33
2024-04-09,CYBR,391.55
2024-04-10,CYBR,388.01
2024-04-11,CYBR,389.75
2024-04-12,CYBR,395.01
2024-04-15,CYBR,394.04
2024-04-16,CYBR,396.03
2024-04-17,CYBR,403.54
2024-04-18,CYBR,406.73
2024-04-19,CYBR,408.86
2024-04-22,CYBR,400.42
2024-04-23,CYBR,395.97
2024-04-24,CYBR,401.52
2024-04-25,CYBR,404.72
2024-04-26,CYBR,408.73
2024-04-29,CYBR,412.33
2024-04-30,CYBR,419.38
2024-05-01,CYBR,418.3
2024-05-02,CYBR,419.25
2024-05-03,CYBR,414.08
2024-05-06,CYBR,407.67
2024-05-07,CYBR,399.46
2024-05-08,CYBR,395.26
2024-05-09,CYBR,403.35
2024-05-10,CYBR,395.69
2024-05-13,CYBR,394.46
2024-05-14,CYBR,388.27
2024-05-15,CYBR,385.6
2024-05-16,CYBR,386.71
2024-05-17,CYBR,383.56
2024-05-20,CYBR,389.15
2024-05-21,CYBR,397.01
2024-05-22,CYBR,385.97
2024-05-23,CYBR,382.91
2024-05-24,CYBR,383.48
2024-05-27,CYBR,389.24
2024-05-28,CYBR,387.28
2024-05-29,CYBR,387.47
2024-05-30,CYBR,382.07
2024-05-31,CYBR,374.91
2024-06-03,CYBR,382.07
2024-06-04,CYBR,373.5
2024-06-05,CYBR,384.82
2024-06-06,CYBR,388.64
2024-06-07,CYBR,392.28
2024-06-10,CYBR,395.44
2024-06-11,CYBR,394.46
2024-06-12,CYBR,396.72
2024-06-13,CYBR,396.06
2024-06-14,CYBR,399.13
2024-06-17,CYBR,399.25
2024-06-18,CYBR,394.73
2024-06-19,CYBR,390.66
2024-06-20,CYBR,386.06
2024-06-21,CYBR,391.11
2024-06-24,CYBR,388.33
2024-06-25,CYBR,379.19
2024-06-26,CYBR,381.38
2024-06-27,CYBR,388.99
2024-06-28,CYBR,393.1
2024-07-01,CYBR,390.37
2024-07-02,CYBR,382.8
2024-07-03,CYBR,382.43
2024-07-04,CYBR,381.94
2024-07-05,CYBR,377.52
2024-07-08,CYBR,380.44
2024-07-09,CYBR,389.63
2024-07-10,CYBR,391.02
2024-07-11,CYBR,392.11
2024-07-12,CYBR,387.73
2024-07-15,CYBR,394.89
2024-07-16,CYBR,394.81
2024-07-17,CYBR,392.2
2024-07-18,CYBR,392.8
2024-07-19,CYBR,395.44
2024-07-22,CYBR,396.43
2024-07-23,CYBR,402.8
2024-07-24,CYBR,405.06
2024-07-25,CYBR,403.9
2024-07-26,CYBR,406.25
2024-07-29,CYBR,409.13
2024-07-30,CYBR,402.69
2024-07-31,CYBR,408.87
2024-08-01,CYBR,407.61
2024-08-02,CYBR,406.48
2024-08-05,CYBR,410.66
2024-08-06,CYBR,414.86
2024-08-07,CYBR,411.47
2024-08-08,CYBR,415.97
2024-08-09,CYBR,413.31
2024-08-12,CYBR,423.17
2024-08-13,CYBR,419.03
2024-08-14,CYBR,420.61
2024-08-15,CYBR,416.74
2024-08-16,CYBR,428.81
2024-08-19,CYBR,422.39
2024-08-20,CYBR,425.51
2024-08-21,CYBR,421.85
2024-08-22,CYBR,420.27
2024-08-23,CYBR,423.0
2024-08-26,CYBR,429.88
2024-08-27,CYBR,439.06
2024-08-28,CYBR,430.82
2024-08-29,CYBR,432.6
2024-08-30,CYBR,440.93
2024-09-02,CYBR,431.82
2024-09-03,CYBR,433.87
2024-09-04,CYBR,434.17
2024-09-05,CYBR,436.78
2024-09-06,CYBR,432.82
2024-09-09,CYBR,425.25
2024-09-10,CYBR,415.23
2024-09-11,CYBR,420.69
2024-09-12,CYBR,426.89
2024-09-13,CYBR,428.85
2024-09-16,CYBR,426.25
2024-09-17,CYBR,417.78
2024-09-18,CYBR,421.08
2024-09-19,CYBR,415.51
2024-09-20,CYBR,412.06
2024-09-23,CYBR,409.29
2024-09-24,CYBR,408.57
2024-09-25,CYBR,404.93
2024-09-26,CYBR,405.4
2024-09-27,CYBR,402.5
2024-09-30,CYBR,406.38
2024-10-01,CYBR,412.0
2024-10-02,CYBR,412.87
2024-10-03,CYBR,415.6
2024-10-04,CYBR,427.08
2024-10-07,CYBR,421.04
2024-10-08,CYBR,414.75
2024-10-09,CYBR,418.72
2024-10-10,CYBR,429.37
2024-10-11,CYBR,428.27
2024-10-14,CYBR,437.98
2024-10-15,CYBR,438.83
2024-10-16,CYBR,435.36
2024-10-17,CYBR,430.21
2024-10-18,CYBR,433.96
2024-10-21,CYBR,429.24
2024-10-22,CYBR,430.0
2024-10-23,CYBR,438.96
2024-10-24,CYBR,437.58
2024-10-25,CYBR,445.2
2024-10-28,CYBR,438.66
2024-10-29,CYBR,436.01
2024-10-30,CYBR,428.54
2024-10-31,CYBR,429.25
2024-11-01,CYBR,433.82
2024-11-04,CYBR,434.56
2024-11-05,CYBR,441.64
2024-11-06,CYBR,437.77
2024-11-07,CYBR,439.34
2024-11-08,CYBR,436.73
2024-11-11,CYBR,439.05
2024-11-12,CYBR,442.18
2024-11-13,CYBR,445.78
2024-11-14,CYBR,440.05
2024-11-15,CYBR,435.4
2024-11-18,CYBR,431.83
2024-11-19,CYBR,430.84
2024-11-20,CYBR,431.63
2024-11-21,CYBR,435.83
2024-11-22,CYBR,431.46
2024-11-25,CYBR,423.01
2024-11-26,CYBR,434.89
2024-11-27,CYBR,428.97
2024-11-28,CYBR,433.84
2024-11-29,CYBR,434.33
2024-12-02,CYBR,436.03
2024-12-03,CYBR,436.35
2024-12-04,CYBR,434.54
2024-12-05,CYBR,437.42
2024-12-06,CYBR,435.3
2024-12-09,CYBR,442.07
2024-12-10,CYBR,445.58
2024-12-11,CYBR,449.3
2024-12-12,CYBR,446.74
2024-12-13,CYBR,445.73
2024-12-16,CYBR,439.34
2024-12-17,CYBR,437.69
2024-12-18,CYBR,432.25
2024-12-19,CYBR,439.78
2024-12-20,CYBR,440.38
2024-12-23,CYBR,441.66
2024-12-24,CYBR,440.72
2024-12-25,CYBR,442.15
2024-12-26,CYBR,456.32
2024-12-27,CYBR,454.91
2024-12-30,CYBR,451.49
2024-12-31,CYBR,454.86
2025-01-01,CYBR,440.61
2025-01-02,CYBR,441.29
2025-01-03,CYBR,439.53
2025-01-06,CYBR,434.32
2025-01-07,CYBR,437.44
2025-01-08,CYBR,438.06
2025-01-09,CYBR,428.36
2025-01-10,CYBR,425.16
2025-01-13,CYBR,409.88
2025-01-14,CYBR,411.71
2025-01-15,CYBR,413.5
2025-01-16,CYBR,409.64
2025-01-17,CYBR,412.75
2025-01-20,CYBR,406.33
2025-01-21,CYBR,401.64
2025-01-22,CYBR,404.07
2025-01-23,CYBR,400.83
2025-01-24,CYBR,400.81
2025-01-27,CYBR,398.24
2025-01-28,CYBR,396.45
2025-01-29,CYBR,394.89
2025-01-30,CYBR,391.64
2025-01-31,CYBR,393.43
2025-02-03,CYBR,390.59
2025-02-04,CYBR,390.95
2025-02-05,CYBR,387.62
2025-02-06,CYBR,380.36
2025-02-07,CYBR,385.05
2025-02-10,CYBR,387.77
2025-02-11,CYBR,399.32
2025-02-12,CYBR,394.32
2025-02-13,CYBR,393.57
2025-02-14,CYBR,393.22
2025-02-17,CYBR,398.45
2025-02-18,CYBR,396.17
2025-02-19,CYBR,390.58
2025-02-20,CYBR,396.85
2025-02-21,CYBR,395.55
2025-02-24,CYBR,400.25
2025-02-25,CYBR,404.42
2025-02-26,CYBR,404.56
2025-02-27,CYBR,403.97
2025-02-28,CYBR,402.26
2025-03-03,CYBR,402.47
2025-03-04,CYBR,407.18
2025-03-05,CYBR,403.36
2025-03-06,CYBR,404.22
2025-03-07,CYBR,398.78
2025-03-10,CYBR,394.04
2025-03-11,CYBR,394.17
2025-03-12,CYBR,384.65
2025-03-13,CYBR,395.0
2025-03-14,CYBR,389.31
2025-03-17,CYBR,389.4
2025-03-18,CYBR,395.46
2025-03-19,CYBR,391.42
2025-03-20,CYBR,380.26
2025-03-21,CYBR,378.39
2025-03-24,CYBR,374.47
2025-03-25,CYBR,363.92
2025-03-26,CYBR,365.51
2025-03-27,CYBR,366.74
2025-03-28,CYBR,372.33
2025-03-31,CYBR,367.3
2025-04-01,CYBR,360.12
2025-04-02,CYBR,358.52
2025-04-03,CYBR,358.38
2025-04-04,CYBR,362.84
2025-04-07,CYBR,369.6
2025-04-08,CYBR,375.58
2025-04-09,CYBR,377.17
2025-04-10,CYBR,381.28
2025-04-11,CYBR,378.46
2025-04-14,CYBR,379.54
2025-04-15,CYBR,374.08
2025-04-16,CYBR,374.66
2025-04-17,CYBR,375.35
2025-04-18,CYBR,383.84
2025-04-21,CYBR,383.0
2025-04-22,CYBR,383.72
2025-04-23,CYBR,385.16
2025-04-24,CYBR,383.22
2025-04-25,CYBR,379.6
2025-04-28,CYBR,386.14
2025-04-29,CYBR,381.61
2025-04-30,CYBR,375.46
2025-05-01,CYBR,378.98
2025-05-02,CYBR,384.83
2025-05-05,CYBR,382.91
2025-05-06,CYBR,381.07
2025-05-07,CYBR,382.72
2025-05-08,CYBR,379.56
2025-05-09,CYBR,376.07
2025-05-12,CYBR,380.55
2025-05-13,CYBR,383.76
2025-05-14,CYBR,390.43
2025-05-15,CYBR,384.51
2025-05-16,CYBR,382.34
2025-05-19,CYBR,383.99
2025-05-20,CYBR,379.76
2025-05-21,CYBR,383.13
2025-05-22,CYBR,389.37
2025-05-23,CYBR,386.77
2025-05-26,CYBR,387.25
2025-05-27,CYBR,394.69
2025-05-28,CYBR,404.0
2025-05-29,CYBR,408.12
2025-05-30,CYBR,411.49
2025-06-02,CYBR,407.34
2025-06-03,CYBR,409.49
2025-06-04,CYBR,412.69
2025-06-05,CYBR,411.89
2025-06-06,CYBR,409.08
2025-06-09,CYBR,402.73
2025-06-10,CYBR,394.14
2025-06-11,CYBR,384.69
2025-06-12,CYBR,387.8
2025-06-13,CYBR,388.81
2025-06-16,CYBR,386.71
2025-06-17,CYBR,385.37
2025-06-18,CYBR,386.68
2025-06-19,CYBR,386.16
2025-06-20,CYBR,379.87
2025-06-23,CYBR,384.55
2025-06-24,CYBR,386.32
2025-06-25,CYBR,387.91
2025-06-26,CYBR,392.32
2025-06-27,CYBR,388.56
2025-06-30,CYBR,394.83
2025-07-01,CYBR,394.42
2025-07-02,CYBR,399.16
2025-07-03,CYBR,403.17
2025-07-04,CYBR,398.15
2025-07-07,CYBR,400.99
2025-07-08,CYBR,402.95
2025-07-09,CYBR,403.4
2025-07-10,CYBR,403.21
2025-07-11,CYBR,403.07
2025-07-14,CYBR,407.52
2025-07-15,CYBR,410.81
2025-07-16,CYBR,411.28
2025-07-17,CYBR,403.79
2025-07-18,CYBR,406.62
2025-07-21,CYBR,410.66
2025-07-22,CYBR,422.95
2025-07-23,CYBR,429.04
2025-07-24,CYBR,419.01
2025-07-25,CYBR,419.73
2025-07-28,CYBR,429.69
2025-07-29,CYBR,433.41
2025-07-30,CYBR,435.54
2025-07-31,CYBR,440.84
2025-08-01,CYBR,437.68
2025-08-04,CYBR,440.66
2025-08-05,CYBR,439.58
2025-08-06,CYBR,439.8
2025-08-07,CYBR,444.75
2025-08-08,CYBR,439.84
2025-08-11,CYBR,447.36
2025-08-12,CYBR,445.28
2025-08-13,CYBR,447.09
2025-08-14,CYBR,439.47
2025-08-15,CYBR,443.81
2025-08-18,CYBR,452.28
2025-08-19,CYBR,449.66
2025-08-20,CYBR,443.65
2025-08-21,CYBR,445.55
2025-08-22,CYBR,454.1
2025-08-25,CYBR,446.08
2025-08-26,CYBR,440.14
2025-08-27,CYBR,437.93
2025-08-28,CYBR,433.69
2025-08-29,CYBR,429.51
2025-09-01,CYBR,418.41
2025-09-02,CYBR,421.84
2025-09-03,CYBR,423.97
2025-09-04,CYBR,415.14
2025-09-05,CYBR,423.12
2025-09-08,CYBR,432.47
2025-09-09,CYBR,428.66
2025-09-10,CYBR,435.32
2025-09-11,CYBR,432.48
2025-09-12,CYBR,433.79
2025-09-15,CYBR,429.51
2025-09-16,CYBR,441.9
2025-09-17,CYBR,440.56
2025-09-18,CYBR,441.59
2025-09-19,CYBR,438.06
2025-09-22,CYBR,448.74
2025-09-23,CYBR,459.82
2025-09-24,CYBR,469.67
2025-09-25,CYBR,475.72
2025-09-26,CYBR,472.3
2025-09-29,CYBR,477.61
2025-09-30,CYBR,477.92
2025-10-01,CYBR,486.24
2025-10-02,CYBR,493.48
2025-10-03,CYBR,489.78
2025-10-06,CYBR,496.03
2025-10-07,CYBR,500.69
2025-10-08,CYBR,483.43
2025-10-09,CYBR,488.7
2025-10-10,CYBR,486.38
2025-10-13,CYBR,481.27
2025-10-14,CYBR,476.47
2025-10-15,CYBR,476.0
2025-10-16,CYBR,479.26
2025-10-17,CYBR,471.3
2025-10-20,CYBR,472.78
2025-10-21,CYBR,476.59
2025-10-22,CYBR,488.21
2025-10-23,CYBR,481.9
2025-10-24,CYBR,480.11
2025-10-27,CYBR,482.06
2025-10-28,CYBR,489.44
2025-10-29,CYBR,487.91
2025-10-30,CYBR,495.69
2025-10-31,CYBR,483.86
2025-11-03,CYBR,476.52
2025-11-04,CYBR,478.98
2025-11-05,CYBR,470.76
2025-11-06,CYBR,464.08
2025-11-07,CYBR,461.32
2025-11-10,CYBR,466.17
2025-11-11,CYBR,455.3
2025-11-12,CYBR,456.62
2025-11-13,CYBR,462.94
2025-11-14,CYBR,462.13
2025-11-17,CYBR,460.31
2025-11-18,CYBR,463.0
2025-11-19,CYBR,462.21
2025-11-20,CYBR,470.71
2025-11-21,CYBR,464.41
2025-11-24,CYBR,464.45
2025-11-25,CYBR,466.01
2025-11-26,CYBR,464.11
2025-11-27,CYBR,447.53
2025-11-28,CYBR,446.95
2025-12-01,CYBR,452.39
2025-12-02,CYBR,457.19
2025-12-03,CYBR,459.58
2025-12-04,CYBR,453.52
2025-12-05,CYBR,456.13
2025-12-08,CYBR,453.14
2025-12-09,CYBR,455.51
2025-12-10,CYBR,456.55
2025-12-11,CYBR,451.22
2025-12-12,CYBR,446.44
2025-12-15,CYBR,448.79
2025-12-16,CYBR,447.86
2025-12-17,CYBR,443.41
2025-12-18,CYBR,438.54
2025-12-19,CYBR,437.17
2025-12-22,CYBR,446.2
2025-12-23,CYBR,443.55
2025-12-24,CYBR,443.79
2025-12-25,CYBR,444.69
2025-12-26,CYBR,438.63
2025-12-29,CYBR,429.14
2025-12-30,CYBR,423.86
2025-12-31,CYBR,425.51
2024-01-01,CLOUD,302.59
2024-01-02,CLOUD,297.72
2024-01-03,CLOUD,296.24
2024-01-04,CLOUD,299.01
2024-01-05,CLOUD,295.19
2024-01-08,CLOUD,296.35
2024-01-09,CLOUD,292.23
2024-01-10,CLOUD,293.92
2024-01-11,CLOUD,294.03
2024-01-12,CLOUD,289.13
2024-01-15,CLOUD,292.99
2024-01-16,CLOUD,290.89
2024-01-17,CLOUD,288.56
2024-01-18,CLOUD,289.41
2024-01-19,CLOUD,293.21
2024-01-22,CLOUD,290.22
2024-01-23,CLOUD,290.63
2024-01-24,CLOUD,292.2
2024-01-25,CLOUD,294.6
2024-01-26,CLOUD,295.38
2024-01-29,CLOUD,294.44
2024-01-30,CLOUD,292.03
2024-01-31,CLOUD,292.52
2024-02-01,CLOUD,289.36
2024-02-02,CLOUD,280.47
2024-02-05,CLOUD,282.0
2024-02-06,CLOUD,284.96
2024-02-07,CLOUD,277.91
2024-02-08,CLOUD,275.1
2024-02-09,CLOUD,277.14
2024-02-12,CLOUD,283.5
2024-02-13,CLOUD,283.78
2024-02-14,CLOUD,281.77
2024-02-15,CLOUD,281.42
2024-02-16,CLOUD,285.81
2024-02-19,CLOUD,284.03
2024-02-20,CLOUD,281.8
2024-02-21,CLOUD,280.55
2024-02-22,CLOUD,277.87
2024-02-23,CLOUD,278.45
2024-02-26,CLOUD,283.54
2024-02-27,CLOUD,284.74
2024-02-28,CLOUD,284.18
2024-02-29,CLOUD,283.5
2024-03-01,CLOUD,278.94
2024-03-04,CLOUD,281.81
2024-03-05,CLOUD,281.78
2024-03-06,CLOUD,281.45
2024-03-07,CLOUD,291.35
2024-03-08,CLOUD,292.51
2024-03-11,CLOUD,290.36
2024-03-12,CLOUD,289.24
2024-03-13,CLOUD,293.04
2024-03-14,CLOUD,293.62
2024-03-15,CLOUD,289.29
2024-03-18,CLOUD,292.38
2024-03-19,CLOUD,290.49
2024-03-20,CLOUD,296.58
2024-03-21,CLOUD,300.26
2024-03-22,CLOUD,299.04
2024-03-25,CLOUD,303.39
2024-03-26,CLOUD,303.85
2024-03-27,CLOUD,306.87
2024-03-28,CLOUD,308.71
2024-03-29,CLOUD,306.12
2024-04-01,CLOUD,304.23
2024-04-02,CLOUD,307.84
2024-04-03,CLOUD,306.96
2024-04-04,CLOUD,305.85
2024-04-05,CLOUD,302.94
2024-04-08,CLOUD,304.55
2024-04-09,CLOUD,311.55
2024-04-10,CLOUD,308.2
2024-04-11,CLOUD,308.51
2024-04-12,CLOUD,313.45
2024-04-15,CLOUD,313.41
2024-04-16,CLOUD,315.18
2024-04-17,CLOUD,311.81
2024-04-18,CLOUD,313.48
2024-04-19,CLOUD,313.09
2024-04-22,CLOUD,316.65
2024-04-23,CLOUD,320.95
2024-04-24,CLOUD,330.15
2024-04-25,CLOUD,332.46
2024-04-26,CLOUD,333.88
2024-04-29,CLOUD,334.84
2024-04-30,CLOUD,333.81
2024-05-01,CLOUD,335.28
2024-05-02,CLOUD,334.47
2024-05-03,CLOUD,335.33
2024-05-06,CLOUD,340.35
2024-05-07,CLOUD,336.91
2024-05-08,CLOUD,341.31
2024-05-09,CLOUD,346.41
2024-05-10,CLOUD,346.23
2024-05-13,CLOUD,338.57
2024-05-14,CLOUD,336.61
2024-05-15,CLOUD,341.57
2024-05-16,CLOUD,341.75
2024-05-17,CLOUD,338.32
2024-05-20,CLOUD,336.74
2024-05-21,CLOUD,340.04
2024-05-22,CLOUD,342.3
2024-05-23,CLOUD,341.68
2024-05-24,CLOUD,340.59
2024-05-27,CLOUD,339.41
2024-05-28,CLOUD,336.29
2024-05-29,CLOUD,342.4
2024-05-30,CLOUD,341.47
2024-05-31,CLOUD,346.21
2024-06-03,CLOUD,352.15
2024-06-04,CLOUD,356.21
2024-06-05,CLOUD,354.82
2024-06-06,CLOUD,356.63
2024-06-07,CLOUD,356.81
2024-06-10,CLOUD,353.6
2024-06-11,CLOUD,355.1
2024-06-12,CLOUD,350.86
2024-06-13,CLOUD,355.62
2024-06-14,CLOUD,354.1
2024-06-17,CLOUD,355.14
2024-06-18,CLOUD,356.49
2024-06-19,CLOUD,355.77
2024-06-20,CLOUD,358.29
2024-06-21,CLOUD,356.72
2024-06-24,CLOUD,360.34
2024-06-25,CLOUD,355.38
2024-06-26,CLOUD,356.14
2024-06-27,CLOUD,363.85
2024-06-28,CLOUD,360.2
2024-07-01,CLOUD,357.84
2024-07-02,CLOUD,360.1
2024-07-03,CLOUD,361.07
2024-07-04,CLOUD,362.7
2024-07-05,CLOUD,364.89
2024-07-08,CLOUD,367.66
2024-07-09,CLOUD,372.34
2024-07-10,CLOUD,374.27
2024-07-11,CLOUD,373.58
2024-07-12,CLOUD,376.57
2024-07-15,CLOUD,384.57
2024-07-16,CLOUD,384.31
2024-07-17,CLOUD,380.56
2024-07-18,CLOUD,385.39
2024-07-19,CLOUD,385.18
2024-07-22,CLOUD,376.45
2024-07-23,CLOUD,380.18
2024-07-24,CLOUD,378.27
2024-07-25,CLOUD,378.18
2024-07-26,CLOUD,379.82
2024-07-29,CLOUD,380.89
2024-07-30,CLOUD,384.09
2024-07-31,CLOUD,382.58
2024-08-01,CLOUD,384.99
2024-08-02,CLOUD,384.2
2024-08-05,CLOUD,387.55
2024-08-06,CLOUD,390.42
2024-08-07,CLOUD,386.77
2024-08-08,CLOUD,391.59
2024-08-09,CLOUD,389.63
2024-08-12,CLOUD,393.32
2024-08-13,CLOUD,395.17
2024-08-14,CLOUD,403.3
2024-08-15,CLOUD,402.64
2024-08-16,CLOUD,401.42
2024-08-19,CLOUD,401.64
2024-08-20,CLOUD,400.63
2024-08-21,CLOUD,404.39
2024-08-22,CLOUD,397.65
2024-08-23,CLOUD,393.43
2024-08-26,CLOUD,389.2
2024-08-27,CLOUD,393.48
2024-08-28,CLOUD,401.04
2024-08-29,CLOUD,400.89
2024-08-30,CLOUD,400.46
2024-09-02,CLOUD,401.07
2024-09-03,CLOUD,406.4
2024-09-04,CLOUD,402.64
2024-09-05,CLOUD,403.98
2024-09-06,CLOUD,408.53
2024-09-09,CLOUD,411.05
2024-09-10,CLOUD,412.2
2024-09-11,CLOUD,416.96
2024-09-12,CLOUD,405.12
2024-09-13,CLOUD,408.39
2024-09-16,CLOUD,405.82
2024-09-17,CLOUD,398.11
2024-09-18,CLOUD,400.61
2024-09-19,CLOUD,406.84
2024-09-20,CLOUD,406.55
2024-09-23,CLOUD,411.03
2024-09-24,CLOUD,418.49
2024-09-25,CLOUD,424.74
2024-09-26,CLOUD,432.57
2024-09-27,CLOUD,436.36
2024-09-30,CLOUD,437.05
2024-10-01,CLOUD,429.83
2024-10-02,CLOUD,429.01
2024-10-03,CLOUD,425.43
2024-10-04,CLOUD,435.72
2024-10-07,CLOUD,435.22
2024-10-08,CLOUD,436.13
2024-10-09,CLOUD,439.05
2024-10-10,CLOUD,439.59
2024-10-11,CLOUD,447.96
2024-10-14,CLOUD,445.29
2024-10-15,CLOUD,446.56
2024-10-16,CLOUD,443.32
2024-10-17,CLOUD,437.34
2024-10-18,CLOUD,434.79
2024-10-21,CLOUD,434.94
2024-10-22,CLOUD,433.26
2024-10-23,CLOUD,430.35
2024-10-24,CLOUD,424.15
2024-10-25,CLOUD,424.09
2024-10-28,CLOUD,417.53
2024-10-29,CLOUD,421.27
2024-10-30,CLOUD,421.96
2024-10-31,CLOUD,415.65
2024-11-01,CLOUD,414.57
2024-11-04,CLOUD,411.53
2024-11-05,CLOUD,413.25
2024-11-06,CLOUD,419.54
2024-11-07,CLOUD,411.37
2024-11-08,CLOUD,412.19
2024-11-11,CLOUD,411.79
2024-11-12,CLOUD,415.09
2024-11-13,CLOUD,416.35
2024-11-14,CLOUD,413.29
2024-11-15,CLOUD,412.18
2024-11-18,CLOUD,408.96
2024-11-19,CLOUD,414.01
2024-11-20,CLOUD,414.42
2024-11-21,CLOUD,423.23
2024-11-22,CLOUD,423.27
2024-11-25,CLOUD,420.36
2024-11-26,CLOUD,413.81
2024-11-27,CLOUD,406.08
2024-11-28,CLOUD,399.45
2024-11-29,CLOUD,400.9
2024-12-02,CLOUD,403.4
2024-12-03,CLOUD,396.83
2024-12-04,CLOUD,400.96
2024-12-05,CLOUD,399.17
2024-12-06,CLOUD,400.11
2024-12-09,CLOUD,407.37
2024-12-10,CLOUD,411.61
2024-12-11,CLOUD,410.73
2024-12-12,CLOUD,407.1
2024-12-13,CLOUD,397.96
2024-12-16,CLOUD,395.17
2024-12-17,CLOUD,394.57
2024-12-18,CLOUD,390.67
2024-12-19,CLOUD,390.41
2024-12-20,CLOUD,391.03
2024-12-23,CLOUD,390.38
2024-12-24,CLOUD,387.94
2024-12-25,CLOUD,388.93
2024-12-26,CLOUD,391.08
2024-12-27,CLOUD,386.78
2024-12-30,CLOUD,392.96
2024-12-31,CLOUD,392.84
2025-01-01,CLOUD,393.21
2025-01-02,CLOUD,396.51
2025-01-03,CLOUD,397.81
2025-01-06,CLOUD,402.2
2025-01-07,CLOUD,403.75
2025-01-08,CLOUD,401.39
2025-01-09,CLOUD,403.26
2025-01-10,CLOUD,398.59
2025-01-13,CLOUD,399.35
2025-01-14,CLOUD,399.51
2025-01-15,CLOUD,398.92
2025-01-16,CLOUD,398.67
2025-01-17,CLOUD,390.88
2025-01-20,CLOUD,388.86
2025-01-21,CLOUD,389.54
2025-01-22,CLOUD,390.51
2025-01-23,CLOUD,386.48
2025-01-24,CLOUD,392.04
2025-01-27,CLOUD,388.68
2025-01-28,CLOUD,393.04
2025-01-29,CLOUD,395.14
2025-01-30,CLOUD,392.69
2025-01-31,CLOUD,400.5
2025-02-03,CLOUD,395.65
2025-02-04,CLOUD,399.87
2025-02-05,CLOUD,404.49
2025-02-06,CLOUD,401.87
2025-02-07,CLOUD,408.21
2025-02-10,CLOUD,407.41
2025-02-11,CLOUD,408.99
2025-02-12,CLOUD,410.45
2025-02-13,CLOUD,410.16
2025-02-14,CLOUD,414.06
2025-02-17,CLOUD,417.92
2025-02-18,CLOUD,410.35
2025-02-19,CLOUD,416.43
2025-02-20,CLOUD,409.28
2025-02-21,CLOUD,414.15
2025-02-24,CLOUD,419.49
2025-02-25,CLOUD,414.88
2025-02-26,CLOUD,413.35
2025-02-27,CLOUD,408.73
2025-02-28,CLOUD,408.1
2025-03-03,CLOUD,407.05
2025-03-04,CLOUD,410.78
2025-03-05,CLOUD,416.89
2025-03-06,CLOUD,423.48
2025-03-07,CLOUD,421.24
2025-03-10,CLOUD,420.6
2025-03-11,CLOUD,413.29
2025-03-12,CLOUD,410.01
2025-03-13,CLOUD,414.58
2025-03-14,CLOUD,422.12
2025-03-17,CLOUD,416.82
2025-03-18,CLOUD,414.47
2025-03-19,CLOUD,414.67
2025-03-20,CLOUD,416.23
2025-03-21,CLOUD,412.91
2025-03-24,CLOUD,415.11
2025-03-25,CLOUD,413.31
2025-03-26,CLOUD,413.55
2025-03-27,CLOUD,416.3
2025-03-28,CLOUD,416.65
2025-03-31,CLOUD,415.0
2025-04-01,CLOUD,414.82
2025-04-02,CLOUD,414.74
2025-04-03,CLOUD,413.4
2025-04-04,CLOUD,412.56
2025-04-07,CLOUD,419.98
2025-04-08,CLOUD,422.84
2025-04-09,CLOUD,421.81
2025-04-10,CLOUD,425.3
2025-04-11,CLOUD,424.09
2025-04-14,CLOUD,429.78
2025-04-15,CLOUD,431.82
2025-04-16,CLOUD,431.64
2025-04-17,CLOUD,434.05
2025-04-18,CLOUD,427.03
2025-04-21,CLOUD,422.16
2025-04-22,CLOUD,417.05
2025-04-23,CLOUD,418.01
2025-04-24,CLOUD,426.13
2025-04-25,CLOUD,436.71
2025-04-28,CLOUD,440.04
2025-04-29,CLOUD,442.75
2025-04-30,CLOUD,434.49
2025-05-01,CLOUD,432.27
2025-05-02,CLOUD,428.93
2025-05-05,CLOUD,426.38
2025-05-06,CLOUD,425.93
2025-05-07,CLOUD,424.08
2025-05-08,CLOUD,415.35
2025-05-09,CLOUD,419.01
2025-05-12,CLOUD,414.48
2025-05-13,CLOUD,415.87
2025-05-14,CLOUD,425.48
2025-05-15,CLOUD,421.58
2025-05-16,CLOUD,410.4
2025-05-19,CLOUD,409.44
2025-05-20,CLOUD,414.61
2025-05-21,CLOUD,423.68
2025-05-22,CLOUD,418.39
2025-05-23,CLOUD,420.94
2025-05-26,CLOUD,419.15
2025-05-27,CLOUD,418.99
2025-05-28,CLOUD,431.25
2025-05-29,CLOUD,424.59
2025-05-30,CLOUD,426.07
2025-06-02,CLOUD,428.54
2025-06-03,CLOUD,433.88
2025-06-04,CLOUD,434.67
2025-06-05,CLOUD,436.44
2025-06-06,CLOUD,434.93
2025-06-09,CLOUD,436.52
2025-06-10,CLOUD,435.23
2025-06-11,CLOUD,438.48
2025-06-12,CLOUD,437.06
2025-06-13,CLOUD,439.17
2025-06-16,CLOUD,439.37
2025-06-17,CLOUD,445.03
2025-06-18,CLOUD,445.12
2025-06-19,CLOUD,436.95
2025-06-20,CLOUD,443.22
2025-06-23,CLOUD,439.23
2025-06-24,CLOUD,436.47
2025-06-25,CLOUD,433.99
2025-06-26,CLOUD,440.75
2025-06-27,CLOUD,430.93
2025-06-30,CLOUD,445.84
2025-07-01,CLOUD,451.26
2025-07-02,CLOUD,452.68
2025-07-03,CLOUD,452.76
2025-07-04,CLOUD,454.49
2025-07-07,CLOUD,457.39
2025-07-08,CLOUD,460.92
2025-07-09,CLOUD,464.03
2025-07-10,CLOUD,464.83
2025-07-11,CLOUD,464.19
2025-07-14,CLOUD,463.78
2025-07-15,CLOUD,463.16
2025-07-16,CLOUD,469.17
2025-07-17,CLOUD,472.53
2025-07-18,CLOUD,457.9
2025-07-21,CLOUD,461.49
2025-07-22,CLOUD,462.81
2025-07-23,CLOUD,463.06
2025-07-24,CLOUD,461.47
2025-07-25,CLOUD,467.42
2025-07-28,CLOUD,472.55
2025-07-29,CLOUD,468.96
2025-07-30,CLOUD,471.38
2025-07-31,CLOUD,466.79
2025-08-01,CLOUD,460.2
2025-08-04,CLOUD,457.44
2025-08-05,CLOUD,462.04
2025-08-06,CLOUD,467.14
2025-08-07,CLOUD,470.08
2025-08-08,CLOUD,474.11
2025-08-11,CLOUD,477.1
2025-08-12,CLOUD,474.16
2025-08-13,CLOUD,476.73
2025-08-14,CLOUD,481.21
2025-08-15,CLOUD,485.48
2025-08-18,CLOUD,492.08
2025-08-19,CLOUD,496.21
2025-08-20,CLOUD,498.46
2025-08-21,CLOUD,504.59
2025-08-22,CLOUD,504.83
2025-08-25,CLOUD,500.41
2025-08-26,CLOUD,499.91
2025-08-27,CLOUD,496.27
2025-08-28,CLOUD,493.03
2025-08-29,CLOUD,492.64
2025-09-01,CLOUD,488.8
2025-09-02,CLOUD,487.54
2025-09-03,CLOUD,477.96
2025-09-04,CLOUD,479.42
2025-09-05,CLOUD,479.79
2025-09-08,CLOUD,475.92
2025-09-09,CLOUD,479.66
2025-09-10,CLOUD,484.88
2025-09-11,CLOUD,476.84
2025-09-12,CLOUD,473.28
2025-09-15,CLOUD,469.71
2025-09-16,CLOUD,465.3
2025-09-17,CLOUD,469.82
2025-09-18,CLOUD,469.19
2025-09-19,CLOUD,468.2
2025-09-22,CLOUD,458.44
2025-09-23,CLOUD,461.93
2025-09-24,CLOUD,456.1
2025-09-25,CLOUD,456.74
2025-09-26,CLOUD,458.46
2025-09-29,CLOUD,465.53
2025-09-30,CLOUD,459.31
2025-10-01,CLOUD,444.7
2025-10-02,CLOUD,445.92
2025-10-03,CLOUD,454.91
2025-10-06,CLOUD,461.34
2025-10-07,CLOUD,462.73
2025-10-08,CLOUD,460.62
2025-10-09,CLOUD,464.98
2025-10-10,CLOUD,460.45
2025-10-13,CLOUD,463.16
2025-10-14,CLOUD,466.04
2025-10-15,CLOUD,471.72
2025-10-16,CLOUD,486.11
2025-10-17,CLOUD,488.54
2025-10-20,CLOUD,486.23
2025-10-21,CLOUD,486.46
2025-10-22,CLOUD,477.55
2025-10-23,CLOUD,474.33
2025-10-24,CLOUD,472.6
2025-10-27,CLOUD,470.28
2025-10-28,CLOUD,471.41
2025-10-29,CLOUD,467.59
2025-10-30,CLOUD,473.59
2025-10-31,CLOUD,473.95
2025-11-03,CLOUD,474.26
2025-11-04,CLOUD,472.94
2025-11-05,CLOUD,474.09
2025-11-06,CLOUD,478.67
2025-11-07,CLOUD,474.55
2025-11-10,CLOUD,471.54
2025-11-11,CLOUD,470.36
2025-11-12,CLOUD,463.89
2025-11-13,CLOUD,460.14
2025-11-14,CLOUD,458.12
2025-11-17,CLOUD,462.79
2025-11-18,CLOUD,464.45
2025-11-19,CLOUD,465.77
2025-11-20,CLOUD,470.4
2025-11-21,CLOUD,470.05
2025-11-24,CLOUD,472.39
2025-11-25,CLOUD,472.22
2025-11-26,CLOUD,473.93
2025-11-27,CLOUD,471.31
2025-11-28,CLOUD,459.27
2025-12-01,CLOUD,458.95
2025-12-02,CLOUD,466.34
2025-12-03,CLOUD,471.35
2025-12-04,CLOUD,476.61
2025-12-05,CLOUD,483.33
2025-12-08,CLOUD,484.15
2025-12-09,CLOUD,485.55
2025-12-10,CLOUD,482.68
2025-12-11,CLOUD,481.4
2025-12-12,CLOUD,484.96
2025-12-15,CLOUD,491.63
2025-12-16,CLOUD,491.26
2025-12-17,CLOUD,489.24
2025-12-18,CLOUD,489.62
2025-12-19,CLOUD,493.16
2025-12-22,CLOUD,485.85
2025-12-23,CLOUD,474.19
2025-12-24,CLOUD,471.73
2025-12-25,CLOUD,465.88
2025-12-26,CLOUD,463.68
2025-12-29,CLOUD,463.29
2025-12-30,CLOUD,461.38
2025-12-31,CLOUD,468.95
2024-01-01,INFX,418.22
2024-01-02,INFX,430.11
2024-01-03,INFX,428.86
2024-01-04,INFX,431.22
2024-01-05,INFX,437.04
2024-01-08,INFX,446.57
2024-01-09,INFX,442.52
2024-01-10,INFX,440.39
2024-01-11,INFX,448.09
2024-01-12,INFX,453.19
2024-01-15,INFX,459.92
2024-01-16,INFX,451.95
2024-01-17,INFX,461.48
2024-01-18,INFX,457.17
2024-01-19,INFX,458.65
2024-01-22,INFX,458.07
2024-01-23,INFX,453.09
2024-01-24,INFX,444.97
2024-01-25,INFX,435.05
2024-01-26,INFX,436.03
2024-01-29,INFX,427.57
2024-01-30,INFX,421.48
2024-01-31,INFX,420.56
2024-02-01,INFX,406.23
2024-02-02,INFX,410.68
2024-02-05,INFX,397.92
2024-02-06,INFX,397.79
2024-02-07,INFX,398.15
2024-02-08,INFX,401.25
2024-02-09,INFX,401.3
2024-02-12,INFX,412.26
2024-02-13,INFX,413.72
2024-02-14,INFX,419.75
2024-02-15,INFX,416.04
2024-02-16,INFX,416.99
2024-02-19,INFX,425.79
2024-02-20,INFX,424.75
2024-02-21,INFX,426.12
2024-02-22,INFX,431.93
2024-02-23,INFX,428.0
2024-02-26,INFX,416.11
2024-02-27,INFX,417.8
2024-02-28,INFX,423.53
2024-02-29,INFX,416.28
2024-03-01,INFX,420.25
2024-03-04,INFX,424.29
2024-03-05,INFX,411.87
2024-03-06,INFX,407.07
2024-03-07,INFX,405.23
2024-03-08,INFX,404.56
2024-03-11,INFX,400.88
2024-03-12,INFX,396.94
2024-03-13,INFX,405.96
2024-03-14,INFX,405.67
2024-03-15,INFX,402.24
2024-03-18,INFX,402.3
2024-03-19,INFX,405.43
2024-03-20,INFX,405.98
2024-03-21,INFX,405.16
2024-03-22,INFX,401.97
2024-03-25,INFX,398.75
2024-03-26,INFX,395.88
2024-03-27,INFX,397.93
2024-03-28,INFX,392.99
2024-03-29,INFX,395.3
2024-04-01,INFX,402.93
2024-04-02,INFX,404.94
2024-04-03,INFX,403.25
2024-04-04,INFX,396.63
2024-04-05,INFX,405.16
2024-04-08,INFX,399.19
2024-04-09,INFX,403.94
2024-04-10,INFX,407.62
2024-04-11,INFX,406.63
2024-04-12,INFX,405.5
2024-04-15,INFX,395.97
2024-04-16,INFX,397.97
2024-04-17,INFX,401.5
2024-04-18,INFX,396.01
2024-04-19,INFX,395.48
2024-04-22,INFX,395.95
2024-04-23,INFX,399.27
2024-04-24,INFX,399.57
2024-04-25,INFX,391.28
2024-04-26,INFX,388.82
2024-04-29,INFX,390.25
2024-04-30,INFX,394.84
2024-05-01,INFX,391.91
2024-05-02,INFX,403.48
2024-05-03,INFX,393.68
2024-05-06,INFX,391.03
2024-05-07,INFX,390.88
2024-05-08,INFX,390.11
2024-05-09,INFX,384.05
2024-05-10,INFX,386.58
2024-05-13,INFX,388.74
2024-05-14,INFX,389.26
2024-05-15,INFX,391.23
2024-05-16,INFX,389.32
2024-05-17,INFX,381.29
2024-05-20,INFX,377.95
2024-05-21,INFX,379.0
2024-05-22,INFX,380.08
2024-05-23,INFX,380.55
2024-05-24,INFX,383.56
2024-05-27,INFX,380.89
2024-05-28,INFX,381.29
2024-05-29,INFX,384.43
2024-05-30,INFX,384.27
2024-05-31,INFX,378.24
2024-06-03,INFX,373.71
2024-06-04,INFX,378.06
2024-06-05,INFX,385.26
2024-06-06,INFX,391.5
2024-06-07,INFX,392.97
2024-06-10,INFX,387.01
2024-06-11,INFX,387.25
2024-06-12,INFX,395.49
2024-06-13,INFX,398.99
2024-06-14,INFX,398.17
2024-06-17,INFX,401.75
2024-06-18,INFX,395.31
2024-06-19,INFX,391.96
2024-06-20,INFX,386.63
2024-06-21,INFX,389.29
2024-06-24,INFX,393.23
2024-06-25,INFX,392.7
2024-06-26,INFX,388.46
2024-06-27,INFX,388.63
2024-06-28,INFX,386.4
2024-07-01,INFX,382.62
2024-07-02,INFX,384.59
2024-07-03,INFX,381.02
2024-07-04,INFX,373.42
2024-07-05,INFX,367.06
2024-07-08,INFX,359.56
2024-07-09,INFX,360.98
2024-07-10,INFX,361.95
2024-07-11,INFX,362.68
2024-07-12,INFX,365.74
2024-07-15,INFX,371.74
2024-07-16,INFX,369.1
2024-07-17,INFX,371.33
2024-07-18,INFX,363.86
2024-07-19,INFX,370.73
2024-07-22,INFX,364.9
2024-07-23,INFX,361.74
2024-07-24,INFX,359.14
2024-07-25,INFX,352.17
2024-07-26,INFX,352.56
2024-07-29,INFX,353.8
2024-07-30,INFX,353.17
2024-07-31,INFX,346.24
2024-08-01,INFX,355.53
2024-08-02,INFX,358.35
2024-08-05,INFX,371.04
2024-08-06,INFX,367.37
2024-08-07,INFX,372.26
2024-08-08,INFX,376.34
2024-08-09,INFX,375.16
2024-08-12,INFX,382.4
2024-08-13,INFX,380.62
2024-08-14,INFX,379.08
2024-08-15,INFX,362.0
2024-08-16,INFX,364.2
2024-08-19,INFX,358.09
2024-08-20,INFX,355.74
2024-08-21,INFX,351.17
2024-08-22,INFX,349.72
2024-08-23,INFX,352.01
2024-08-26,INFX,352.31
2024-08-27,INFX,355.85
2024-08-28,INFX,362.03
2024-08-29,INFX,360.52
2024-08-30,INFX,358.5
2024-09-02,INFX,363.28
2024-09-03,INFX,368.49
2024-09-04,INFX,372.35
2024-09-05,INFX,367.93
2024-09-06,INFX,370.24
2024-09-09,INFX,371.03
2024-09-10,INFX,376.44
2024-09-11,INFX,373.85
2024-09-12,INFX,365.9
2024-09-13,INFX,369.49
2024-09-16,INFX,357.28
2024-09-17,INFX,354.09
2024-09-18,INFX,349.56
2024-09-19,INFX,345.06
2024-09-20,INFX,341.89
2024-09-23,INFX,347.61
2024-09-24,INFX,351.61
2024-09-25,INFX,350.69
2024-09-26,INFX,356.18
2024-09-27,INFX,351.44
2024-09-30,INFX,346.13
2024-10-01,INFX,350.31
2024-10-02,INFX,353.23
2024-10-03,INFX,351.33
2024-10-04,INFX,346.32
2024-10-07,INFX,353.22
2024-10-08,INFX,345.46
2024-10-09,INFX,342.98
2024-10-10,INFX,344.25
2024-10-11,INFX,352.66
2024-10-14,INFX,354.69
2024-10-15,INFX,357.18
2024-10-16,INFX,354.75
2024-10-17,INFX,357.65
2024-10-18,INFX,358.4
2024-10-21,INFX,351.15
2024-10-22,INFX,355.06
2024-10-23,INFX,359.85
2024-10-24,INFX,363.91
2024-10-25,INFX,364.32
2024-10-28,INFX,359.98
2024-10-29,INFX,349.28
2024-10-30,INFX,350.24
2024-10-31,INFX,355.48
2024-11-01,INFX,360.39
2024-11-04,INFX,364.52
2024-11-05,INFX,364.42
2024-11-06,INFX,369.89
2024-11-07,INFX,374.65
2024-11-08,INFX,372.83
2024-11-11,INFX,376.41
2024-11-12,INFX,374.02
2024-11-13,INFX,376.94
2024-11-14,INFX,370.75
2024-11-15,INFX,365.03
2024-11-18,INFX,370.38
2024-11-19,INFX,375.21
2024-11-20,INFX,378.6
2024-11-21,INFX,379.31
2024-11-22,INFX,367.62
2024-11-25,INFX,367.51
2024-11-26,INFX,369.96
2024-11-27,INFX,367.61
2024-11-28,INFX,364.42
2024-11-29,INFX,371.61
2024-12-02,INFX,371.57
2024-12-03,INFX,374.06
2024-12-04,INFX,378.13
2024-12-05,INFX,373.41
2024-12-06,INFX,374.62
2024-12-09,INFX,381.39
2024-12-10,INFX,390.8
2024-12-11,INFX,391.28
2024-12-12,INFX,390.32
2024-12-13,INFX,391.98
2024-12-16,INFX,393.51
2024-12-17,INFX,400.98
2024-12-18,INFX,395.99
2024-12-19,INFX,394.8
2024-12-20,INFX,389.27
2024-12-23,INFX,384.34
2024-12-24,INFX,386.52
2024-12-25,INFX,390.91
2024-12-26,INFX,387.84
2024-12-27,INFX,392.06
2024-12-30,INFX,398.07
2024-12-31,INFX,408.5
2025-01-01,INFX,409.16
2025-01-02,INFX,405.99
2025-01-03,INFX,400.91
2025-01-06,INFX,395.37
2025-01-07,INFX,402.15
2025-01-08,INFX,394.4
2025-01-09,INFX,401.01
2025-01-10,INFX,396.7
2025-01-13,INFX,393.39
2025-01-14,INFX,392.88
2025-01-15,INFX,389.51
2025-01-16,INFX,394.56
2025-01-17,INFX,404.27
2025-01-20,INFX,401.05
2025-01-21,INFX,399.04
2025-01-22,INFX,398.46
2025-01-23,INFX,401.58
2025-01-24,INFX,401.04
2025-01-27,INFX,408.65
2025-01-28,INFX,415.11
2025-01-29,INFX,408.92
2025-01-30,INFX,412.01
2025-01-31,INFX,420.55
2025-02-03,INFX,418.1
2025-02-04,INFX,416.77
2025-02-05,INFX,414.16
2025-02-06,INFX,411.68
2025-02-07,INFX,402.91
2025-02-10,INFX,396.14
2025-02-11,INFX,396.82
2025-02-12,INFX,405.01
2025-02-13,INFX,402.02
2025-02-14,INFX,398.89
2025-02-17,INFX,408.12
2025-02-18,INFX,402.44
2025-02-19,INFX,393.91
2025-02-20,INFX,389.88
2025-02-21,INFX,386.74
2025-02-24,INFX,378.11
2025-02-25,INFX,377.73
2025-02-26,INFX,382.72
2025-02-27,INFX,376.49
2025-02-28,INFX,377.19
2025-03-03,INFX,379.42
2025-03-04,INFX,379.27
2025-03-05,INFX,380.46
2025-03-06,INFX,381.71
2025-03-07,INFX,377.89
2025-03-10,INFX,385.62
2025-03-11,INFX,392.23
2025-03-12,INFX,398.65
2025-03-13,INFX,404.25
2025-03-14,INFX,396.14
2025-03-17,INFX,401.25
2025-03-18,INFX,405.0
2025-03-19,INFX,397.08
2025-03-20,INFX,396.23
2025-03-21,INFX,397.95
2025-03-24,INFX,406.96
2025-03-25,INFX,411.13
2025-03-26,INFX,406.73
2025-03-27,INFX,416.1
2025-03-28,INFX,416.63
2025-03-31,INFX,415.52
2025-04-01,INFX,414.01
2025-04-02,INFX,405.44
2025-04-03,INFX,405.14
2025-04-04,INFX,408.07
2025-04-07,INFX,406.29
2025-04-08,INFX,408.82
2025-04-09,INFX,404.45
2025-04-10,INFX,403.98
2025-04-11,INFX,405.94
2025-04-14,INFX,407.24
2025-04-15,INFX,398.91
2025-04-16,INFX,396.87
2025-04-17,INFX,405.93
2025-04-18,INFX,403.57
2025-04-21,INFX,403.94
2025-04-22,INFX,403.76
2025-04-23,INFX,412.38
2025-04-24,INFX,419.68
2025-04-25,INFX,424.44
2025-04-28,INFX,419.29
2025-04-29,INFX,421.57
2025-04-30,INFX,425.02
2025-05-01,INFX,421.4
2025-05-02,INFX,416.86
2025-05-05,INFX,426.51
2025-05-06,INFX,425.12
2025-05-07,INFX,434.46
2025-05-08,INFX,440.48
2025-05-09,INFX,443.15
2025-05-12,INFX,446.1
2025-05-13,INFX,438.18
2025-05-14,INFX,439.68
2025-05-15,INFX,448.19
2025-05-16,INFX,452.53
2025-05-19,INFX,453.77
2025-05-20,INFX,464.32
2025-05-21,INFX,463.51
2025-05-22,INFX,460.05
2025-05-23,INFX,461.3
2025-05-26,INFX,466.28
2025-05-27,INFX,456.05
2025-05-28,INFX,458.08
2025-05-29,INFX,463.29
2025-05-30,INFX,461.96
2025-06-02,INFX,469.02
2025-06-03,INFX,473.31
2025-06-04,INFX,487.0
2025-06-05,INFX,482.52
2025-06-06,INFX,488.14
2025-06-09,INFX,481.94
2025-06-10,INFX,472.01
2025-06-11,INFX,459.67
2025-06-12,INFX,463.26
2025-06-13,INFX,464.7
2025-06-16,INFX,462.09
2025-06-17,INFX,451.61
2025-06-18,INFX,447.82
2025-06-19,INFX,448.15
2025-06-20,INFX,453.15
2025-06-23,INFX,453.36
2025-06-24,INFX,455.19
2025-06-25,INFX,453.25
2025-06-26,INFX,464.01
2025-06-27,INFX,458.11
2025-06-30,INFX,454.2
2025-07-01,INFX,451.57
2025-07-02,INFX,455.11
2025-07-03,INFX,449.2
2025-07-04,INFX,450.32
2025-07-07,INFX,451.61
2025-07-08,INFX,447.79
2025-07-09,INFX,450.05
2025-07-10,INFX,444.38
2025-07-11,INFX,438.15
2025-07-14,INFX,439.03
2025-07-15,INFX,429.73
2025-07-16,INFX,417.88
2025-07-17,INFX,421.11
2025-07-18,INFX,427.22
2025-07-21,INFX,424.89
2025-07-22,INFX,421.44
2025-07-23,INFX,427.32
2025-07-24,INFX,421.17
2025-07-25,INFX,413.89
2025-07-28,INFX,418.04
2025-07-29,INFX,418.38
2025-07-30,INFX,424.54
2025-07-31,INFX,412.86
2025-08-01,INFX,405.53
2025-08-04,INFX,405.89
2025-08-05,INFX,408.4
2025-08-06,INFX,413.25
2025-08-07,INFX,414.49
2025-08-08,INFX,415.67
2025-08-11,INFX,413.83
2025-08-12,INFX,422.79
2025-08-13,INFX,416.94
2025-08-14,INFX,419.2
2025-08-15,INFX,414.04
2025-08-18,INFX,417.24
2025-08-19,INFX,411.83
2025-08-20,INFX,416.15
2025-08-21,INFX,417.06
2025-08-22,INFX,426.94
2025-08-25,INFX,425.65
2025-08-26,INFX,428.33
2025-08-27,INFX,424.23
2025-08-28,INFX,422.92
2025-08-29,INFX,423.8
2025-09-01,INFX,415.56
2025-09-02,INFX,408.09
2025-09-03,INFX,411.6
2025-09-04,INFX,411.09
2025-09-05,INFX,408.16
2025-09-08,INFX,404.48
2025-09-09,INFX,401.04
2025-09-10,INFX,401.92
2025-09-11,INFX,404.55
2025-09-12,INFX,393.68
2025-09-15,INFX,401.28
2025-09-16,INFX,408.66
2025-09-17,INFX,396.39
2025-09-18,INFX,402.34
2025-09-19,INFX,408.21
2025-09-22,INFX,408.5
2025-09-23,INFX,401.8
2025-09-24,INFX,407.46
2025-09-25,INFX,406.44
2025-09-26,INFX,409.67
2025-09-29,INFX,421.93
2025-09-30,INFX,423.63
2025-10-01,INFX,418.8
2025-10-02,INFX,417.24
2025-10-03,INFX,413.19
2025-10-06,INFX,415.84
2025-10-07,INFX,411.71
2025-10-08,INFX,409.43
2025-10-09,INFX,402.78
2025-10-10,INFX,402.36
2025-10-13,INFX,403.58
2025-10-14,INFX,389.58
2025-10-15,INFX,391.18
2025-10-16,INFX,391.22
2025-10-17,INFX,387.55
2025-10-20,INFX,398.18
2025-10-21,INFX,403.48
2025-10-22,INFX,397.93
2025-10-23,INFX,402.61
2025-10-24,INFX,409.49
2025-10-27,INFX,410.49
2025-10-28,INFX,412.73
2025-10-29,INFX,414.86
2025-10-30,INFX,403.74
2025-10-31,INFX,403.03
2025-11-03,INFX,402.04
2025-11-04,INFX,409.89
2025-11-05,INFX,411.98
2025-11-06,INFX,410.65
2025-11-07,INFX,410.45
2025-11-10,INFX,416.27
2025-11-11,INFX,415.55
2025-11-12,INFX,412.01
2025-11-13,INFX,410.8
2025-11-14,INFX,416.18
2025-11-17,INFX,419.19
2025-11-18,INFX,419.73
2025-11-19,INFX,421.08
2025-11-20,INFX,418.27
2025-11-21,INFX,417.49
2025-11-24,INFX,414.13
2025-11-25,INFX,412.81
2025-11-26,INFX,420.42
2025-11-27,INFX,414.74
2025-11-28,INFX,411.26
2025-12-01,INFX,404.75
2025-12-02,INFX,397.18
2025-12-03,INFX,396.48
2025-12-04,INFX,393.53
2025-12-05,INFX,402.94
2025-12-08,INFX,401.72
2025-12-09,INFX,408.83
2025-12-10,INFX,414.33
2025-12-11,INFX,413.47
2025-12-12,INFX,425.26
2025-12-15,INFX,427.06
2025-12-16,INFX,435.87
2025-12-17,INFX,444.2
2025-12-18,INFX,446.94
2025-12-19,INFX,451.67
2025-12-22,INFX,455.7
2025-12-23,INFX,449.14
2025-12-24,INFX,449.8
2025-12-25,INFX,456.48
2025-12-26,INFX,465.98
2025-12-29,INFX,461.87
2025-12-30,INFX,465.42
2025-12-31,INFX,466.66
2024-01-01,FINX,386.8
2024-01-02,FINX,401.14
2024-01-03,FINX,410.63
2024-01-04,FINX,412.6
2024-01-05,FINX,421.21
2024-01-08,FINX,412.22
2024-01-09,FINX,416.03
2024-01-10,FINX,432.43
2024-01-11,FINX,430.73
2024-01-12,FINX,423.25
2024-01-15,FINX,417.66
2024-01-16,FINX,408.23
2024-01-17,FINX,401.68
2024-01-18,FINX,398.8
2024-01-19,FINX,387.11
2024-01-22,FINX,387.52
2024-01-23,FINX,395.28
2024-01-24,FINX,387.9
2024-01-25,FINX,400.79
2024-01-26,FINX,405.46
2024-01-29,FINX,414.69
2024-01-30,FINX,409.16
2024-01-31,FINX,416.94
2024-02-01,FINX,407.51
2024-02-02,FINX,415.57
2024-02-05,FINX,417.4
2024-02-06,FINX,422.65
2024-02-07,FINX,412.33
2024-02-08,FINX,404.75
2024-02-09,FINX,410.21
2024-02-12,FINX,402.2
2024-02-13,FINX,406.47
2024-02-14,FINX,394.89
2024-02-15,FINX,402.34
2024-02-16,FINX,392.04
2024-02-19,FINX,396.96
2024-02-20,FINX,402.56
2024-02-21,FINX,396.86
2024-02-22,FINX,402.09
2024-02-23,FINX,404.62
2024-02-26,FINX,400.26
2024-02-27,FINX,391.92
2024-02-28,FINX,375.76
2024-02-29,FINX,378.85
2024-03-01,FINX,366.45
2024-03-04,FINX,367.47
2024-03-05,FINX,365.67
2024-03-06,FINX,371.25
2024-03-07,FINX,369.12
2024-03-08,FINX,366.8
2024-03-11,FINX,372.81
2024-03-12,FINX,375.75
2024-03-13,FINX,378.57
2024-03-14,FINX,382.64
2024-03-15,FINX,370.36
2024-03-18,FINX,376.63
2024-03-19,FINX,381.84
2024-03-20,FINX,373.82
2024-03-21,FINX,372.14
2024-03-22,FINX,372.1
2024-03-25,FINX,371.31
2024-03-26,FINX,374.23
2024-03-27,FINX,385.96
2024-03-28,FINX,395.17
2024-03-29,FINX,384.37
2024-04-01,FINX,389.77
2024-04-02,FINX,401.13
2024-04-03,FINX,404.74
2024-04-04,FINX,414.48
2024-04-05,FINX,432.62
2024-04-08,FINX,442.41
2024-04-09,FINX,445.09
2024-04-10,FINX,455.36
2024-04-11,FINX,457.11
2024-04-12,FINX,457.68
2024-04-15,FINX,454.58
2024-04-16,FINX,470.11
2024-04-17,FINX,462.23
2024-04-18,FINX,477.71
2024-04-19,FINX,483.17
2024-04-22,FINX,469.07
2024-04-23,FINX,473.1
2024-04-24,FINX,452.2
2024-04-25,FINX,458.59
2024-04-26,FINX,467.6
2024-04-29,FINX,462.02
2024-04-30,FINX,463.58
2024-05-01,FINX,483.29
2024-05-02,FINX,478.42
2024-05-03,FINX,467.94
2024-05-06,FINX,483.11
2024-05-07,FINX,503.74
2024-05-08,FINX,504.15
2024-05-09,FINX,515.42
2024-05-10,FINX,530.59
2024-05-13,FINX,522.55
2024-05-14,FINX,517.52
2024-05-15,FINX,531.52
2024-05-16,FINX,551.06
2024-05-17,FINX,558.09
2024-05-20,FINX,548.01
2024-05-21,FINX,571.69
2024-05-22,FINX,565.62
2024-05-23,FINX,561.99
2024-05-24,FINX,566.51
2024-05-27,FINX,585.75
2024-05-28,FINX,596.88
2024-05-29,FINX,602.61
2024-05-30,FINX,609.03
2024-05-31,FINX,610.04
2024-06-03,FINX,617.77
2024-06-04,FINX,584.81
2024-06-05,FINX,581.53
2024-06-06,FINX,584.96
2024-06-07,FINX,571.0
2024-06-10,FINX,576.13
2024-06-11,FINX,574.04
2024-06-12,FINX,596.01
2024-06-13,FINX,616.49
2024-06-14,FINX,610.8
2024-06-17,FINX,609.28
2024-06-18,FINX,608.77
2024-06-19,FINX,603.34
2024-06-20,FINX,606.3
2024-06-21,FINX,596.91
2024-06-24,FINX,582.92
2024-06-25,FINX,591.11
2024-06-26,FINX,599.5
2024-06-27,FINX,589.64
2024-06-28,FINX,601.36
2024-07-01,FINX,593.68
2024-07-02,FINX,597.33
2024-07-03,FINX,608.25
2024-07-04,FINX,608.26
2024-07-05,FINX,614.62
2024-07-08,FINX,608.28
2024-07-09,FINX,606.18
2024-07-10,FINX,603.95
2024-07-11,FINX,594.76
2024-07-12,FINX,592.95
2024-07-15,FINX,573.75
2024-07-16,FINX,568.15
2024-07-17,FINX,565.11
2024-07-18,FINX,562.43
2024-07-19,FINX,559.94
2024-07-22,FINX,559.61
2024-07-23,FINX,565.76
2024-07-24,FINX,576.75
2024-07-25,FINX,569.16
2024-07-26,FINX,554.94
2024-07-29,FINX,542.98
2024-07-30,FINX,537.73
2024-07-31,FINX,534.08
2024-08-01,FINX,525.68
2024-08-02,FINX,511.5
2024-08-05,FINX,506.89
2024-08-06,FINX,509.22
2024-08-07,FINX,516.08
2024-08-08,FINX,510.31
2024-08-09,FINX,506.18
2024-08-12,FINX,496.52
2024-08-13,FINX,496.55
2024-08-14,FINX,487.91
2024-08-15,FINX,494.25
2024-08-16,FINX,475.74
2024-08-19,FINX,472.43
2024-08-20,FINX,475.82
2024-08-21,FINX,478.04
2024-08-22,FINX,505.92
2024-08-23,FINX,510.07
2024-08-26,FINX,499.5
2024-08-27,FINX,498.85
2024-08-28,FINX,480.27
2024-08-29,FINX,479.79
2024-08-30,FINX,471.6
2024-09-02,FINX,481.18
2024-09-03,FINX,475.88
2024-09-04,FINX,475.04
2024-09-05,FINX,468.93
2024-09-06,FINX,486.71
2024-09-09,FINX,483.73
2024-09-10,FINX,503.04
2024-09-11,FINX,512.16
2024-09-12,FINX,517.82
2024-09-13,FINX,522.28
2024-09-16,FINX,527.07
2024-09-17,FINX,505.73
2024-09-18,FINX,503.09
2024-09-19,FINX,512.55
2024-09-20,FINX,512.39
2024-09-23,FINX,497.37
2024-09-24,FINX,497.18
2024-09-25,FINX,515.66
2024-09-26,FINX,529.79
2024-09-27,FINX,529.48
2024-09-30,FINX,540.64
2024-10-01,FINX,536.8
2024-10-02,FINX,517.64
2024-10-03,FINX,507.79
2024-10-04,FINX,525.13
2024-10-07,FINX,522.44
2024-10-08,FINX,520.1
2024-10-09,FINX,517.15
2024-10-10,FINX,538.59
2024-10-11,FINX,557.71
2024-10-14,FINX,584.57
2024-10-15,FINX,583.02
2024-10-16,FINX,587.13
2024-10-17,FINX,568.52
2024-10-18,FINX,586.89
2024-10-21,FINX,572.67
2024-10-22,FINX,575.75
2024-10-23,FINX,562.66
2024-10-24,FINX,555.99
2024-10-25,FINX,546.45
2024-10-28,FINX,539.75
2024-10-29,FINX,533.93
2024-10-30,FINX,528.06
2024-10-31,FINX,537.86
2024-11-01,FINX,525.55
2024-11-04,FINX,528.41
2024-11-05,FINX,542.56
2024-11-06,FINX,537.01
2024-11-07,FINX,529.16
2024-11-08,FINX,526.94
2024-11-11,FINX,540.62
2024-11-12,FINX,543.26
2024-11-13,FINX,537.49
2024-11-14,FINX,543.45
2024-11-15,FINX,531.04
2024-11-18,FINX,539.16
2024-11-19,FINX,544.27
2024-11-20,FINX,541.09
2024-11-21,FINX,531.79
2024-11-22,FINX,522.1
2024-11-25,FINX,528.45
2024-11-26,FINX,542.73
2024-11-27,FINX,535.73
2024-11-28,FINX,541.37
2024-11-29,FINX,517.62
2024-12-02,FINX,511.53
2024-12-03,FINX,511.56
2024-12-04,FINX,501.99
2024-12-05,FINX,492.31
2024-12-06,FINX,485.64
2024-12-09,FINX,489.03
2024-12-10,FINX,487.43
2024-12-11,FINX,464.47
2024-12-12,FINX,443.75
2024-12-13,FINX,438.32
2024-12-16,FINX,442.93
2024-12-17,FINX,417.23
2024-12-18,FINX,413.08
2024-12-19,FINX,408.74
2024-12-20,FINX,421.17
2024-12-23,FINX,418.02
2024-12-24,FINX,421.75
2024-12-25,FINX,423.33
2024-12-26,FINX,404.36
2024-12-27,FINX,411.3
2024-12-30,FINX,413.49
2024-12-31,FINX,418.29
2025-01-01,FINX,453.71
2025-01-02,FINX,433.83
2025-01-03,FINX,450.15
2025-01-06,FINX,447.71
2025-01-07,FINX,450.79
2025-01-08,FINX,450.68
2025-01-09,FINX,446.93
2025-01-10,FINX,441.81
2025-01-13,FINX,445.25
2025-01-14,FINX,431.13
2025-01-15,FINX,438.37
2025-01-16,FINX,434.79
2025-01-17,FINX,424.61
2025-01-20,FINX,420.83
2025-01-21,FINX,432.45
2025-01-22,FINX,427.82
2025-01-23,FINX,431.42
2025-01-24,FINX,424.99
2025-01-27,FINX,432.19
2025-01-28,FINX,438.84
2025-01-29,FINX,456.51
2025-01-30,FINX,455.13
2025-01-31,FINX,461.97
2025-02-03,FINX,463.28
2025-02-04,FINX,476.46
2025-02-05,FINX,469.49
2025-02-06,FINX,477.31
2025-02-07,FINX,475.68
2025-02-10,FINX,475.37
2025-02-11,FINX,476.66
2025-02-12,FINX,479.58
2025-02-13,FINX,478.74
2025-02-14,FINX,481.29
2025-02-17,FINX,497.88
2025-02-18,FINX,508.74
2025-02-19,FINX,518.57
2025-02-20,FINX,513.9
2025-02-21,FINX,504.5
2025-02-24,FINX,515.18
2025-02-25,FINX,525.21
2025-02-26,FINX,542.13
2025-02-27,FINX,535.53
2025-02-28,FINX,533.3
2025-03-03,FINX,514.99
2025-03-04,FINX,511.05
2025-03-05,FINX,522.32
2025-03-06,FINX,517.49
2025-03-07,FINX,524.96
2025-03-10,FINX,523.21
2025-03-11,FINX,527.22
2025-03-12,FINX,514.67
2025-03-13,FINX,515.98
2025-03-14,FINX,483.37
2025-03-17,FINX,481.79
2025-03-18,FINX,465.35
2025-03-19,FINX,477.69
2025-03-20,FINX,485.98
2025-03-21,FINX,491.19
2025-03-24,FINX,507.52
2025-03-25,FINX,497.6
2025-03-26,FINX,516.56
2025-03-27,FINX,527.23
2025-03-28,FINX,524.95
2025-03-31,FINX,538.08
2025-04-01,FINX,525.75
2025-04-02,FINX,516.87
2025-04-03,FINX,510.53
2025-04-04,FINX,505.13
2025-04-07,FINX,494.09
2025-04-08,FINX,507.37
2025-04-09,FINX,504.94
2025-04-10,FINX,509.12
2025-04-11,FINX,503.28
2025-04-14,FINX,484.06
2025-04-15,FINX,487.21
2025-04-16,FINX,467.65
2025-04-17,FINX,467.31
2025-04-18,FINX,453.98
2025-04-21,FINX,473.6
2025-04-22,FINX,483.18
2025-04-23,FINX,484.63
2025-04-24,FINX,498.08
2025-04-25,FINX,489.43
2025-04-28,FINX,495.48
2025-04-29,FINX,497.96
2025-04-30,FINX,501.14
2025-05-01,FINX,515.14
2025-05-02,FINX,523.59
2025-05-05,FINX,527.21
2025-05-06,FINX,508.94
2025-05-07,FINX,498.87
2025-05-08,FINX,497.93
2025-05-09,FINX,499.29
2025-05-12,FINX,487.59
2025-05-13,FINX,513.09
2025-05-14,FINX,530.1
2025-05-15,FINX,537.32
2025-05-16,FINX,538.54
2025-05-19,FINX,536.49
2025-05-20,FINX,525.97
2025-05-21,FINX,527.23
2025-05-22,FINX,530.52
2025-05-23,FINX,516.82
2025-05-26,FINX,520.9
2025-05-27,FINX,519.55
2025-05-28,FINX,498.74
2025-05-29,FINX,489.93
2025-05-30,FINX,485.96
2025-06-02,FINX,505.93
2025-06-03,FINX,512.32
2025-06-04,FINX,498.07
2025-06-05,FINX,503.62
2025-06-06,FINX,487.33
2025-06-09,FINX,498.96
2025-06-10,FINX,494.31
2025-06-11,FINX,493.68
2025-06-12,FINX,508.04
2025-06-13,FINX,494.43
2025-06-16,FINX,480.02
2025-06-17,FINX,474.39
2025-06-18,FINX,485.27
2025-06-19,FINX,469.86
2025-06-20,FINX,441.76
2025-06-23,FINX,437.82
2025-06-24,FINX,443.31
2025-06-25,FINX,455.01
2025-06-26,FINX,450.84
2025-06-27,FINX,447.2
2025-06-30,FINX,458.57
2025-07-01,FINX,440.57
2025-07-02,FINX,437.24
2025-07-03,FINX,439.34
2025-07-04,FINX,443.88
2025-07-07,FINX,439.37
2025-07-08,FINX,440.02
2025-07-09,FINX,416.93
2025-07-10,FINX,411.37
2025-07-11,FINX,415.66
2025-07-14,FINX,407.24
2025-07-15,FINX,408.05
2025-07-16,FINX,412.25
2025-07-17,FINX,409.53
2025-07-18,FINX,411.33
2025-07-21,FINX,403.16
2025-07-22,FINX,401.68
2025-07-23,FINX,407.21
2025-07-24,FINX,408.88
2025-07-25,FINX,404.05
2025-07-28,FINX,406.29
2025-07-29,FINX,412.79
2025-07-30,FINX,395.01
2025-07-31,FINX,405.09
2025-08-01,FINX,402.47
2025-08-04,FINX,406.43
2025-08-05,FINX,417.13
2025-08-06,FINX,405.2
2025-08-07,FINX,399.36
2025-08-08,FINX,397.19
2025-08-11,FINX,390.82
2025-08-12,FINX,405.61
2025-08-13,FINX,398.48
2025-08-14,FINX,394.04
2025-08-15,FINX,396.05
2025-08-18,FINX,386.16
2025-08-19,FINX,383.18
2025-08-20,FINX,386.06
2025-08-21,FINX,383.6
2025-08-22,FINX,383.11
2025-08-25,FINX,379.06
2025-08-26,FINX,367.06
2025-08-27,FINX,369.86
2025-08-28,FINX,384.01
2025-08-29,FINX,384.44
2025-09-01,FINX,386.58
2025-09-02,FINX,392.59
2025-09-03,FINX,382.22
2025-09-04,FINX,396.41
2025-09-05,FINX,398.42
2025-09-08,FINX,412.61
2025-09-09,FINX,406.45
2025-09-10,FINX,422.55
2025-09-11,FINX,429.86
2025-09-12,FINX,435.26
2025-09-15,FINX,437.76
2025-09-16,FINX,435.76
2025-09-17,FINX,447.26
2025-09-18,FINX,448.93
2025-09-19,FINX,430.38
2025-09-22,FINX,420.42
2025-09-23,FINX,419.06
2025-09-24,FINX,422.14
2025-09-25,FINX,421.94
2025-09-26,FINX,433.25
2025-09-29,FINX,415.5
2025-09-30,FINX,417.08
2025-10-01,FINX,401.17
2025-10-02,FINX,407.99
2025-10-03,FINX,407.46
2025-10-06,FINX,411.42
2025-10-07,FINX,404.12
2025-10-08,FINX,415.47
2025-10-09,FINX,425.03
2025-10-10,FINX,430.65
2025-10-13,FINX,429.77
2025-10-14,FINX,435.42
2025-10-15,FINX,429.16
2025-10-16,FINX,437.32
2025-10-17,FINX,453.07
2025-10-20,FINX,463.77
2025-10-21,FINX,456.88
2025-10-22,FINX,460.74
2025-10-23,FINX,448.34
2025-10-24,FINX,454.16
2025-10-27,FINX,458.87
2025-10-28,FINX,440.86
2025-10-29,FINX,430.24
2025-10-30,FINX,427.95
2025-10-31,FINX,425.51
2025-11-03,FINX,414.82
2025-11-04,FINX,418.58
2025-11-05,FINX,421.13
2025-11-06,FINX,419.7
2025-11-07,FINX,413.22
2025-11-10,FINX,422.79
2025-11-11,FINX,438.07
2025-11-12,FINX,433.86
2025-11-13,FINX,428.5
2025-11-14,FINX,433.32
2025-11-17,FINX,430.32
2025-11-18,FINX,429.35
2025-11-19,FINX,436.46
2025-11-20,FINX,418.96
2025-11-21,FINX,431.08
2025-11-24,FINX,432.07
2025-11-25,FINX,428.58
2025-11-26,FINX,428.08
2025-11-27,FINX,428.05
2025-11-28,FINX,412.52
2025-12-01,FINX,426.01
2025-12-02,FINX,426.7
2025-12-03,FINX,431.06
2025-12-04,FINX,440.14
2025-12-05,FINX,430.86
2025-12-08,FINX,435.54
2025-12-09,FINX,433.36
2025-12-10,FINX,441.53
2025-12-11,FINX,421.77
2025-12-12,FINX,421.19
2025-12-15,FINX,416.07
2025-12-16,FINX,420.22
2025-12-17,FINX,424.75
2025-12-18,FINX,418.64
2025-12-19,FINX,412.57
2025-12-22,FINX,411.9
2025-12-23,FINX,404.31
2025-12-24,FINX,411.88
2025-12-25,FINX,408.93
2025-12-26,FINX,383.82
2025-12-29,FINX,381.03
2025-12-30,FINX,372.85
2025-12-31,FINX,360.12
2024-01-01,PRIM,291.8
2024-01-02,PRIM,295.73
2024-01-03,PRIM,294.85
2024-01-04,PRIM,293.98
2024-01-05,PRIM,289.64
2024-01-08,PRIM,282.46
2024-01-09,PRIM,291.43
2024-01-10,PRIM,286.81
2024-01-11,PRIM,295.23
2024-01-12,PRIM,290.57
2024-01-15,PRIM,293.47
2024-01-16,PRIM,287.33
2024-01-17,PRIM,290.19
2024-01-18,PRIM,288.49
2024-01-19,PRIM,286.88
2024-01-22,PRIM,290.19
2024-01-23,PRIM,287.72
2024-01-24,PRIM,280.15
2024-01-25,PRIM,284.17
2024-01-26,PRIM,278.18
2024-01-29,PRIM,280.91
2024-01-30,PRIM,286.05
2024-01-31,PRIM,284.11
2024-02-01,PRIM,290.42
2024-02-02,PRIM,293.08
2024-02-05,PRIM,289.35
2024-02-06,PRIM,296.95
2024-02-07,PRIM,290.71
2024-02-08,PRIM,288.74
2024-02-09,PRIM,287.69
2024-02-12,PRIM,290.99
2024-02-13,PRIM,297.08
2024-02-14,PRIM,302.96
2024-02-15,PRIM,304.28
2024-02-16,PRIM,302.76
2024-02-19,PRIM,292.55
2024-02-20,PRIM,285.47
2024-02-21,PRIM,294.9
2024-02-22,PRIM,284.91
2024-02-23,PRIM,280.81
2024-02-26,PRIM,286.85
2024-02-27,PRIM,288.03
2024-02-28,PRIM,293.05
2024-02-29,PRIM,296.07
2024-03-01,PRIM,304.22
2024-03-04,PRIM,305.95
2024-03-05,PRIM,309.79
2024-03-06,PRIM,305.69
2024-03-07,PRIM,309.08
2024-03-08,PRIM,306.87
2024-03-11,PRIM,304.35
2024-03-12,PRIM,309.48
2024-03-13,PRIM,314.73
2024-03-14,PRIM,324.67
2024-03-15,PRIM,334.53
2024-03-18,PRIM,340.3
2024-03-19,PRIM,329.5
2024-03-20,PRIM,340.76
2024-03-21,PRIM,346.64
2024-03-22,PRIM,341.78
2024-03-25,PRIM,346.49
2024-03-26,PRIM,339.88
2024-03-27,PRIM,343.86
2024-03-28,PRIM,335.52
2024-03-29,PRIM,330.56
2024-04-01,PRIM,334.99
2024-04-02,PRIM,341.74
2024-04-03,PRIM,343.88
2024-04-04,PRIM,342.12
2024-04-05,PRIM,328.75
2024-04-08,PRIM,327.54
2024-04-09,PRIM,330.86
2024-04-10,PRIM,328.98
2024-04-11,PRIM,328.92
2024-04-12,PRIM,327.85
2024-04-15,PRIM,325.96
2024-04-16,PRIM,326.49
2024-04-17,PRIM,324.91
2024-04-18,PRIM,333.69
2024-04-19,PRIM,320.08
2024-04-22,PRIM,316.9
2024-04-23,PRIM,311.84
2024-04-24,PRIM,313.18
2024-04-25,PRIM,313.7
2024-04-26,PRIM,323.22
2024-04-29,PRIM,335.0
2024-04-30,PRIM,330.26
2024-05-01,PRIM,330.34
2024-05-02,PRIM,331.61
2024-05-03,PRIM,326.77
2024-05-06,PRIM,330.65
2024-05-07,PRIM,329.25
2024-05-08,PRIM,322.79
2024-05-09,PRIM,321.18
2024-05-10,PRIM,315.3
2024-05-13,PRIM,321.44
2024-05-14,PRIM,332.86
2024-05-15,PRIM,334.45
2024-05-16,PRIM,335.21
2024-05-17,PRIM,336.23
2024-05-20,PRIM,343.69
2024-05-21,PRIM,351.17
2024-05-22,PRIM,350.49
2024-05-23,PRIM,352.21
2024-05-24,PRIM,356.56
2024-05-27,PRIM,349.1
2024-05-28,PRIM,357.04
2024-05-29,PRIM,368.62
2024-05-30,PRIM,376.68
2024-05-31,PRIM,368.04
2024-06-03,PRIM,354.65
2024-06-04,PRIM,359.39
2024-06-05,PRIM,354.39
2024-06-06,PRIM,356.36
2024-06-07,PRIM,366.6
2024-06-10,PRIM,362.2
2024-06-11,PRIM,359.74
2024-06-12,PRIM,361.67
2024-06-13,PRIM,353.02
2024-06-14,PRIM,348.13
2024-06-17,PRIM,348.36
2024-06-18,PRIM,346.49
2024-06-19,PRIM,350.48
2024-06-20,PRIM,368.57
2024-06-21,PRIM,369.33
2024-06-24,PRIM,363.63
2024-06-25,PRIM,373.29
2024-06-26,PRIM,362.35
2024-06-27,PRIM,353.08
2024-06-28,PRIM,349.25
2024-07-01,PRIM,347.49
2024-07-02,PRIM,343.56
2024-07-03,PRIM,343.44
2024-07-04,PRIM,345.26
2024-07-05,PRIM,352.19
2024-07-08,PRIM,352.86
2024-07-09,PRIM,349.25
2024-07-10,PRIM,355.91
2024-07-11,PRIM,350.58
2024-07-12,PRIM,340.02
2024-07-15,PRIM,347.71
2024-07-16,PRIM,355.16
2024-07-17,PRIM,350.01
2024-07-18,PRIM,347.49
2024-07-19,PRIM,341.64
2024-07-22,PRIM,343.79
2024-07-23,PRIM,354.93
2024-07-24,PRIM,359.64
2024-07-25,PRIM,366.64
2024-07-26,PRIM,372.3
2024-07-29,PRIM,372.38
2024-07-30,PRIM,379.95
2024-07-31,PRIM,385.29
2024-08-01,PRIM,395.68
2024-08-02,PRIM,392.38
2024-08-05,PRIM,379.8
2024-08-06,PRIM,387.25
2024-08-07,PRIM,389.85
2024-08-08,PRIM,387.79
2024-08-09,PRIM,386.14
2024-08-12,PRIM,404.55
2024-08-13,PRIM,399.81
2024-08-14,PRIM,393.56
2024-08-15,PRIM,394.27
2024-08-16,PRIM,403.0
2024-08-19,PRIM,420.14
2024-08-20,PRIM,425.36
2024-08-21,PRIM,415.41
2024-08-22,PRIM,430.71
2024-08-23,PRIM,430.65
2024-08-26,PRIM,424.04
2024-08-27,PRIM,415.63
2024-08-28,PRIM,422.17
2024-08-29,PRIM,424.14
2024-08-30,PRIM,426.95
2024-09-02,PRIM,437.24
2024-09-03,PRIM,430.82
2024-09-04,PRIM,441.85
2024-09-05,PRIM,437.68
2024-09-06,PRIM,455.37
2024-09-09,PRIM,460.53
2024-09-10,PRIM,452.76
2024-09-11,PRIM,435.81
2024-09-12,PRIM,442.46
2024-09-13,PRIM,439.47
2024-09-16,PRIM,438.3
2024-09-17,PRIM,444.63
2024-09-18,PRIM,453.07
2024-09-19,PRIM,463.47
2024-09-20,PRIM,453.45
2024-09-23,PRIM,465.56
2024-09-24,PRIM,460.65
2024-09-25,PRIM,441.44
2024-09-26,PRIM,431.87
2024-09-27,PRIM,433.71
2024-09-30,PRIM,425.91
2024-10-01,PRIM,425.31
2024-10-02,PRIM,428.07
2024-10-03,PRIM,426.72
2024-10-04,PRIM,422.89
2024-10-07,PRIM,413.15
2024-10-08,PRIM,413.41
2024-10-09,PRIM,397.64
2024-10-10,PRIM,392.65
2024-10-11,PRIM,385.97
2024-10-14,PRIM,384.34
2024-10-15,PRIM,382.89
2024-10-16,PRIM,389.8
2024-10-17,PRIM,401.36
2024-10-18,PRIM,393.11
2024-10-21,PRIM,407.74
2024-10-22,PRIM,401.93
2024-10-23,PRIM,403.3
2024-10-24,PRIM,407.22
2024-10-25,PRIM,425.8
2024-10-28,PRIM,421.6
2024-10-29,PRIM,407.61
2024-10-30,PRIM,418.99
2024-10-31,PRIM,412.59
2024-11-01,PRIM,409.91
2024-11-04,PRIM,401.48
2024-11-05,PRIM,398.89
2024-11-06,PRIM,392.75
2024-11-07,PRIM,397.77
2024-11-08,PRIM,398.45
2024-11-11,PRIM,393.49
2024-11-12,PRIM,400.86
2024-11-13,PRIM,402.84
2024-11-14,PRIM,389.11
2024-11-15,PRIM,395.84
2024-11-18,PRIM,397.28
2024-11-19,PRIM,407.64
2024-11-20,PRIM,408.66
2024-11-21,PRIM,402.74
2024-11-22,PRIM,401.29
2024-11-25,PRIM,407.37
2024-11-26,PRIM,401.63
2024-11-27,PRIM,398.43
2024-11-28,PRIM,396.87
2024-11-29,PRIM,388.48
2024-12-02,PRIM,383.1
2024-12-03,PRIM,384.41
2024-12-04,PRIM,393.08
2024-12-05,PRIM,395.48
2024-12-06,PRIM,395.23
2024-12-09,PRIM,389.21
2024-12-10,PRIM,397.21
2024-12-11,PRIM,400.5
2024-12-12,PRIM,395.32
2024-12-13,PRIM,402.01
2024-12-16,PRIM,406.27
2024-12-17,PRIM,400.22
2024-12-18,PRIM,399.55
2024-12-19,PRIM,395.98
2024-12-20,PRIM,415.44
2024-12-23,PRIM,419.63
2024-12-24,PRIM,421.17
2024-12-25,PRIM,424.96
2024-12-26,PRIM,435.94
2024-12-27,PRIM,435.36
2024-12-30,PRIM,430.68
2024-12-31,PRIM,437.53
2025-01-01,PRIM,436.2
2025-01-02,PRIM,427.62
2025-01-03,PRIM,417.67
2025-01-06,PRIM,429.62
2025-01-07,PRIM,430.76
2025-01-08,PRIM,426.14
2025-01-09,PRIM,424.37
2025-01-10,PRIM,430.83
2025-01-13,PRIM,428.57
2025-01-14,PRIM,417.12
2025-01-15,PRIM,419.74
2025-01-16,PRIM,429.25
2025-01-17,PRIM,438.44
2025-01-20,PRIM,433.98
2025-01-21,PRIM,444.31
2025-01-22,PRIM,446.16
2025-01-23,PRIM,456.54
2025-01-24,PRIM,461.51
2025-01-27,PRIM,448.56
2025-01-28,PRIM,463.21
2025-01-29,PRIM,463.76
2025-01-30,PRIM,468.82
2025-01-31,PRIM,457.22
2025-02-03,PRIM,461.61
2025-02-04,PRIM,471.16
2025-02-05,PRIM,488.21
2025-02-06,PRIM,501.01
2025-02-07,PRIM,506.28
2025-02-10,PRIM,491.86
2025-02-11,PRIM,493.17
2025-02-12,PRIM,487.85
2025-02-13,PRIM,490.08
2025-02-14,PRIM,479.11
2025-02-17,PRIM,477.34
2025-02-18,PRIM,472.86
2025-02-19,PRIM,468.14
2025-02-20,PRIM,463.56
2025-02-21,PRIM,462.49
2025-02-24,PRIM,465.05
2025-02-25,PRIM,443.56
2025-02-26,PRIM,424.07
2025-02-27,PRIM,421.49
2025-02-28,PRIM,420.03
2025-03-03,PRIM,421.6
2025-03-04,PRIM,415.99
2025-03-05,PRIM,416.15
2025-03-06,PRIM,417.21
2025-03-07,PRIM,411.61
2025-03-10,PRIM,419.45
2025-03-11,PRIM,420.92
2025-03-12,PRIM,425.28
2025-03-13,PRIM,425.92
2025-03-14,PRIM,442.66
2025-03-17,PRIM,447.65
2025-03-18,PRIM,443.69
2025-03-19,PRIM,450.55
2025-03-20,PRIM,436.94
2025-03-21,PRIM,438.0
2025-03-24,PRIM,440.7
2025-03-25,PRIM,441.86
2025-03-26,PRIM,439.22
2025-03-27,PRIM,431.05
2025-03-28,PRIM,424.82
2025-03-31,PRIM,425.71
2025-04-01,PRIM,417.0
2025-04-02,PRIM,430.8
2025-04-03,PRIM,409.75
2025-04-04,PRIM,407.38
2025-04-07,PRIM,408.3
2025-04-08,PRIM,412.24
2025-04-09,PRIM,405.31
2025-04-10,PRIM,413.94
2025-04-11,PRIM,403.31
2025-04-14,PRIM,399.15
2025-04-15,PRIM,403.84
2025-04-16,PRIM,411.73
2025-04-17,PRIM,401.08
2025-04-18,PRIM,420.87
2025-04-21,PRIM,413.95
2025-04-22,PRIM,403.94
2025-04-23,PRIM,407.8
2025-04-24,PRIM,405.25
2025-04-25,PRIM,401.6
2025-04-28,PRIM,406.13
2025-04-29,PRIM,394.69
2025-04-30,PRIM,382.29
2025-05-01,PRIM,378.13
2025-05-02,PRIM,385.78
2025-05-05,PRIM,381.89
2025-05-06,PRIM,393.32
2025-05-07,PRIM,402.18
2025-05-08,PRIM,404.38
2025-05-09,PRIM,407.02
2025-05-12,PRIM,409.24
2025-05-13,PRIM,410.54
2025-05-14,PRIM,407.84
2025-05-15,PRIM,406.03
2025-05-16,PRIM,398.04
2025-05-19,PRIM,381.78
2025-05-20,PRIM,389.7
2025-05-21,PRIM,390.92
2025-05-22,PRIM,391.05
2025-05-23,PRIM,394.02
2025-05-26,PRIM,388.04
2025-05-27,PRIM,380.91
2025-05-28,PRIM,378.98
2025-05-29,PRIM,388.7
2025-05-30,PRIM,380.34
2025-06-02,PRIM,361.85
2025-06-03,PRIM,358.43
2025-06-04,PRIM,366.11
2025-06-05,PRIM,354.41
2025-06-06,PRIM,346.71
2025-06-09,PRIM,348.48
2025-06-10,PRIM,365.19
2025-06-11,PRIM,356.06
2025-06-12,PRIM,346.89
2025-06-13,PRIM,349.15
2025-06-16,PRIM,357.04
2025-06-17,PRIM,352.97
2025-06-18,PRIM,342.41
2025-06-19,PRIM,345.25
2025-06-20,PRIM,349.26
2025-06-23,PRIM,360.88
2025-06-24,PRIM,365.36
2025-06-25,PRIM,371.06
2025-06-26,PRIM,369.33
2025-06-27,PRIM,386.17
2025-06-30,PRIM,383.39
2025-07-01,PRIM,379.11
2025-07-02,PRIM,391.94
2025-07-03,PRIM,381.29
2025-07-04,PRIM,368.28
2025-07-07,PRIM,369.18
2025-07-08,PRIM,369.25
2025-07-09,PRIM,367.76
2025-07-10,PRIM,374.63
2025-07-11,PRIM,368.39
2025-07-14,PRIM,368.91
2025-07-15,PRIM,366.52
2025-07-16,PRIM,360.53
2025-07-17,PRIM,360.19
2025-07-18,PRIM,365.97
2025-07-21,PRIM,380.47
2025-07-22,PRIM,384.64
2025-07-23,PRIM,366.78
2025-07-24,PRIM,366.6
2025-07-25,PRIM,367.02
2025-07-28,PRIM,373.48
2025-07-29,PRIM,374.84
2025-07-30,PRIM,383.65
2025-07-31,PRIM,386.52
2025-08-01,PRIM,397.8
2025-08-04,PRIM,394.64
2025-08-05,PRIM,395.78
2025-08-06,PRIM,401.95
2025-08-07,PRIM,397.76
2025-08-08,PRIM,392.01
2025-08-11,PRIM,387.51
2025-08-12,PRIM,382.19
2025-08-13,PRIM,385.99
2025-08-14,PRIM,372.91
2025-08-15,PRIM,362.21
2025-08-18,PRIM,374.82
2025-08-19,PRIM,369.85
2025-08-20,PRIM,371.3
2025-08-21,PRIM,361.11
2025-08-22,PRIM,361.82
2025-08-25,PRIM,357.06
2025-08-26,PRIM,346.77
2025-08-27,PRIM,355.46
2025-08-28,PRIM,363.34
2025-08-29,PRIM,362.69
2025-09-01,PRIM,369.51
2025-09-02,PRIM,382.65
2025-09-03,PRIM,388.09
2025-09-04,PRIM,391.64
2025-09-05,PRIM,393.17
2025-09-08,PRIM,398.0
2025-09-09,PRIM,395.39
2025-09-10,PRIM,393.44
2025-09-11,PRIM,396.82
2025-09-12,PRIM,393.41
2025-09-15,PRIM,390.82
2025-09-16,PRIM,390.91
2025-09-17,PRIM,399.35
2025-09-18,PRIM,391.03
2025-09-19,PRIM,396.63
2025-09-22,PRIM,402.55
2025-09-23,PRIM,408.51
2025-09-24,PRIM,402.47
2025-09-25,PRIM,389.9
2025-09-26,PRIM,394.04
2025-09-29,PRIM,395.5
2025-09-30,PRIM,402.96
2025-10-01,PRIM,397.8
2025-10-02,PRIM,403.5
2025-10-03,PRIM,411.49
2025-10-06,PRIM,410.85
2025-10-07,PRIM,414.12
2025-10-08,PRIM,417.15
2025-10-09,PRIM,410.87
2025-10-10,PRIM,415.01
2025-10-13,PRIM,427.61
2025-10-14,PRIM,427.88
2025-10-15,PRIM,416.36
2025-10-16,PRIM,411.13
2025-10-17,PRIM,397.63
2025-10-20,PRIM,407.24
2025-10-21,PRIM,413.11
2025-10-22,PRIM,409.35
2025-10-23,PRIM,398.65
2025-10-24,PRIM,392.57
2025-10-27,PRIM,387.99
2025-10-28,PRIM,388.86
2025-10-29,PRIM,389.49
2025-10-30,PRIM,399.29
2025-10-31,PRIM,394.23
2025-11-03,PRIM,383.27
2025-11-04,PRIM,375.11
2025-11-05,PRIM,375.03
2025-11-06,PRIM,370.03
2025-11-07,PRIM,368.1
2025-11-10,PRIM,365.08
2025-11-11,PRIM,371.87
2025-11-12,PRIM,367.89
2025-11-13,PRIM,365.39
2025-11-14,PRIM,370.34
2025-11-17,PRIM,366.53
2025-11-18,PRIM,369.49
2025-11-19,PRIM,371.85
2025-11-20,PRIM,372.91
2025-11-21,PRIM,365.13
2025-11-24,PRIM,373.55
2025-11-25,PRIM,389.04
2025-11-26,PRIM,389.18
2025-11-27,PRIM,381.7
2025-11-28,PRIM,381.99
2025-12-01,PRIM,389.1
2025-12-02,PRIM,384.73
2025-12-03,PRIM,383.89
2025-12-04,PRIM,386.4
2025-12-05,PRIM,395.12
2025-12-08,PRIM,400.9
2025-12-09,PRIM,407.07
2025-12-10,PRIM,403.93
2025-12-11,PRIM,407.03
2025-12-12,PRIM,401.66
2025-12-15,PRIM,408.06
2025-12-16,PRIM,416.87
2025-12-17,PRIM,421.25
2025-12-18,PRIM,418.46
2025-12-19,PRIM,416.97
2025-12-22,PRIM,431.05
2025-12-23,PRIM,428.33
2025-12-24,PRIM,436.78
2025-12-25,PRIM,439.62
2025-12-26,PRIM,436.99
2025-12-29,PRIM,426.16
2025-12-30,PRIM,427.93
2025-12-31,PRIM,428.75
2024-01-01,INVB,335.12
2024-01-02,INVB,339.27
2024-01-03,INVB,345.81
2024-01-04,INVB,355.4
2024-01-05,INVB,363.98
2024-01-08,INVB,371.25
2024-01-09,INVB,368.79
2024-01-10,INVB,364.21
2024-01-11,INVB,367.09
2024-01-12,INVB,374.92
2024-01-15,INVB,373.21
2024-01-16,INVB,382.28
2024-01-17,INVB,394.9
2024-01-18,INVB,386.95
2024-01-19,INVB,379.85
2024-01-22,INVB,378.82
2024-01-23,INVB,381.59
2024-01-24,INVB,377.26
2024-01-25,INVB,388.86
2024-01-26,INVB,392.73
2024-01-29,INVB,393.24
2024-01-30,INVB,380.74
2024-01-31,INVB,369.66
2024-02-01,INVB,372.15
2024-02-02,INVB,354.51
2024-02-05,INVB,362.71
2024-02-06,INVB,361.57
2024-02-07,INVB,388.03
2024-02-08,INVB,408.28
2024-02-09,INVB,406.79
2024-02-12,INVB,405.99
2024-02-13,INVB,415.23
2024-02-14,INVB,431.27
2024-02-15,INVB,415.61
2024-02-16,INVB,399.13
2024-02-19,INVB,393.73
2024-02-20,INVB,399.04
2024-02-21,INVB,403.66
2024-02-22,INVB,413.51
2024-02-23,INVB,402.56
2024-02-26,INVB,381.82
2024-02-27,INVB,389.33
2024-02-28,INVB,382.26
2024-02-29,INVB,365.11
2024-03-01,INVB,366.46
2024-03-04,INVB,373.13
2024-03-05,INVB,372.27
2024-03-06,INVB,368.6
2024-03-07,INVB,367.44
2024-03-08,INVB,364.54
2024-03-11,INVB,353.67
2024-03-12,INVB,348.15
2024-03-13,INVB,352.37
2024-03-14,INVB,355.06
2024-03-15,INVB,356.55
2024-03-18,INVB,348.74
2024-03-19,INVB,347.47
2024-03-20,INVB,330.65
2024-03-21,INVB,332.11
2024-03-22,INVB,342.9
2024-03-25,INVB,331.7
2024-03-26,INVB,327.48
2024-03-27,INVB,330.04
2024-03-28,INVB,339.45
2024-03-29,INVB,336.18
2024-04-01,INVB,331.11
2024-04-02,INVB,316.62
2024-04-03,INVB,317.49
2024-04-04,INVB,332.17
2024-04-05,INVB,334.37
2024-04-08,INVB,334.35
2024-04-09,INVB,336.91
2024-04-10,INVB,336.96
2024-04-11,INVB,330.96
2024-04-12,INVB,337.21
2024-04-15,INVB,339.06
2024-04-16,INVB,339.34
2024-04-17,INVB,332.06
2024-04-18,INVB,341.91
2024-04-19,INVB,347.15
2024-04-22,INVB,342.99
2024-04-23,INVB,350.85
2024-04-24,INVB,347.08
2024-04-25,INVB,341.14
2024-04-26,INVB,335.47
2024-04-29,INVB,322.28
2024-04-30,INVB,325.83
2024-05-01,INVB,312.58
2024-05-02,INVB,304.1
2024-05-03,INVB,290.07
2024-05-06,INVB,289.63
2024-05-07,INVB,288.78
2024-05-08,INVB,286.79
2024-05-09,INVB,280.2
2024-05-10,INVB,272.95
2024-05-13,INVB,275.91
2024-05-14,INVB,272.62
2024-05-15,INVB,274.67
2024-05-16,INVB,269.33
2024-05-17,INVB,270.54
2024-05-20,INVB,278.56
2024-05-21,INVB,282.34
2024-05-22,INVB,279.85
2024-05-23,INVB,281.58
2024-05-24,INVB,280.18
2024-05-27,INVB,280.35
2024-05-28,INVB,278.42
2024-05-29,INVB,277.51
2024-05-30,INVB,278.95
2024-05-31,INVB,272.85
2024-06-03,INVB,266.75
2024-06-04,INVB,258.55
2024-06-05,INVB,249.38
2024-06-06,INVB,242.68
2024-06-07,INVB,243.65
2024-06-10,INVB,238.87
2024-06-11,INVB,241.73
2024-06-12,INVB,242.02
2024-06-13,INVB,231.43
2024-06-14,INVB,234.93
2024-06-17,INVB,239.3
2024-06-18,INVB,234.07
2024-06-19,INVB,236.37
2024-06-20,INVB,231.93
2024-06-21,INVB,232.54
2024-06-24,INVB,226.04
2024-06-25,INVB,217.05
2024-06-26,INVB,215.27
2024-06-27,INVB,214.77
2024-06-28,INVB,212.94
2024-07-01,INVB,207.38
2024-07-02,INVB,205.6
2024-07-03,INVB,206.93
2024-07-04,INVB,206.81
2024-07-05,INVB,207.75
2024-07-08,INVB,204.71
2024-07-09,INVB,210.18
2024-07-10,INVB,204.72
2024-07-11,INVB,207.05
2024-07-12,INVB,212.62
2024-07-15,INVB,215.01
2024-07-16,INVB,214.12
2024-07-17,INVB,211.67
2024-07-18,INVB,216.68
2024-07-19,INVB,209.86
2024-07-22,INVB,205.38
2024-07-23,INVB,203.64
2024-07-24,INVB,209.37
2024-07-25,INVB,211.25
2024-07-26,INVB,206.75
2024-07-29,INVB,205.4
2024-07-30,INVB,202.65
2024-07-31,INVB,199.51
2024-08-01,INVB,203.98
2024-08-02,INVB,197.79
2024-08-05,INVB,205.01
2024-08-06,INVB,208.9
2024-08-07,INVB,214.1
2024-08-08,INVB,211.97
2024-08-09,INVB,211.35
2024-08-12,INVB,204.64
2024-08-13,INVB,202.32
2024-08-14,INVB,204.65
2024-08-15,INVB,210.68
2024-08-16,INVB,205.54
2024-08-19,INVB,203.94
2024-08-20,INVB,203.34
2024-08-21,INVB,197.06
2024-08-22,INVB,199.75
2024-08-23,INVB,196.59
2024-08-26,INVB,195.81
2024-08-27,INVB,193.91
2024-08-28,INVB,190.56
2024-08-29,INVB,190.61
2024-08-30,INVB,189.77
2024-09-02,INVB,188.27
2024-09-03,INVB,185.27
2024-09-04,INVB,186.68
2024-09-05,INVB,193.68
2024-09-06,INVB,194.37
2024-09-09,INVB,198.79
2024-09-10,INVB,192.68
2024-09-11,INVB,193.44
2024-09-12,INVB,188.76
2024-09-13,INVB,182.59
2024-09-16,INVB,179.64
2024-09-17,INVB,184.52
2024-09-18,INVB,188.53
2024-09-19,INVB,189.63
2024-09-20,INVB,183.2
2024-09-23,INVB,182.47
2024-09-24,INVB,183.78
2024-09-25,INVB,184.58
2024-09-26,INVB,177.02
2024-09-27,INVB,173.56
2024-09-30,INVB,173.39
2024-10-01,INVB,175.55
2024-10-02,INVB,166.97
2024-10-03,INVB,166.44
2024-10-04,INVB,167.04
2024-10-07,INVB,170.29
2024-10-08,INVB,173.01
2024-10-09,INVB,175.35
2024-10-10,INVB,172.27
2024-10-11,INVB,164.97
2024-10-14,INVB,163.59
2024-10-15,INVB,167.33
2024-10-16,INVB,172.64
2024-10-17,INVB,175.46
2024-10-18,INVB,177.22
2024-10-21,INVB,178.81
2024-10-22,INVB,176.65
2024-10-23,INVB,176.21
2024-10-24,INVB,182.88
2024-10-25,INVB,179.09
2024-10-28,INVB,185.66
2024-10-29,INVB,184.39
2024-10-30,INVB,189.95
2024-10-31,INVB,184.04
2024-11-01,INVB,186.54
2024-11-04,INVB,183.53
2024-11-05,INVB,177.78
2024-11-06,INVB,178.73
2024-11-07,INVB,182.85
2024-11-08,INVB,179.47
2024-11-11,INVB,173.51
2024-11-12,INVB,173.22
2024-11-13,INVB,172.96
2024-11-14,INVB,175.16
2024-11-15,INVB,178.96
2024-11-18,INVB,178.8
2024-11-19,INVB,186.32
2024-11-20,INVB,187.33
2024-11-21,INVB,185.95
2024-11-22,INVB,179.31
2024-11-25,INVB,178.33
2024-11-26,INVB,177.06
2024-11-27,INVB,180.95
2024-11-28,INVB,182.9
2024-11-29,INVB,178.14
2024-12-02,INVB,178.91
2024-12-03,INVB,181.68
2024-12-04,INVB,187.98
2024-12-05,INVB,191.8
2024-12-06,INVB,195.16
2024-12-09,INVB,195.5
2024-12-10,INVB,197.29
2024-12-11,INVB,202.9
2024-12-12,INVB,196.92
2024-12-13,INVB,195.46
2024-12-16,INVB,192.15
2024-12-17,INVB,193.87
2024-12-18,INVB,199.3
2024-12-19,INVB,196.72
2024-12-20,INVB,186.25
2024-12-23,INVB,184.61
2024-12-24,INVB,188.47
2024-12-25,INVB,190.82
2024-12-26,INVB,192.74
2024-12-27,INVB,191.61
2024-12-30,INVB,186.19
2024-12-31,INVB,188.42
2025-01-01,INVB,184.98
2025-01-02,INVB,194.12
2025-01-03,INVB,196.68
2025-01-06,INVB,194.2
2025-01-07,INVB,191.62
2025-01-08,INVB,191.3
2025-01-09,INVB,190.36
2025-01-10,INVB,195.21
2025-01-13,INVB,196.1
2025-01-14,INVB,192.97
2025-01-15,INVB,201.23
2025-01-16,INVB,201.54
2025-01-17,INVB,205.1
2025-01-20,INVB,202.39
2025-01-21,INVB,204.12
2025-01-22,INVB,205.63
2025-01-23,INVB,197.01
2025-01-24,INVB,205.99
2025-01-27,INVB,212.05
2025-01-28,INVB,210.25
2025-01-29,INVB,205.14
2025-01-30,INVB,206.82
2025-01-31,INVB,207.31
2025-02-03,INVB,209.05
2025-02-04,INVB,210.04
2025-02-05,INVB,212.51
2025-02-06,INVB,219.5
2025-02-07,INVB,222.39
2025-02-10,INVB,217.25
2025-02-11,INVB,223.98
2025-02-12,INVB,232.32
2025-02-13,INVB,248.84
2025-02-14,INVB,242.68
2025-02-17,INVB,244.1
2025-02-18,INVB,232.8
2025-02-19,INVB,235.79
2025-02-20,INVB,232.99
2025-02-21,INVB,243.14
2025-02-24,INVB,239.02
2025-02-25,INVB,230.07
2025-02-26,INVB,227.73
2025-02-27,INVB,217.74
2025-02-28,INVB,221.5
2025-03-03,INVB,211.33
2025-03-04,INVB,211.55
2025-03-05,INVB,201.78
2025-03-06,INVB,200.42
2025-03-07,INVB,207.89
2025-03-10,INVB,209.66
2025-03-11,INVB,205.69
2025-03-12,INVB,205.63
2025-03-13,INVB,205.8
2025-03-14,INVB,208.07
2025-03-17,INVB,201.78
2025-03-18,INVB,204.55
2025-03-19,INVB,192.23
2025-03-20,INVB,189.59
2025-03-21,INVB,187.59
2025-03-24,INVB,190.34
2025-03-25,INVB,190.52
2025-03-26,INVB,184.59
2025-03-27,INVB,180.59
2025-03-28,INVB,181.47
2025-03-31,INVB,181.23
2025-04-01,INVB,178.95
2025-04-02,INVB,177.09
2025-04-03,INVB,179.93
2025-04-04,INVB,177.92
2025-04-07,INVB,177.64
2025-04-08,INVB,186.37
2025-04-09,INVB,180.49
2025-04-10,INVB,173.07
2025-04-11,INVB,176.19
2025-04-14,INVB,173.58
2025-04-15,INVB,172.41
2025-04-16,INVB,169.47
2025-04-17,INVB,168.55
2025-04-18,INVB,174.66
2025-04-21,INVB,177.88
2025-04-22,INVB,181.4
2025-04-23,INVB,175.71
2025-04-24,INVB,171.25
2025-04-25,INVB,160.41
2025-04-28,INVB,157.57
2025-04-29,INVB,161.02
2025-04-30,INVB,162.95
2025-05-01,INVB,162.21
2025-05-02,INVB,162.2
2025-05-05,INVB,159.76
2025-05-06,INVB,160.56
2025-05-07,INVB,163.39
2025-05-08,INVB,157.54
2025-05-09,INVB,158.66
2025-05-12,INVB,162.05
2025-05-13,INVB,160.61
2025-05-14,INVB,163.2
2025-05-15,INVB,173.57
2025-05-16,INVB,173.24
2025-05-19,INVB,174.84
2025-05-20,INVB,172.02
2025-05-21,INVB,172.79
2025-05-22,INVB,174.65
2025-05-23,INVB,175.49
2025-05-26,INVB,171.55
2025-05-27,INVB,172.41
2025-05-28,INVB,178.14
2025-05-29,INVB,180.01
2025-05-30,INVB,183.97
2025-06-02,INVB,183.07
2025-06-03,INVB,186.22
2025-06-04,INVB,187.47
2025-06-05,INVB,183.55
2025-06-06,INVB,184.94
2025-06-09,INVB,180.9
2025-06-10,INVB,178.41
2025-06-11,INVB,179.25
2025-06-12,INVB,180.52
2025-06-13,INVB,175.78
2025-06-16,INVB,180.01
2025-06-17,INVB,182.39
2025-06-18,INVB,179.59
2025-06-19,INVB,173.47
2025-06-20,INVB,172.98
2025-06-23,INVB,171.32
2025-06-24,INVB,171.83
2025-06-25,INVB,170.5
2025-06-26,INVB,162.9
2025-06-27,INVB,161.55
2025-06-30,INVB,160.51
2025-07-01,INVB,162.86
2025-07-02,INVB,160.37
2025-07-03,INVB,166.48
2025-07-04,INVB,159.41
2025-07-07,INVB,164.17
2025-07-08,INVB,163.41
2025-07-09,INVB,166.63
2025-07-10,INVB,167.0
2025-07-11,INVB,171.34
2025-07-14,INVB,169.92
2025-07-15,INVB,165.81
2025-07-16,INVB,171.16
2025-07-17,INVB,170.8
2025-07-18,INVB,171.72
2025-07-21,INVB,176.55
2025-07-22,INVB,172.53
2025-07-23,INVB,174.91
2025-07-24,INVB,172.67
2025-07-25,INVB,172.23
2025-07-28,INVB,172.59
2025-07-29,INVB,166.85
2025-07-30,INVB,164.01
2025-07-31,INVB,169.05
2025-08-01,INVB,172.48
2025-08-04,INVB,172.31
2025-08-05,INVB,173.32
2025-08-06,INVB,172.25
2025-08-07,INVB,177.56
2025-08-08,INVB,176.84
2025-08-11,INVB,177.84
2025-08-12,INVB,182.48
2025-08-13,INVB,179.38
2025-08-14,INVB,185.72
2025-08-15,INVB,179.43
2025-08-18,INVB,186.06
2025-08-19,INVB,184.59
2025-08-20,INVB,183.66
2025-08-21,INVB,175.95
2025-08-22,INVB,174.23
2025-08-25,INVB,170.24
2025-08-26,INVB,167.99
2025-08-27,INVB,167.54
2025-08-28,INVB,171.22
2025-08-29,INVB,172.08
2025-09-01,INVB,173.35
2025-09-02,INVB,169.16
2025-09-03,INVB,165.89
2025-09-04,INVB,172.65
2025-09-05,INVB,169.88
2025-09-08,INVB,176.26
2025-09-09,INVB,175.37
2025-09-10,INVB,175.46
2025-09-11,INVB,179.74
2025-09-12,INVB,184.95
2025-09-15,INVB,184.57
2025-09-16,INVB,183.04
2025-09-17,INVB,182.88
2025-09-18,INVB,184.35
2025-09-19,INVB,188.11
2025-09-22,INVB,188.21
2025-09-23,INVB,190.9
2025-09-24,INVB,198.0
2025-09-25,INVB,199.77
2025-09-26,INVB,201.26
2025-09-29,INVB,194.48
2025-09-30,INVB,183.09
2025-10-01,INVB,184.76
2025-10-02,INVB,184.45
2025-10-03,INVB,182.39
2025-10-06,INVB,183.47
2025-10-07,INVB,183.3
2025-10-08,INVB,188.01
2025-10-09,INVB,188.45
2025-10-10,INVB,185.38
2025-10-13,INVB,189.57
2025-10-14,INVB,188.73
2025-10-15,INVB,191.04
2025-10-16,INVB,189.07
2025-10-17,INVB,186.4
2025-10-20,INVB,186.83
2025-10-21,INVB,186.96
2025-10-22,INVB,189.05
2025-10-23,INVB,187.99
2025-10-24,INVB,180.33
2025-10-27,INVB,178.65
2025-10-28,INVB,181.91
2025-10-29,INVB,180.77
2025-10-30,INVB,179.85
2025-10-31,INVB,183.91
2025-11-03,INVB,181.05
2025-11-04,INVB,174.86
2025-11-05,INVB,174.3
2025-11-06,INVB,172.48
2025-11-07,INVB,168.82
2025-11-10,INVB,168.22
2025-11-11,INVB,170.15
2025-11-12,INVB,170.19
2025-11-13,INVB,171.43
2025-11-14,INVB,178.48
2025-11-17,INVB,177.18
2025-11-18,INVB,178.36
2025-11-19,INVB,176.4
2025-11-20,INVB,173.12
2025-11-21,INVB,170.93
2025-11-24,INVB,169.16
2025-11-25,INVB,170.6
2025-11-26,INVB,179.66
2025-11-27,INVB,176.85
2025-11-28,INVB,175.27
2025-12-01,INVB,175.1
2025-12-02,INVB,176.73
2025-12-03,INVB,177.85
2025-12-04,INVB,183.04
2025-12-05,INVB,173.16
2025-12-08,INVB,163.96
2025-12-09,INVB,162.21
2025-12-10,INVB,166.27
2025-12-11,INVB,160.5
2025-12-12,INVB,149.74
2025-12-15,INVB,151.72
2025-12-16,INVB,152.61
2025-12-17,INVB,148.95
2025-12-18,INVB,145.72
2025-12-19,INVB,142.61
2025-12-22,INVB,143.02
2025-12-23,INVB,141.07
2025-12-24,INVB,142.7
2025-12-25,INVB,133.62
2025-12-26,INVB,131.11
2025-12-29,INVB,127.85
2025-12-30,INVB,127.17
2025-12-31,INVB,125.69
2024-01-01,PAYM,491.49
2024-01-02,PAYM,492.95
2024-01-03,PAYM,490.95
2024-01-04,PAYM,491.51
2024-01-05,PAYM,489.37
2024-01-08,PAYM,477.67
2024-01-09,PAYM,485.87
2024-01-10,PAYM,492.84
2024-01-11,PAYM,507.93
2024-01-12,PAYM,525.72
2024-01-15,PAYM,516.83
2024-01-16,PAYM,514.62
2024-01-17,PAYM,534.43
2024-01-18,PAYM,534.51
2024-01-19,PAYM,536.88
2024-01-22,PAYM,525.02
2024-01-23,PAYM,526.61
2024-01-24,PAYM,542.29
2024-01-25,PAYM,553.18
2024-01-26,PAYM,548.54
2024-01-29,PAYM,545.69
2024-01-30,PAYM,536.83
2024-01-31,PAYM,530.38
2024-02-01,PAYM,515.56
2024-02-02,PAYM,515.3
2024-02-05,PAYM,527.38
2024-02-06,PAYM,530.6
2024-02-07,PAYM,541.89
2024-02-08,PAYM,551.04
2024-02-09,PAYM,546.93
2024-02-12,PAYM,541.11
2024-02-13,PAYM,535.66
2024-02-14,PAYM,522.25
2024-02-15,PAYM,522.9
2024-02-16,PAYM,500.48
2024-02-19,PAYM,505.31
2024-02-20,PAYM,506.24
2024-02-21,PAYM,510.21
2024-02-22,PAYM,518.7
2024-02-23,PAYM,520.64
2024-02-26,PAYM,533.8
2024-02-27,PAYM,539.2
2024-02-28,PAYM,533.47
2024-02-29,PAYM,531.98
2024-03-01,PAYM,514.31
2024-03-04,PAYM,507.73
2024-03-05,PAYM,505.21
2024-03-06,PAYM,509.74
2024-03-07,PAYM,504.38
2024-03-08,PAYM,495.32
2024-03-11,PAYM,481.65
2024-03-12,PAYM,477.7
2024-03-13,PAYM,492.07
2024-03-14,PAYM,494.45
2024-03-15,PAYM,501.8
2024-03-18,PAYM,495.4
2024-03-19,PAYM,484.07
2024-03-20,PAYM,475.56
2024-03-21,PAYM,475.22
2024-03-22,PAYM,461.35
2024-03-25,PAYM,454.72
2024-03-26,PAYM,451.06
2024-03-27,PAYM,442.46
2024-03-28,PAYM,428.68
2024-03-29,PAYM,430.87
2024-04-01,PAYM,431.49
2024-04-02,PAYM,436.87
2024-04-03,PAYM,429.92
2024-04-04,PAYM,435.15
2024-04-05,PAYM,445.48
2024-04-08,PAYM,447.57
2024-04-09,PAYM,443.81
2024-04-10,PAYM,445.12
2024-04-11,PAYM,441.06
2024-04-12,PAYM,435.93
2024-04-15,PAYM,440.74
2024-04-16,PAYM,440.16
2024-04-17,PAYM,448.46
2024-04-18,PAYM,445.82
2024-04-19,PAYM,443.87
2024-04-22,PAYM,440.43
2024-04-23,PAYM,433.36
2024-04-24,PAYM,438.99
2024-04-25,PAYM,453.74
2024-04-26,PAYM,451.48
2024-04-29,PAYM,447.21
2024-04-30,PAYM,442.54
2024-05-01,PAYM,438.36
2024-05-02,PAYM,449.56
2024-05-03,PAYM,445.05
2024-05-06,PAYM,441.47
2024-05-07,PAYM,433.58
2024-05-08,PAYM,435.82
2024-05-09,PAYM,435.72
2024-05-10,PAYM,428.6
2024-05-13,PAYM,423.18
2024-05-14,PAYM,433.25
2024-05-15,PAYM,433.79
2024-05-16,PAYM,434.78
2024-05-17,PAYM,435.81
2024-05-20,PAYM,445.27
2024-05-21,PAYM,438.62
2024-05-22,PAYM,436.34
2024-05-23,PAYM,435.56
2024-05-24,PAYM,424.63
2024-05-27,PAYM,419.11
2024-05-28,PAYM,426.02
2024-05-29,PAYM,431.21
2024-05-30,PAYM,437.61
2024-05-31,PAYM,434.07
2024-06-03,PAYM,431.36
2024-06-04,PAYM,420.1
2024-06-05,PAYM,426.3
2024-06-06,PAYM,433.65
2024-06-07,PAYM,441.04
2024-06-10,PAYM,452.01
2024-06-11,PAYM,455.22
2024-06-12,PAYM,466.21
2024-06-13,PAYM,465.16
2024-06-14,PAYM,453.17
2024-06-17,PAYM,459.37
2024-06-18,PAYM,447.27
2024-06-19,PAYM,448.76
2024-06-20,PAYM,455.54
2024-06-21,PAYM,458.11
2024-06-24,PAYM,474.13
2024-06-25,PAYM,460.49
2024-06-26,PAYM,460.27
2024-06-27,PAYM,460.74
2024-06-28,PAYM,451.79
2024-07-01,PAYM,444.3
2024-07-02,PAYM,439.0
2024-07-03,PAYM,432.08
2024-07-04,PAYM,431.71
2024-07-05,PAYM,428.13
2024-07-08,PAYM,430.5
2024-07-09,PAYM,435.02
2024-07-10,PAYM,439.16
2024-07-11,PAYM,436.79
2024-07-12,PAYM,438.99
2024-07-15,PAYM,446.15
2024-07-16,PAYM,449.47
2024-07-17,PAYM,462.37
2024-07-18,PAYM,469.54
2024-07-19,PAYM,482.02
2024-07-22,PAYM,464.34
2024-07-23,PAYM,465.37
2024-07-24,PAYM,463.46
2024-07-25,PAYM,462.94
2024-07-26,PAYM,457.69
2024-07-29,PAYM,460.77
2024-07-30,PAYM,448.6
2024-07-31,PAYM,451.66
2024-08-01,PAYM,446.77
2024-08-02,PAYM,443.75
2024-08-05,PAYM,447.01
2024-08-06,PAYM,447.88
2024-08-07,PAYM,455.31
2024-08-08,PAYM,449.03
2024-08-09,PAYM,448.82
2024-08-12,PAYM,455.16
2024-08-13,PAYM,457.98
2024-08-14,PAYM,461.25
2024-08-15,PAYM,469.28
2024-08-16,PAYM,466.77
2024-08-19,PAYM,462.8
2024-08-20,PAYM,467.16
2024-08-21,PAYM,466.47
2024-08-22,PAYM,474.69
2024-08-23,PAYM,477.69
2024-08-26,PAYM,473.58
2024-08-27,PAYM,476.34
2024-08-28,PAYM,470.25
2024-08-29,PAYM,477.29
2024-08-30,PAYM,467.64
2024-09-02,PAYM,476.58
2024-09-03,PAYM,479.24
2024-09-04,PAYM,478.42
2024-09-05,PAYM,484.27
2024-09-06,PAYM,488.36
2024-09-09,PAYM,498.49
2024-09-10,PAYM,508.77
2024-09-11,PAYM,511.85
2024-09-12,PAYM,505.53
2024-09-13,PAYM,501.8
2024-09-16,PAYM,501.65
2024-09-17,PAYM,510.18
2024-09-18,PAYM,507.07
2024-09-19,PAYM,504.62
2024-09-20,PAYM,519.01
2024-09-23,PAYM,518.59
2024-09-24,PAYM,514.04
2024-09-25,PAYM,520.43
2024-09-26,PAYM,520.39
2024-09-27,PAYM,509.92
2024-09-30,PAYM,518.28
2024-10-01,PAYM,512.86
2024-10-02,PAYM,513.59
2024-10-03,PAYM,513.45
2024-10-04,PAYM,515.62
2024-10-07,PAYM,499.04
2024-10-08,PAYM,496.91
2024-10-09,PAYM,505.68
2024-10-10,PAYM,515.68
2024-10-11,PAYM,508.39
2024-10-14,PAYM,515.81
2024-10-15,PAYM,510.3
2024-10-16,PAYM,507.82
2024-10-17,PAYM,505.75
2024-10-18,PAYM,506.96
2024-10-21,PAYM,514.98
2024-10-22,PAYM,517.42
2024-10-23,PAYM,516.83
2024-10-24,PAYM,524.73
2024-10-25,PAYM,518.81
2024-10-28,PAYM,518.6
2024-10-29,PAYM,526.75
2024-10-30,PAYM,531.34
2024-10-31,PAYM,528.02
2024-11-01,PAYM,516.42
2024-11-04,PAYM,519.23
2024-11-05,PAYM,507.31
2024-11-06,PAYM,506.08
2024-11-07,PAYM,515.42
2024-11-08,PAYM,520.44
2024-11-11,PAYM,505.01
2024-11-12,PAYM,506.92
2024-11-13,PAYM,504.87
2024-11-14,PAYM,495.6
2024-11-15,PAYM,498.47
2024-11-18,PAYM,495.16
2024-11-19,PAYM,491.93
2024-11-20,PAYM,493.22
2024-11-21,PAYM,488.96
2024-11-22,PAYM,490.03
2024-11-25,PAYM,486.04
2024-11-26,PAYM,482.48
2024-11-27,PAYM,490.04
2024-11-28,PAYM,498.47
2024-11-29,PAYM,486.06
2024-12-02,PAYM,491.88
2024-12-03,PAYM,502.59
2024-12-04,PAYM,514.73
2024-12-05,PAYM,519.15
2024-12-06,PAYM,511.3
2024-12-09,PAYM,516.53
2024-12-10,PAYM,510.17
2024-12-11,PAYM,507.93
2024-12-12,PAYM,511.24
2024-12-13,PAYM,505.45
2024-12-16,PAYM,497.13
2024-12-17,PAYM,500.99
2024-12-18,PAYM,515.42
2024-12-19,PAYM,525.44
2024-12-20,PAYM,531.43
2024-12-23,PAYM,539.65
2024-12-24,PAYM,545.23
2024-12-25,PAYM,549.33
2024-12-26,PAYM,557.16
2024-12-27,PAYM,546.13
2024-12-30,PAYM,548.19
2024-12-31,PAYM,547.94
2025-01-01,PAYM,549.0
2025-01-02,PAYM,545.62
2025-01-03,PAYM,550.3
2025-01-06,PAYM,543.96
2025-01-07,PAYM,540.01
2025-01-08,PAYM,535.11
2025-01-09,PAYM,542.47
2025-01-10,PAYM,542.78
2025-01-13,PAYM,539.44
2025-01-14,PAYM,536.82
2025-01-15,PAYM,537.26
2025-01-16,PAYM,550.77
2025-01-17,PAYM,540.95
2025-01-20,PAYM,546.85
2025-01-21,PAYM,551.15
2025-01-22,PAYM,544.26
2025-01-23,PAYM,556.66
2025-01-24,PAYM,561.6
2025-01-27,PAYM,557.74
2025-01-28,PAYM,542.59
2025-01-29,PAYM,544.87
2025-01-30,PAYM,544.92
2025-01-31,PAYM,536.89
2025-02-03,PAYM,528.88
2025-02-04,PAYM,536.19
2025-02-05,PAYM,520.84
2025-02-06,PAYM,523.7
2025-02-07,PAYM,522.62
2025-02-10,PAYM,526.92
2025-02-11,PAYM,524.99
2025-02-12,PAYM,527.71
2025-02-13,PAYM,522.22
2025-02-14,PAYM,522.23
2025-02-17,PAYM,526.47
2025-02-18,PAYM,528.06
2025-02-19,PAYM,531.48
2025-02-20,PAYM,524.48
2025-02-21,PAYM,520.22
2025-02-24,PAYM,516.14
2025-02-25,PAYM,514.38
2025-02-26,PAYM,525.28
2025-02-27,PAYM,522.88
2025-02-28,PAYM,514.3
2025-03-03,PAYM,518.87
2025-03-04,PAYM,529.76
2025-03-05,PAYM,520.13
2025-03-06,PAYM,535.94
2025-03-07,PAYM,539.69
2025-03-10,PAYM,548.49
2025-03-11,PAYM,560.99
2025-03-12,PAYM,569.62
2025-03-13,PAYM,569.1
2025-03-14,PAYM,579.95
2025-03-17,PAYM,582.61
2025-03-18,PAYM,592.6
2025-03-19,PAYM,603.73
2025-03-20,PAYM,594.29
2025-03-21,PAYM,601.84
2025-03-24,PAYM,600.65
2025-03-25,PAYM,602.36
2025-03-26,PAYM,603.96
2025-03-27,PAYM,605.21
2025-03-28,PAYM,619.53
2025-03-31,PAYM,607.28
2025-04-01,PAYM,592.03
2025-04-02,PAYM,575.29
2025-04-03,PAYM,584.96
2025-04-04,PAYM,578.61
2025-04-07,PAYM,580.2
2025-04-08,PAYM,579.64
2025-04-09,PAYM,572.37
2025-04-10,PAYM,580.12
2025-04-11,PAYM,579.45
2025-04-14,PAYM,577.83
2025-04-15,PAYM,580.29
2025-04-16,PAYM,587.01
2025-04-17,PAYM,579.0
2025-04-18,PAYM,587.04
2025-04-21,PAYM,600.27
2025-04-22,PAYM,587.87
2025-04-23,PAYM,590.77
2025-04-24,PAYM,588.51
2025-04-25,PAYM,595.14
2025-04-28,PAYM,584.72
2025-04-29,PAYM,599.47
2025-04-30,PAYM,585.45
2025-05-01,PAYM,583.75
2025-05-02,PAYM,588.0
2025-05-05,PAYM,582.38
2025-05-06,PAYM,575.45
2025-05-07,PAYM,577.81
2025-05-08,PAYM,578.92
2025-05-09,PAYM,579.42
2025-05-12,PAYM,587.33
2025-05-13,PAYM,584.3
2025-05-14,PAYM,587.55
2025-05-15,PAYM,583.52
2025-05-16,PAYM,576.52
2025-05-19,PAYM,574.49
2025-05-20,PAYM,570.63
2025-05-21,PAYM,567.21
2025-05-22,PAYM,577.58
2025-05-23,PAYM,575.81
2025-05-26,PAYM,570.51
2025-05-27,PAYM,571.19
2025-05-28,PAYM,572.52
2025-05-29,PAYM,562.75
2025-05-30,PAYM,560.65
2025-06-02,PAYM,558.23
2025-06-03,PAYM,557.21
2025-06-04,PAYM,563.71
2025-06-05,PAYM,565.29
2025-06-06,PAYM,576.15
2025-06-09,PAYM,576.49
2025-06-10,PAYM,592.31
2025-06-11,PAYM,588.66
2025-06-12,PAYM,582.3
2025-06-13,PAYM,587.53
2025-06-16,PAYM,600.02
2025-06-17,PAYM,588.05
2025-06-18,PAYM,586.76
2025-06-19,PAYM,581.82
2025-06-20,PAYM,583.51
2025-06-23,PAYM,584.04
2025-06-24,PAYM,596.29
2025-06-25,PAYM,595.77
2025-06-26,PAYM,608.53
2025-06-27,PAYM,606.12
2025-06-30,PAYM,615.01
2025-07-01,PAYM,617.59
2025-07-02,PAYM,634.11
2025-07-03,PAYM,620.53
2025-07-04,PAYM,610.15
2025-07-07,PAYM,627.4
2025-07-08,PAYM,620.97
2025-07-09,PAYM,615.19
2025-07-10,PAYM,607.57
2025-07-11,PAYM,618.51
2025-07-14,PAYM,607.34
2025-07-15,PAYM,608.0
2025-07-16,PAYM,606.04
2025-07-17,PAYM,615.94
2025-07-18,PAYM,611.19
2025-07-21,PAYM,615.47
2025-07-22,PAYM,605.11
2025-07-23,PAYM,626.24
2025-07-24,PAYM,624.46
2025-07-25,PAYM,625.02
2025-07-28,PAYM,641.04
2025-07-29,PAYM,635.87
2025-07-30,PAYM,652.29
2025-07-31,PAYM,648.75
2025-08-01,PAYM,655.79
2025-08-04,PAYM,650.65
2025-08-05,PAYM,637.89
2025-08-06,PAYM,642.35
2025-08-07,PAYM,649.01
2025-08-08,PAYM,636.68
2025-08-11,PAYM,634.22
2025-08-12,PAYM,646.15
2025-08-13,PAYM,652.46
2025-08-14,PAYM,649.09
2025-08-15,PAYM,643.75
2025-08-18,PAYM,663.09
2025-08-19,PAYM,649.18
2025-08-20,PAYM,649.09
2025-08-21,PAYM,635.31
2025-08-22,PAYM,648.34
2025-08-25,PAYM,648.76
2025-08-26,PAYM,650.99
2025-08-27,PAYM,678.57
2025-08-28,PAYM,673.04
2025-08-29,PAYM,691.23
2025-09-01,PAYM,687.7
2025-09-02,PAYM,685.81
2025-09-03,PAYM,713.51
2025-09-04,PAYM,712.33
2025-09-05,PAYM,698.16
2025-09-08,PAYM,701.65
2025-09-09,PAYM,700.36
2025-09-10,PAYM,704.76
2025-09-11,PAYM,703.88
2025-09-12,PAYM,727.85
2025-09-15,PAYM,734.49
2025-09-16,PAYM,723.18
2025-09-17,PAYM,725.09
2025-09-18,PAYM,716.93
2025-09-19,PAYM,714.81
2025-09-22,PAYM,705.57
2025-09-23,PAYM,728.45
2025-09-24,PAYM,721.44
2025-09-25,PAYM,729.44
2025-09-26,PAYM,726.45
2025-09-29,PAYM,714.36
2025-09-30,PAYM,717.02
2025-10-01,PAYM,721.89
2025-10-02,PAYM,728.49
2025-10-03,PAYM,700.35
2025-10-06,PAYM,687.89
2025-10-07,PAYM,698.31
2025-10-08,PAYM,689.15
2025-10-09,PAYM,691.78
2025-10-10,PAYM,679.23
2025-10-13,PAYM,687.21
2025-10-14,PAYM,697.35
2025-10-15,PAYM,705.55
2025-10-16,PAYM,717.03
2025-10-17,PAYM,734.42
2025-10-20,PAYM,722.03
2025-10-21,PAYM,714.02
2025-10-22,PAYM,724.19
2025-10-23,PAYM,737.04
2025-10-24,PAYM,730.14
2025-10-27,PAYM,722.53
2025-10-28,PAYM,716.0
2025-10-29,PAYM,699.28
2025-10-30,PAYM,686.46
2025-10-31,PAYM,674.12
2025-11-03,PAYM,671.65
2025-11-04,PAYM,674.9
2025-11-05,PAYM,679.81
2025-11-06,PAYM,675.13
2025-11-07,PAYM,670.73
2025-11-10,PAYM,672.49
2025-11-11,PAYM,657.89
2025-11-12,PAYM,667.87
2025-11-13,PAYM,681.28
2025-11-14,PAYM,675.39
2025-11-17,PAYM,671.87
2025-11-18,PAYM,684.93
2025-11-19,PAYM,684.18
2025-11-20,PAYM,690.75
2025-11-21,PAYM,690.32
2025-11-24,PAYM,706.98
2025-11-25,PAYM,712.73
2025-11-26,PAYM,719.13
2025-11-27,PAYM,725.8
2025-11-28,PAYM,720.3
2025-12-01,PAYM,715.83
2025-12-02,PAYM,724.65
2025-12-03,PAYM,726.58
2025-12-04,PAYM,714.28
2025-12-05,PAYM,734.92
2025-12-08,PAYM,746.28
2025-12-09,PAYM,747.27
2025-12-10,PAYM,744.77
2025-12-11,PAYM,747.56
2025-12-12,PAYM,753.94
2025-12-15,PAYM,731.49
2025-12-16,PAYM,755.26
2025-12-17,PAYM,746.87
2025-12-18,PAYM,747.42
2025-12-19,PAYM,748.38
2025-12-22,PAYM,771.4
2025-12-23,PAYM,770.96
2025-12-24,PAYM,789.95
2025-12-25,PAYM,795.38
2025-12-26,PAYM,784.49
2025-12-29,PAYM,786.67
2025-12-30,PAYM,785.87
2025-12-31,PAYM,773.67
2024-01-01,SAFE,485.19
2024-01-02,SAFE,478.07
2024-01-03,SAFE,482.01
2024-01-04,SAFE,485.01
2024-01-05,SAFE,487.9
2024-01-08,SAFE,488.14
2024-01-09,SAFE,490.61
2024-01-10,SAFE,499.57
2024-01-11,SAFE,498.22
2024-01-12,SAFE,499.21
2024-01-15,SAFE,493.43
2024-01-16,SAFE,488.91
2024-01-17,SAFE,489.66
2024-01-18,SAFE,495.89
2024-01-19,SAFE,494.71
2024-01-22,SAFE,493.64
2024-01-23,SAFE,491.64
2024-01-24,SAFE,488.95
2024-01-25,SAFE,490.78
2024-01-26,SAFE,482.85
2024-01-29,SAFE,489.94
2024-01-30,SAFE,486.55
2024-01-31,SAFE,490.67
2024-02-01,SAFE,483.98
2024-02-02,SAFE,487.8
2024-02-05,SAFE,491.66
2024-02-06,SAFE,493.98
2024-02-07,SAFE,488.76
2024-02-08,SAFE,490.34
2024-02-09,SAFE,484.13
2024-02-12,SAFE,483.0
2024-02-13,SAFE,488.74
2024-02-14,SAFE,493.29
2024-02-15,SAFE,493.6
2024-02-16,SAFE,488.49
2024-02-19,SAFE,492.21
2024-02-20,SAFE,492.55
2024-02-21,SAFE,480.1
2024-02-22,SAFE,484.49
2024-02-23,SAFE,484.58
2024-02-26,SAFE,491.27
2024-02-27,SAFE,485.53
2024-02-28,SAFE,468.64
2024-02-29,SAFE,470.31
2024-03-01,SAFE,472.05
2024-03-04,SAFE,463.41
2024-03-05,SAFE,458.6
2024-03-06,SAFE,472.83
2024-03-07,SAFE,471.44
2024-03-08,SAFE,475.48
2024-03-11,SAFE,472.27
2024-03-12,SAFE,461.54
2024-03-13,SAFE,460.88
2024-03-14,SAFE,459.74
2024-03-15,SAFE,457.91
2024-03-18,SAFE,457.54
2024-03-19,SAFE,459.09
2024-03-20,SAFE,458.54
2024-03-21,SAFE,452.32
2024-03-22,SAFE,454.97
2024-03-25,SAFE,445.34
2024-03-26,SAFE,435.42
2024-03-27,SAFE,439.19
2024-03-28,SAFE,441.87
2024-03-29,SAFE,441.79
2024-04-01,SAFE,435.15
2024-04-02,SAFE,431.94
2024-04-03,SAFE,430.88
2024-04-04,SAFE,423.45
2024-04-05,SAFE,420.17
2024-04-08,SAFE,423.41
2024-04-09,SAFE,430.31
2024-04-10,SAFE,428.51
2024-04-11,SAFE,432.3
2024-04-12,SAFE,423.32
2024-04-15,SAFE,426.61
2024-04-16,SAFE,423.01
2024-04-17,SAFE,424.65
2024-04-18,SAFE,423.68
2024-04-19,SAFE,430.08
2024-04-22,SAFE,426.1
2024-04-23,SAFE,429.27
2024-04-24,SAFE,428.14
2024-04-25,SAFE,427.58
2024-04-26,SAFE,426.91
2024-04-29,SAFE,423.1
2024-04-30,SAFE,423.23
2024-05-01,SAFE,423.13
2024-05-02,SAFE,424.46
2024-05-03,SAFE,425.05
2024-05-06,SAFE,429.01
2024-05-07,SAFE,433.61
2024-05-08,SAFE,428.75
2024-05-09,SAFE,433.09
2024-05-10,SAFE,427.59
2024-05-13,SAFE,430.57
2024-05-14,SAFE,433.73
2024-05-15,SAFE,424.74
2024-05-16,SAFE,425.37
2024-05-17,SAFE,423.36
2024-05-20,SAFE,419.99
2024-05-21,SAFE,426.48
2024-05-22,SAFE,423.58
2024-05-23,SAFE,419.99
2024-05-24,SAFE,420.54
2024-05-27,SAFE,423.93
2024-05-28,SAFE,423.46
2024-05-29,SAFE,429.13
2024-05-30,SAFE,431.86
2024-05-31,SAFE,421.63
2024-06-03,SAFE,419.34
2024-06-04,SAFE,416.92
2024-06-05,SAFE,419.33
2024-06-06,SAFE,407.32
2024-06-07,SAFE,419.03
2024-06-10,SAFE,421.69
2024-06-11,SAFE,422.58
2024-06-12,SAFE,428.31
2024-06-13,SAFE,439.65
2024-06-14,SAFE,444.1
2024-06-17,SAFE,448.98
2024-06-18,SAFE,449.84
2024-06-19,SAFE,449.34
2024-06-20,SAFE,447.18
2024-06-21,SAFE,443.28
2024-06-24,SAFE,440.11
2024-06-25,SAFE,433.72
2024-06-26,SAFE,433.56
2024-06-27,SAFE,425.65
2024-06-28,SAFE,426.75
2024-07-01,SAFE,426.78
2024-07-02,SAFE,427.67
2024-07-03,SAFE,425.39
2024-07-04,SAFE,440.11
2024-07-05,SAFE,446.95
2024-07-08,SAFE,440.99
2024-07-09,SAFE,442.33
2024-07-10,SAFE,439.55
2024-07-11,SAFE,434.81
2024-07-12,SAFE,428.55
2024-07-15,SAFE,430.8
2024-07-16,SAFE,427.74
2024-07-17,SAFE,432.53
2024-07-18,SAFE,437.5
2024-07-19,SAFE,444.37
2024-07-22,SAFE,440.38
2024-07-23,SAFE,442.9
2024-07-24,SAFE,446.22
2024-07-25,SAFE,444.08
2024-07-26,SAFE,440.48
2024-07-29,SAFE,448.55
2024-07-30,SAFE,449.89
2024-07-31,SAFE,453.27
2024-08-01,SAFE,449.35
2024-08-02,SAFE,443.48
2024-08-05,SAFE,440.88
2024-08-06,SAFE,440.48
2024-08-07,SAFE,435.48
2024-08-08,SAFE,435.63
2024-08-09,SAFE,427.68
2024-08-12,SAFE,422.56
2024-08-13,SAFE,425.9
2024-08-14,SAFE,428.95
2024-08-15,SAFE,427.28
2024-08-16,SAFE,422.66
2024-08-19,SAFE,418.04
2024-08-20,SAFE,416.5
2024-08-21,SAFE,419.67
2024-08-22,SAFE,424.19
2024-08-23,SAFE,422.05
2024-08-26,SAFE,416.84
2024-08-27,SAFE,418.27
2024-08-28,SAFE,414.64
2024-08-29,SAFE,412.45
2024-08-30,SAFE,418.71
2024-09-02,SAFE,422.74
2024-09-03,SAFE,423.68
2024-09-04,SAFE,417.9
2024-09-05,SAFE,419.07
2024-09-06,SAFE,424.2
2024-09-09,SAFE,422.63
2024-09-10,SAFE,429.16
2024-09-11,SAFE,435.52
2024-09-12,SAFE,443.76
2024-09-13,SAFE,445.46
2024-09-16,SAFE,448.57
2024-09-17,SAFE,455.82
2024-09-18,SAFE,458.29
2024-09-19,SAFE,455.96
2024-09-20,SAFE,453.9
2024-09-23,SAFE,455.31
2024-09-24,SAFE,449.0
2024-09-25,SAFE,448.5
2024-09-26,SAFE,454.16
2024-09-27,SAFE,443.33
2024-09-30,SAFE,451.08
2024-10-01,SAFE,456.91
2024-10-02,SAFE,454.79
2024-10-03,SAFE,457.74
2024-10-04,SAFE,457.97
2024-10-07,SAFE,464.43
2024-10-08,SAFE,469.71
2024-10-09,SAFE,462.63
2024-10-10,SAFE,465.86
2024-10-11,SAFE,465.01
2024-10-14,SAFE,465.65
2024-10-15,SAFE,462.11
2024-10-16,SAFE,471.28
2024-10-17,SAFE,476.94
2024-10-18,SAFE,473.24
2024-10-21,SAFE,466.46
2024-10-22,SAFE,464.68
2024-10-23,SAFE,467.13
2024-10-24,SAFE,468.59
2024-10-25,SAFE,475.32
2024-10-28,SAFE,479.71
2024-10-29,SAFE,485.09
2024-10-30,SAFE,487.07
2024-10-31,SAFE,479.79
2024-11-01,SAFE,478.97
2024-11-04,SAFE,484.83
2024-11-05,SAFE,484.77
2024-11-06,SAFE,487.7
2024-11-07,SAFE,486.21
2024-11-08,SAFE,480.88
2024-11-11,SAFE,480.44
2024-11-12,SAFE,482.31
2024-11-13,SAFE,479.02
2024-11-14,SAFE,477.99
2024-11-15,SAFE,473.23
2024-11-18,SAFE,479.33
2024-11-19,SAFE,477.98
2024-11-20,SAFE,485.91
2024-11-21,SAFE,494.37
2024-11-22,SAFE,494.16
2024-11-25,SAFE,488.86
2024-11-26,SAFE,477.77
2024-11-27,SAFE,470.19
2024-11-28,SAFE,463.24
2024-11-29,SAFE,470.54
2024-12-02,SAFE,471.37
2024-12-03,SAFE,473.62
2024-12-04,SAFE,462.17
2024-12-05,SAFE,456.25
2024-12-06,SAFE,460.95
2024-12-09,SAFE,462.63
2024-12-10,SAFE,462.08
2024-12-11,SAFE,465.19
2024-12-12,SAFE,473.85
2024-12-13,SAFE,472.91
2024-12-16,SAFE,473.49
2024-12-17,SAFE,474.72
2024-12-18,SAFE,487.54
2024-12-19,SAFE,476.41
2024-12-20,SAFE,480.24
2024-12-23,SAFE,479.85
2024-12-24,SAFE,483.09
2024-12-25,SAFE,479.79
2024-12-26,SAFE,479.75
2024-12-27,SAFE,483.76
2024-12-30,SAFE,500.69
2024-12-31,SAFE,505.41
2025-01-01,SAFE,500.89
2025-01-02,SAFE,498.77
2025-01-03,SAFE,496.49
2025-01-06,SAFE,486.83
2025-01-07,SAFE,485.27
2025-01-08,SAFE,489.44
2025-01-09,SAFE,482.75
2025-01-10,SAFE,488.59
2025-01-13,SAFE,491.46
2025-01-14,SAFE,487.68
2025-01-15,SAFE,487.14
2025-01-16,SAFE,496.01
2025-01-17,SAFE,500.27
2025-01-20,SAFE,500.55
2025-01-21,SAFE,499.46
2025-01-22,SAFE,500.12
2025-01-23,SAFE,497.51
2025-01-24,SAFE,486.13
2025-01-27,SAFE,497.36
2025-01-28,SAFE,498.45
2025-01-29,SAFE,500.88
2025-01-30,SAFE,500.79
2025-01-31,SAFE,496.94
2025-02-03,SAFE,496.15
2025-02-04,SAFE,487.57
2025-02-05,SAFE,500.12
2025-02-06,SAFE,493.5
2025-02-07,SAFE,488.08
2025-02-10,SAFE,485.92
2025-02-11,SAFE,493.09
2025-02-12,SAFE,493.39
2025-02-13,SAFE,486.86
2025-02-14,SAFE,493.86
2025-02-17,SAFE,498.09
2025-02-18,SAFE,501.3
2025-02-19,SAFE,505.51
2025-02-20,SAFE,519.17
2025-02-21,SAFE,531.99
2025-02-24,SAFE,528.19
2025-02-25,SAFE,537.95
2025-02-26,SAFE,540.48
2025-02-27,SAFE,543.73
2025-02-28,SAFE,533.77
2025-03-03,SAFE,533.01
2025-03-04,SAFE,528.45
2025-03-05,SAFE,533.55
2025-03-06,SAFE,540.13
2025-03-07,SAFE,527.95
2025-03-10,SAFE,528.07
2025-03-11,SAFE,534.89
2025-03-12,SAFE,534.03
2025-03-13,SAFE,538.59
2025-03-14,SAFE,540.94
2025-03-17,SAFE,543.24
2025-03-18,SAFE,541.86
2025-03-19,SAFE,534.79
2025-03-20,SAFE,528.39
2025-03-21,SAFE,532.79
2025-03-24,SAFE,533.15
2025-03-25,SAFE,532.58
2025-03-26,SAFE,530.32
2025-03-27,SAFE,528.77
2025-03-28,SAFE,535.16
2025-03-31,SAFE,533.42
2025-04-01,SAFE,525.73
2025-04-02,SAFE,530.31
2025-04-03,SAFE,529.35
2025-04-04,SAFE,529.78
2025-04-07,SAFE,539.47
2025-04-08,SAFE,539.6
2025-04-09,SAFE,541.58
2025-04-10,SAFE,534.74
2025-04-11,SAFE,533.69
2025-04-14,SAFE,537.54
2025-04-15,SAFE,528.52
2025-04-16,SAFE,529.94
2025-04-17,SAFE,530.78
2025-04-18,SAFE,531.27
2025-04-21,SAFE,537.63
2025-04-22,SAFE,539.87
2025-04-23,SAFE,548.97
2025-04-24,SAFE,543.17
2025-04-25,SAFE,544.24
2025-04-28,SAFE,545.01
2025-04-29,SAFE,538.79
2025-04-30,SAFE,544.76
2025-05-01,SAFE,559.06
2025-05-02,SAFE,559.21
2025-05-05,SAFE,562.61
2025-05-06,SAFE,563.39
2025-05-07,SAFE,559.19
2025-05-08,SAFE,548.16
2025-05-09,SAFE,544.12
2025-05-12,SAFE,535.97
2025-05-13,SAFE,546.35
2025-05-14,SAFE,545.91
2025-05-15,SAFE,544.06
2025-05-16,SAFE,549.68
2025-05-19,SAFE,543.1
2025-05-20,SAFE,538.73
2025-05-21,SAFE,539.38
2025-05-22,SAFE,545.79
2025-05-23,SAFE,549.08
2025-05-26,SAFE,550.85
2025-05-27,SAFE,551.58
2025-05-28,SAFE,554.28
2025-05-29,SAFE,555.78
2025-05-30,SAFE,549.69
2025-06-02,SAFE,550.22
2025-06-03,SAFE,543.92
2025-06-04,SAFE,544.66
2025-06-05,SAFE,542.01
2025-06-06,SAFE,557.53
2025-06-09,SAFE,557.54
2025-06-10,SAFE,549.11
2025-06-11,SAFE,548.55
2025-06-12,SAFE,551.97
2025-06-13,SAFE,562.47
2025-06-16,SAFE,559.05
2025-06-17,SAFE,549.49
2025-06-18,SAFE,554.73
2025-06-19,SAFE,546.49
2025-06-20,SAFE,544.1
2025-06-23,SAFE,542.79
2025-06-24,SAFE,542.63
2025-06-25,SAFE,547.03
2025-06-26,SAFE,543.13
2025-06-27,SAFE,541.73
2025-06-30,SAFE,541.9
2025-07-01,SAFE,543.05
2025-07-02,SAFE,543.89
2025-07-03,SAFE,546.77
2025-07-04,SAFE,552.14
2025-07-07,SAFE,554.8
2025-07-08,SAFE,557.85
2025-07-09,SAFE,548.32
2025-07-10,SAFE,548.88
2025-07-11,SAFE,552.05
2025-07-14,SAFE,556.77
2025-07-15,SAFE,552.75
2025-07-16,SAFE,548.97
2025-07-17,SAFE,545.72
2025-07-18,SAFE,549.22
2025-07-21,SAFE,555.78
2025-07-22,SAFE,553.52
2025-07-23,SAFE,559.35
2025-07-24,SAFE,560.38
2025-07-25,SAFE,559.87
2025-07-28,SAFE,558.81
2025-07-29,SAFE,563.7
2025-07-30,SAFE,566.0
2025-07-31,SAFE,580.55
2025-08-01,SAFE,575.33
2025-08-04,SAFE,578.9
2025-08-05,SAFE,575.77
2025-08-06,SAFE,570.48
2025-08-07,SAFE,570.68
2025-08-08,SAFE,571.81
2025-08-11,SAFE,590.59
2025-08-12,SAFE,589.66
2025-08-13,SAFE,582.54
2025-08-14,SAFE,584.57
2025-08-15,SAFE,571.39
2025-08-18,SAFE,571.07
2025-08-19,SAFE,571.43
2025-08-20,SAFE,576.74
2025-08-21,SAFE,583.23
2025-08-22,SAFE,580.24
2025-08-25,SAFE,579.54
2025-08-26,SAFE,574.89
2025-08-27,SAFE,567.96
2025-08-28,SAFE,570.17
2025-08-29,SAFE,562.38
2025-09-01,SAFE,560.06
2025-09-02,SAFE,554.13
2025-09-03,SAFE,557.77
2025-09-04,SAFE,569.17
2025-09-05,SAFE,561.22
2025-09-08,SAFE,549.94
2025-09-09,SAFE,549.43
2025-09-10,SAFE,549.78
2025-09-11,SAFE,551.37
2025-09-12,SAFE,548.9
2025-09-15,SAFE,547.93
2025-09-16,SAFE,550.42
2025-09-17,SAFE,557.02
2025-09-18,SAFE,545.2
2025-09-19,SAFE,543.22
2025-09-22,SAFE,544.76
2025-09-23,SAFE,539.47
2025-09-24,SAFE,550.08
2025-09-25,SAFE,546.45
2025-09-26,SAFE,546.46
2025-09-29,SAFE,550.08
2025-09-30,SAFE,546.73
2025-10-01,SAFE,535.78
2025-10-02,SAFE,533.48
2025-10-03,SAFE,539.82
2025-10-06,SAFE,538.05
2025-10-07,SAFE,533.25
2025-10-08,SAFE,538.97
2025-10-09,SAFE,537.24
2025-10-10,SAFE,534.45
2025-10-13,SAFE,535.58
2025-10-14,SAFE,540.41
2025-10-15,SAFE,554.94
2025-10-16,SAFE,560.29
2025-10-17,SAFE,567.76
2025-10-20,SAFE,564.83
2025-10-21,SAFE,558.67
2025-10-22,SAFE,559.31
2025-10-23,SAFE,560.24
2025-10-24,SAFE,553.79
2025-10-27,SAFE,552.97
2025-10-28,SAFE,555.68
2025-10-29,SAFE,558.16
2025-10-30,SAFE,561.54
2025-10-31,SAFE,563.61
2025-11-03,SAFE,560.7
2025-11-04,SAFE,557.76
2025-11-05,SAFE,550.6
2025-11-06,SAFE,561.76
2025-11-07,SAFE,562.1
2025-11-10,SAFE,560.96
2025-11-11,SAFE,555.44
2025-11-12,SAFE,573.79
2025-11-13,SAFE,567.22
2025-11-14,SAFE,564.78
2025-11-17,SAFE,567.65
2025-11-18,SAFE,571.69
2025-11-19,SAFE,578.03
2025-11-20,SAFE,589.89
2025-11-21,SAFE,593.48
2025-11-24,SAFE,586.8
2025-11-25,SAFE,585.4
2025-11-26,SAFE,587.67
2025-11-27,SAFE,601.42
2025-11-28,SAFE,592.38
2025-12-01,SAFE,600.55
2025-12-02,SAFE,602.03
2025-12-03,SAFE,607.9
2025-12-04,SAFE,607.5
2025-12-05,SAFE,602.1
2025-12-08,SAFE,607.39
2025-12-09,SAFE,612.09
2025-12-10,SAFE,618.97
2025-12-11,SAFE,619.16
2025-12-12,SAFE,615.33
2025-12-15,SAFE,604.98
2025-12-16,SAFE,610.75
2025-12-17,SAFE,613.91
2025-12-18,SAFE,607.62
2025-12-19,SAFE,604.27
2025-12-22,SAFE,601.42
2025-12-23,SAFE,591.8
2025-12-24,SAFE,586.71
2025-12-25,SAFE,579.6
2025-12-26,SAFE,577.22
2025-12-29,SAFE,572.75
2025-12-30,SAFE,562.68
2025-12-31,SAFE,575.57
2024-01-01,HLTH,202.46
2024-01-02,HLTH,208.13
2024-01-03,HLTH,205.05
2024-01-04,HLTH,207.4
2024-01-05,HLTH,205.77
2024-01-08,HLTH,201.71
2024-01-09,HLTH,198.98
2024-01-10,HLTH,202.52
2024-01-11,HLTH,204.36
2024-01-12,HLTH,209.12
2024-01-15,HLTH,211.01
2024-01-16,HLTH,203.19
2024-01-17,HLTH,213.37
2024-01-18,HLTH,215.38
2024-01-19,HLTH,218.1
2024-01-22,HLTH,216.32
2024-01-23,HLTH,222.09
2024-01-24,HLTH,216.54
2024-01-25,HLTH,219.77
2024-01-26,HLTH,209.21
2024-01-29,HLTH,212.66
2024-01-30,HLTH,207.42
2024-01-31,HLTH,208.89
2024-02-01,HLTH,215.65
2024-02-02,HLTH,219.94
2024-02-05,HLTH,226.38
2024-02-06,HLTH,232.46
2024-02-07,HLTH,229.75
2024-02-08,HLTH,233.11
2024-02-09,HLTH,223.85
2024-02-12,HLTH,220.39
2024-02-13,HLTH,227.71
2024-02-14,HLTH,225.8
2024-02-15,HLTH,216.07
2024-02-16,HLTH,226.38
2024-02-19,HLTH,229.5
2024-02-20,HLTH,233.75
2024-02-21,HLTH,228.53
2024-02-22,HLTH,230.2
2024-02-23,HLTH,231.73
2024-02-26,HLTH,227.42
2024-02-27,HLTH,226.65
2024-02-28,HLTH,218.84
2024-02-29,HLTH,217.2
2024-03-01,HLTH,222.28
2024-03-04,HLTH,218.54
2024-03-05,HLTH,228.43
2024-03-06,HLTH,220.89
2024-03-07,HLTH,219.68
2024-03-08,HLTH,216.45
2024-03-11,HLTH,215.67
2024-03-12,HLTH,222.72
2024-03-13,HLTH,217.73
2024-03-14,HLTH,215.57
2024-03-15,HLTH,219.0
2024-03-18,HLTH,219.62
2024-03-19,HLTH,220.65
2024-03-20,HLTH,215.81
2024-03-21,HLTH,215.58
2024-03-22,HLTH,221.42
2024-03-25,HLTH,213.22
2024-03-26,HLTH,209.87
2024-03-27,HLTH,201.09
2024-03-28,HLTH,203.74
2024-03-29,HLTH,209.71
2024-04-01,HLTH,208.94
2024-04-02,HLTH,204.15
2024-04-03,HLTH,199.62
2024-04-04,HLTH,198.35
2024-04-05,HLTH,197.08
2024-04-08,HLTH,201.41
2024-04-09,HLTH,198.38
2024-04-10,HLTH,200.52
2024-04-11,HLTH,199.21
2024-04-12,HLTH,195.87
2024-04-15,HLTH,194.47
2024-04-16,HLTH,196.13
2024-04-17,HLTH,200.45
2024-04-18,HLTH,199.39
2024-04-19,HLTH,193.9
2024-04-22,HLTH,198.55
2024-04-23,HLTH,194.5
2024-04-24,HLTH,195.81
2024-04-25,HLTH,195.82
2024-04-26,HLTH,195.22
2024-04-29,HLTH,193.11
2024-04-30,HLTH,196.04
2024-05-01,HLTH,179.72
2024-05-02,HLTH,184.62
2024-05-03,HLTH,180.79
2024-05-06,HLTH,182.63
2024-05-07,HLTH,184.26
2024-05-08,HLTH,189.87
2024-05-09,HLTH,190.87
2024-05-10,HLTH,187.28
2024-05-13,HLTH,180.37
2024-05-14,HLTH,179.01
2024-05-15,HLTH,170.91
2024-05-16,HLTH,168.51
2024-05-17,HLTH,167.46
2024-05-20,HLTH,164.86
2024-05-21,HLTH,165.12
2024-05-22,HLTH,164.31
2024-05-23,HLTH,163.15
2024-05-24,HLTH,154.0
2024-05-27,HLTH,149.43
2024-05-28,HLTH,151.77
2024-05-29,HLTH,154.72
2024-05-30,HLTH,148.16
2024-05-31,HLTH,145.43
2024-06-03,HLTH,149.17
2024-06-04,HLTH,146.75
2024-06-05,HLTH,146.46
2024-06-06,HLTH,151.49
2024-06-07,HLTH,150.31
2024-06-10,HLTH,148.62
2024-06-11,HLTH,148.17
2024-06-12,HLTH,154.69
2024-06-13,HLTH,156.4
2024-06-14,HLTH,156.57
2024-06-17,HLTH,154.74
2024-06-18,HLTH,156.79
2024-06-19,HLTH,159.31
2024-06-20,HLTH,155.41
2024-06-21,HLTH,158.0
2024-06-24,HLTH,157.54
2024-06-25,HLTH,157.73
2024-06-26,HLTH,154.57
2024-06-27,HLTH,153.22
2024-06-28,HLTH,149.62
2024-07-01,HLTH,145.93
2024-07-02,HLTH,147.31
2024-07-03,HLTH,146.18
2024-07-04,HLTH,141.83
2024-07-05,HLTH,149.14
2024-07-08,HLTH,145.31
2024-07-09,HLTH,149.11
2024-07-10,HLTH,144.05
2024-07-11,HLTH,145.68
2024-07-12,HLTH,144.92
2024-07-15,HLTH,142.87
2024-07-16,HLTH,143.62
2024-07-17,HLTH,143.92
2024-07-18,HLTH,141.27
2024-07-19,HLTH,138.52
2024-07-22,HLTH,133.51
2024-07-23,HLTH,134.55
2024-07-24,HLTH,130.68
2024-07-25,HLTH,130.78
2024-07-26,HLTH,132.67
2024-07-29,HLTH,133.4
2024-07-30,HLTH,131.22
2024-07-31,HLTH,134.1
2024-08-01,HLTH,132.9
2024-08-02,HLTH,128.83
2024-08-05,HLTH,128.06
2024-08-06,HLTH,129.9
2024-08-07,HLTH,127.93
2024-08-08,HLTH,130.64
2024-08-09,HLTH,128.36
2024-08-12,HLTH,126.54
2024-08-13,HLTH,123.52
2024-08-14,HLTH,125.57
2024-08-15,HLTH,125.49
2024-08-16,HLTH,122.69
2024-08-19,HLTH,121.63
2024-08-20,HLTH,112.97
2024-08-21,HLTH,115.09
2024-08-22,HLTH,114.7
2024-08-23,HLTH,108.32
2024-08-26,HLTH,104.69
2024-08-27,HLTH,103.72
2024-08-28,HLTH,100.6
2024-08-29,HLTH,102.53
2024-08-30,HLTH,103.6
2024-09-02,HLTH,104.53
2024-09-03,HLTH,98.23
2024-09-04,HLTH,97.08
2024-09-05,HLTH,95.56
2024-09-06,HLTH,93.48
2024-09-09,HLTH,92.63
2024-09-10,HLTH,90.25
2024-09-11,HLTH,90.76
2024-09-12,HLTH,92.44
2024-09-13,HLTH,93.97
2024-09-16,HLTH,93.73
2024-09-17,HLTH,98.17
2024-09-18,HLTH,100.85
2024-09-19,HLTH,100.67
2024-09-20,HLTH,99.6
2024-09-23,HLTH,102.78
2024-09-24,HLTH,105.27
2024-09-25,HLTH,101.86
2024-09-26,HLTH,104.51
2024-09-27,HLTH,104.2
2024-09-30,HLTH,102.17
2024-10-01,HLTH,97.5
2024-10-02,HLTH,96.94
2024-10-03,HLTH,96.98
2024-10-04,HLTH,100.64
2024-10-07,HLTH,102.96
2024-10-08,HLTH,101.62
2024-10-09,HLTH,102.61
2024-10-10,HLTH,104.65
2024-10-11,HLTH,104.93
2024-10-14,HLTH,103.55
2024-10-15,HLTH,102.33
2024-10-16,HLTH,103.31
2024-10-17,HLTH,104.38
2024-10-18,HLTH,103.73
2024-10-21,HLTH,97.43
2024-10-22,HLTH,94.55
2024-10-23,HLTH,95.98
2024-10-24,HLTH,91.25
2024-10-25,HLTH,93.84
2024-10-28,HLTH,96.17
2024-10-29,HLTH,96.33
2024-10-30,HLTH,97.73
2024-10-31,HLTH,99.0
2024-11-01,HLTH,98.8
2024-11-04,HLTH,95.68
2024-11-05,HLTH,97.91
2024-11-06,HLTH,101.19
2024-11-07,HLTH,98.39
2024-11-08,HLTH,95.2
2024-11-11,HLTH,94.96
2024-11-12,HLTH,93.63
2024-11-13,HLTH,94.0
2024-11-14,HLTH,96.72
2024-11-15,HLTH,91.69
2024-11-18,HLTH,95.15
2024-11-19,HLTH,94.3
2024-11-20,HLTH,95.49
2024-11-21,HLTH,96.93
2024-11-22,HLTH,98.66
2024-11-25,HLTH,98.86
2024-11-26,HLTH,99.61
2024-11-27,HLTH,100.34
2024-11-28,HLTH,98.93
2024-11-29,HLTH,94.92
2024-12-02,HLTH,92.27
2024-12-03,HLTH,92.1
2024-12-04,HLTH,90.46
2024-12-05,HLTH,88.86
2024-12-06,HLTH,92.65
2024-12-09,HLTH,94.57
2024-12-10,HLTH,94.07
2024-12-11,HLTH,95.61
2024-12-12,HLTH,94.73
2024-12-13,HLTH,95.04
2024-12-16,HLTH,96.08
2024-12-17,HLTH,95.2
2024-12-18,HLTH,93.73
2024-12-19,HLTH,96.47
2024-12-20,HLTH,97.92
2024-12-23,HLTH,92.82
2024-12-24,HLTH,91.42
2024-12-25,HLTH,89.81
2024-12-26,HLTH,88.56
2024-12-27,HLTH,90.4
2024-12-30,HLTH,90.5
2024-12-31,HLTH,87.61
2025-01-01,HLTH,86.88
2025-01-02,HLTH,88.03
2025-01-03,HLTH,87.64
2025-01-06,HLTH,86.37
2025-01-07,HLTH,87.09
2025-01-08,HLTH,90.44
2025-01-09,HLTH,91.48
2025-01-10,HLTH,94.32
2025-01-13,HLTH,93.1
2025-01-14,HLTH,93.14
2025-01-15,HLTH,93.14
2025-01-16,HLTH,93.46
2025-01-17,HLTH,94.48
2025-01-20,HLTH,92.5
2025-01-21,HLTH,93.96
2025-01-22,HLTH,90.44
2025-01-23,HLTH,87.67
2025-01-24,HLTH,92.11
2025-01-27,HLTH,91.07
2025-01-28,HLTH,92.68
2025-01-29,HLTH,96.42
2025-01-30,HLTH,91.26
2025-01-31,HLTH,93.72
2025-02-03,HLTH,95.2
2025-02-04,HLTH,98.91
2025-02-05,HLTH,96.24
2025-02-06,HLTH,99.57
2025-02-07,HLTH,97.91
2025-02-10,HLTH,100.38
2025-02-11,HLTH,100.36
2025-02-12,HLTH,102.24
2025-02-13,HLTH,102.42
2025-02-14,HLTH,98.07
2025-02-17,HLTH,90.97
2025-02-18,HLTH,91.47
2025-02-19,HLTH,90.97
2025-02-20,HLTH,91.87
2025-02-21,HLTH,91.39
2025-02-24,HLTH,95.76
2025-02-25,HLTH,96.33
2025-02-26,HLTH,95.39
2025-02-27,HLTH,96.2
2025-02-28,HLTH,95.29
2025-03-03,HLTH,95.56
2025-03-04,HLTH,92.9
2025-03-05,HLTH,92.94
2025-03-06,HLTH,91.96
2025-03-07,HLTH,89.6
2025-03-10,HLTH,93.79
2025-03-11,HLTH,91.47
2025-03-12,HLTH,91.55
2025-03-13,HLTH,89.88
2025-03-14,HLTH,90.56
2025-03-17,HLTH,87.92
2025-03-18,HLTH,89.7
2025-03-19,HLTH,94.03
2025-03-20,HLTH,92.24
2025-03-21,HLTH,94.93
2025-03-24,HLTH,94.14
2025-03-25,HLTH,97.52
2025-03-26,HLTH,102.57
2025-03-27,HLTH,102.07
2025-03-28,HLTH,98.51
2025-03-31,HLTH,100.75
2025-04-01,HLTH,101.34
2025-04-02,HLTH,102.6
2025-04-03,HLTH,101.85
2025-04-04,HLTH,99.8
2025-04-07,HLTH,102.57
2025-04-08,HLTH,103.4
2025-04-09,HLTH,99.98
2025-04-10,HLTH,101.65
2025-04-11,HLTH,102.86
2025-04-14,HLTH,102.15
2025-04-15,HLTH,106.08
2025-04-16,HLTH,104.61
2025-04-17,HLTH,104.26
2025-04-18,HLTH,106.2
2025-04-21,HLTH,106.46
2025-04-22,HLTH,103.08
2025-04-23,HLTH,103.59
2025-04-24,HLTH,102.65
2025-04-25,HLTH,104.77
2025-04-28,HLTH,105.2
2025-04-29,HLTH,105.5
2025-04-30,HLTH,102.98
2025-05-01,HLTH,102.49
2025-05-02,HLTH,104.88
2025-05-05,HLTH,103.04
2025-05-06,HLTH,103.03
2025-05-07,HLTH,100.83
2025-05-08,HLTH,98.1
2025-05-09,HLTH,97.97
2025-05-12,HLTH,98.43
2025-05-13,HLTH,103.08
2025-05-14,HLTH,102.05
2025-05-15,HLTH,101.99
2025-05-16,HLTH,99.07
2025-05-19,HLTH,100.55
2025-05-20,HLTH,101.55
2025-05-21,HLTH,105.15
2025-05-22,HLTH,107.95
2025-05-23,HLTH,108.91
2025-05-26,HLTH,107.78
2025-05-27,HLTH,108.36
2025-05-28,HLTH,108.15
2025-05-29,HLTH,110.63
2025-05-30,HLTH,112.83
2025-06-02,HLTH,112.12
2025-06-03,HLTH,108.35
2025-06-04,HLTH,111.8
2025-06-05,HLTH,113.4
2025-06-06,HLTH,112.62
2025-06-09,HLTH,114.12
2025-06-10,HLTH,114.39
2025-06-11,HLTH,117.99
2025-06-12,HLTH,112.74
2025-06-13,HLTH,111.76
2025-06-16,HLTH,116.01
2025-06-17,HLTH,117.61
2025-06-18,HLTH,122.56
2025-06-19,HLTH,119.14
2025-06-20,HLTH,122.2
2025-06-23,HLTH,125.17
2025-06-24,HLTH,120.32
2025-06-25,HLTH,119.56
2025-06-26,HLTH,119.34
2025-06-27,HLTH,114.89
2025-06-30,HLTH,114.22
2025-07-01,HLTH,116.63
2025-07-02,HLTH,115.64
2025-07-03,HLTH,116.36
2025-07-04,HLTH,117.11
2025-07-07,HLTH,117.15
2025-07-08,HLTH,115.29
2025-07-09,HLTH,117.14
2025-07-10,HLTH,112.87
2025-07-11,HLTH,112.96
2025-07-14,HLTH,116.69
2025-07-15,HLTH,115.54
2025-07-16,HLTH,113.65
2025-07-17,HLTH,115.65
2025-07-18,HLTH,116.16
2025-07-21,HLTH,118.26
2025-07-22,HLTH,118.44
2025-07-23,HLTH,111.89
2025-07-24,HLTH,115.05
2025-07-25,HLTH,120.7
2025-07-28,HLTH,124.4
2025-07-29,HLTH,114.18
2025-07-30,HLTH,115.45
2025-07-31,HLTH,114.26
2025-08-01,HLTH,111.44
2025-08-04,HLTH,111.82
2025-08-05,HLTH,111.5
2025-08-06,HLTH,112.9
2025-08-07,HLTH,113.12
2025-08-08,HLTH,110.22
2025-08-11,HLTH,108.81
2025-08-12,HLTH,106.99
2025-08-13,HLTH,102.76
2025-08-14,HLTH,99.53
2025-08-15,HLTH,99.1
2025-08-18,HLTH,102.46
2025-08-19,HLTH,101.24
2025-08-20,HLTH,99.51
2025-08-21,HLTH,96.82
2025-08-22,HLTH,96.95
2025-08-25,HLTH,99.69
2025-08-26,HLTH,104.42
2025-08-27,HLTH,105.18
2025-08-28,HLTH,105.59
2025-08-29,HLTH,104.32
2025-09-01,HLTH,103.46
2025-09-02,HLTH,105.05
2025-09-03,HLTH,104.34
2025-09-04,HLTH,104.01
2025-09-05,HLTH,104.01
2025-09-08,HLTH,102.64
2025-09-09,HLTH,102.52
2025-09-10,HLTH,97.74
2025-09-11,HLTH,99.06
2025-09-12,HLTH,104.57
2025-09-15,HLTH,103.29
2025-09-16,HLTH,104.25
2025-09-17,HLTH,106.4
2025-09-18,HLTH,109.65
2025-09-19,HLTH,109.04
2025-09-22,HLTH,104.51
2025-09-23,HLTH,105.22
2025-09-24,HLTH,105.61
2025-09-25,HLTH,104.82
2025-09-26,HLTH,104.56
2025-09-29,HLTH,104.97
2025-09-30,HLTH,105.93
2025-10-01,HLTH,106.79
2025-10-02,HLTH,106.31
2025-10-03,HLTH,107.33
2025-10-06,HLTH,106.68
2025-10-07,HLTH,108.35
2025-10-08,HLTH,106.83
2025-10-09,HLTH,107.08
2025-10-10,HLTH,103.07
2025-10-13,HLTH,102.25
2025-10-14,HLTH,103.67
2025-10-15,HLTH,101.22
2025-10-16,HLTH,100.53
2025-10-17,HLTH,94.93
2025-10-20,HLTH,91.95
2025-10-21,HLTH,89.63
2025-10-22,HLTH,89.9
2025-10-23,HLTH,90.66
2025-10-24,HLTH,90.59
2025-10-27,HLTH,89.84
2025-10-28,HLTH,89.1
2025-10-29,HLTH,90.65
2025-10-30,HLTH,91.15
2025-10-31,HLTH,90.5
2025-11-03,HLTH,93.29
2025-11-04,HLTH,97.61
2025-11-05,HLTH,94.82
2025-11-06,HLTH,96.04
2025-11-07,HLTH,103.05
2025-11-10,HLTH,103.79
2025-11-11,HLTH,104.13
2025-11-12,HLTH,104.06
2025-11-13,HLTH,105.32
2025-11-14,HLTH,107.25
2025-11-17,HLTH,104.19
2025-11-18,HLTH,104.19
2025-11-19,HLTH,98.72
2025-11-20,HLTH,98.3
2025-11-21,HLTH,96.28
2025-11-24,HLTH,97.11
2025-11-25,HLTH,93.4
2025-11-26,HLTH,92.34
2025-11-27,HLTH,94.49
2025-11-28,HLTH,93.05
2025-12-01,HLTH,88.96
2025-12-02,HLTH,89.55
2025-12-03,HLTH,88.38
2025-12-04,HLTH,88.05
2025-12-05,HLTH,86.6
2025-12-08,HLTH,90.65
2025-12-09,HLTH,87.41
2025-12-10,HLTH,93.26
2025-12-11,HLTH,92.46
2025-12-12,HLTH,92.92
2025-12-15,HLTH,91.72
2025-12-16,HLTH,90.46
2025-12-17,HLTH,88.85
2025-12-18,HLTH,90.16
2025-12-19,HLTH,87.24
2025-12-22,HLTH,88.03
2025-12-23,HLTH,83.59
2025-12-24,HLTH,84.18
2025-12-25,HLTH,85.9
2025-12-26,HLTH,83.39
2025-12-29,HLTH,84.77
2025-12-30,HLTH,84.92
2025-12-31,HLTH,88.15
2024-01-01,MEDI,267.08
2024-01-02,MEDI,261.12
2024-01-03,MEDI,252.06
2024-01-04,MEDI,253.23
2024-01-05,MEDI,253.84
2024-01-08,MEDI,252.94
2024-01-09,MEDI,252.68
2024-01-10,MEDI,263.77
2024-01-11,MEDI,262.94
2024-01-12,MEDI,264.94
2024-01-15,MEDI,262.65
2024-01-16,MEDI,263.86
2024-01-17,MEDI,263.1
2024-01-18,MEDI,261.7
2024-01-19,MEDI,268.5
2024-01-22,MEDI,273.05
2024-01-23,MEDI,273.7
2024-01-24,MEDI,264.98
2024-01-25,MEDI,263.77
2024-01-26,MEDI,273.88
2024-01-29,MEDI,273.12
2024-01-30,MEDI,277.47
2024-01-31,MEDI,283.2
2024-02-01,MEDI,284.2
2024-02-02,MEDI,280.98
2024-02-05,MEDI,271.52
2024-02-06,MEDI,274.25
2024-02-07,MEDI,271.24
2024-02-08,MEDI,272.03
2024-02-09,MEDI,267.39
2024-02-12,MEDI,266.52
2024-02-13,MEDI,266.77
2024-02-14,MEDI,267.9
2024-02-15,MEDI,263.83
2024-02-16,MEDI,268.38
2024-02-19,MEDI,266.26
2024-02-20,MEDI,260.13
2024-02-21,MEDI,259.85
2024-02-22,MEDI,260.1
2024-02-23,MEDI,260.8
2024-02-26,MEDI,265.9
2024-02-27,MEDI,265.14
2024-02-28,MEDI,264.82
2024-02-29,MEDI,260.85
2024-03-01,MEDI,263.97
2024-03-04,MEDI,264.77
2024-03-05,MEDI,263.33
2024-03-06,MEDI,256.42
2024-03-07,MEDI,261.73
2024-03-08,MEDI,257.35
2024-03-11,MEDI,255.33
2024-03-12,MEDI,256.73
2024-03-13,MEDI,252.54
2024-03-14,MEDI,247.37
2024-03-15,MEDI,240.12
2024-03-18,MEDI,242.66
2024-03-19,MEDI,240.92
2024-03-20,MEDI,250.91
2024-03-21,MEDI,247.53
2024-03-22,MEDI,244.45
2024-03-25,MEDI,242.62
2024-03-26,MEDI,243.56
2024-03-27,MEDI,242.07
2024-03-28,MEDI,244.25
2024-03-29,MEDI,241.02
2024-04-01,MEDI,236.46
2024-04-02,MEDI,230.61
2024-04-03,MEDI,223.53
2024-04-04,MEDI,222.01
2024-04-05,MEDI,221.17
2024-04-08,MEDI,219.32
2024-04-09,MEDI,223.24
2024-04-10,MEDI,227.18
2024-04-11,MEDI,226.22
2024-04-12,MEDI,220.64
2024-04-15,MEDI,218.99
2024-04-16,MEDI,217.25
2024-04-17,MEDI,215.34
2024-04-18,MEDI,213.34
2024-04-19,MEDI,211.48
2024-04-22,MEDI,210.43
2024-04-23,MEDI,208.65
2024-04-24,MEDI,209.36
2024-04-25,MEDI,210.51
2024-04-26,MEDI,207.92
2024-04-29,MEDI,211.72
2024-04-30,MEDI,208.91
2024-05-01,MEDI,204.27
2024-05-02,MEDI,205.45
2024-05-03,MEDI,203.19
2024-05-06,MEDI,204.2
2024-05-07,MEDI,197.42
2024-05-08,MEDI,201.36
2024-05-09,MEDI,203.35
2024-05-10,MEDI,199.17
2024-05-13,MEDI,195.13
2024-05-14,MEDI,199.79
2024-05-15,MEDI,197.82
2024-05-16,MEDI,195.6
2024-05-17,MEDI,189.47
2024-05-20,MEDI,188.63
2024-05-21,MEDI,188.11
2024-05-22,MEDI,190.09
2024-05-23,MEDI,186.45
2024-05-24,MEDI,182.56
2024-05-27,MEDI,183.8
2024-05-28,MEDI,186.47
2024-05-29,MEDI,182.45
2024-05-30,MEDI,185.3
2024-05-31,MEDI,185.48
2024-06-03,MEDI,188.41
2024-06-04,MEDI,188.31
2024-06-05,MEDI,181.74
2024-06-06,MEDI,181.43
2024-06-07,MEDI,184.21
2024-06-10,MEDI,181.99
2024-06-11,MEDI,181.08
2024-06-12,MEDI,180.72
2024-06-13,MEDI,173.46
2024-06-14,MEDI,177.6
2024-06-17,MEDI,175.44
2024-06-18,MEDI,176.76
2024-06-19,MEDI,176.63
2024-06-20,MEDI,179.82
2024-06-21,MEDI,180.93
2024-06-24,MEDI,180.42
2024-06-25,MEDI,178.24
2024-06-26,MEDI,180.32
2024-06-27,MEDI,175.66
2024-06-28,MEDI,177.33
2024-07-01,MEDI,174.68
2024-07-02,MEDI,177.83
2024-07-03,MEDI,178.31
2024-07-04,MEDI,180.01
2024-07-05,MEDI,180.3
2024-07-08,MEDI,175.95
2024-07-09,MEDI,173.91
2024-07-10,MEDI,175.63
2024-07-11,MEDI,176.12
2024-07-12,MEDI,179.11
2024-07-15,MEDI,180.21
2024-07-16,MEDI,177.85
2024-07-17,MEDI,175.95
2024-07-18,MEDI,176.28
2024-07-19,MEDI,170.64
2024-07-22,MEDI,174.72
2024-07-23,MEDI,175.89
2024-07-24,MEDI,178.99
2024-07-25,MEDI,175.11
2024-07-26,MEDI,178.24
2024-07-29,MEDI,183.9
2024-07-30,MEDI,180.58
2024-07-31,MEDI,182.62
2024-08-01,MEDI,182.7
2024-08-02,MEDI,178.83
2024-08-05,MEDI,180.15
2024-08-06,MEDI,182.34
2024-08-07,MEDI,180.88
2024-08-08,MEDI,183.92
2024-08-09,MEDI,179.71
2024-08-12,MEDI,176.03
2024-08-13,MEDI,176.45
2024-08-14,MEDI,176.59
2024-08-15,MEDI,174.9
2024-08-16,MEDI,176.96
2024-08-19,MEDI,178.36
2024-08-20,MEDI,180.59
2024-08-21,MEDI,180.36
2024-08-22,MEDI,181.96
2024-08-23,MEDI,180.91
2024-08-26,MEDI,186.2
2024-08-27,MEDI,184.17
2024-08-28,MEDI,189.69
2024-08-29,MEDI,189.87
2024-08-30,MEDI,186.29
2024-09-02,MEDI,189.95
2024-09-03,MEDI,190.37
2024-09-04,MEDI,192.73
2024-09-05,MEDI,196.12
2024-09-06,MEDI,197.14
2024-09-09,MEDI,195.6
2024-09-10,MEDI,198.36
2024-09-11,MEDI,198.46
2024-09-12,MEDI,200.45
2024-09-13,MEDI,194.5
2024-09-16,MEDI,195.8
2024-09-17,MEDI,194.14
2024-09-18,MEDI,198.73
2024-09-19,MEDI,200.56
2024-09-20,MEDI,201.32
2024-09-23,MEDI,202.79
2024-09-24,MEDI,200.04
2024-09-25,MEDI,204.68
2024-09-26,MEDI,210.49
2024-09-27,MEDI,211.75
2024-09-30,MEDI,216.56
2024-10-01,MEDI,214.94
2024-10-02,MEDI,212.63
2024-10-03,MEDI,212.85
2024-10-04,MEDI,214.25
2024-10-07,MEDI,213.16
2024-10-08,MEDI,214.87
2024-10-09,MEDI,215.89
2024-10-10,MEDI,212.97
2024-10-11,MEDI,214.61
2024-10-14,MEDI,217.31
2024-10-15,MEDI,217.93
2024-10-16,MEDI,221.55
2024-10-17,MEDI,217.87
2024-10-18,MEDI,219.4
2024-10-21,MEDI,215.9
2024-10-22,MEDI,212.63
2024-10-23,MEDI,210.85
2024-10-24,MEDI,208.16
2024-10-25,MEDI,206.66
2024-10-28,MEDI,206.13
2024-10-29,MEDI,208.65
2024-10-30,MEDI,207.8
2024-10-31,MEDI,203.28
2024-11-01,MEDI,206.62
2024-11-04,MEDI,204.29
2024-11-05,MEDI,204.22
2024-11-06,MEDI,205.59
2024-11-07,MEDI,206.26
2024-11-08,MEDI,209.52
2024-11-11,MEDI,211.02
2024-11-12,MEDI,208.57
2024-11-13,MEDI,215.03
2024-11-14,MEDI,215.72
2024-11-15,MEDI,215.37
2024-11-18,MEDI,218.38
2024-11-19,MEDI,219.24
2024-11-20,MEDI,220.57
2024-11-21,MEDI,228.38
2024-11-22,MEDI,227.6
2024-11-25,MEDI,226.69
2024-11-26,MEDI,227.17
2024-11-27,MEDI,230.68
2024-11-28,MEDI,225.92
2024-11-29,MEDI,219.8
2024-12-02,MEDI,218.09
2024-12-03,MEDI,213.19
2024-12-04,MEDI,212.02
2024-12-05,MEDI,213.61
2024-12-06,MEDI,211.04
2024-12-09,MEDI,206.92
2024-12-10,MEDI,207.22
2024-12-11,MEDI,209.82
2024-12-12,MEDI,204.93
2024-12-13,MEDI,207.38
2024-12-16,MEDI,209.85
2024-12-17,MEDI,212.75
2024-12-18,MEDI,216.48
2024-12-19,MEDI,223.26
2024-12-20,MEDI,222.25
2024-12-23,MEDI,222.7
2024-12-24,MEDI,221.5
2024-12-25,MEDI,221.61
2024-12-26,MEDI,226.47
2024-12-27,MEDI,222.3
2024-12-30,MEDI,219.72
2024-12-31,MEDI,224.06
2025-01-01,MEDI,227.37
2025-01-02,MEDI,226.32
2025-01-03,MEDI,229.13
2025-01-06,MEDI,230.33
2025-01-07,MEDI,235.28
2025-01-08,MEDI,235.64
2025-01-09,MEDI,239.13
2025-01-10,MEDI,248.1
2025-01-13,MEDI,250.29
2025-01-14,MEDI,250.58
2025-01-15,MEDI,253.23
2025-01-16,MEDI,252.05
2025-01-17,MEDI,260.6
2025-01-20,MEDI,261.38
2025-01-21,MEDI,260.5
2025-01-22,MEDI,257.57
2025-01-23,MEDI,261.65
2025-01-24,MEDI,264.95
2025-01-27,MEDI,263.22
2025-01-28,MEDI,265.47
2025-01-29,MEDI,259.98
2025-01-30,MEDI,260.77
2025-01-31,MEDI,262.55
2025-02-03,MEDI,268.95
2025-02-04,MEDI,266.17
2025-02-05,MEDI,261.52
2025-02-06,MEDI,258.36
2025-02-07,MEDI,253.64
2025-02-10,MEDI,258.5
2025-02-11,MEDI,264.23
2025-02-12,MEDI,265.54
2025-02-13,MEDI,270.21
2025-02-14,MEDI,270.84
2025-02-17,MEDI,270.6
2025-02-18,MEDI,269.46
2025-02-19,MEDI,268.42
2025-02-20,MEDI,262.72
2025-02-21,MEDI,263.81
2025-02-24,MEDI,263.78
2025-02-25,MEDI,266.66
2025-02-26,MEDI,267.13
2025-02-27,MEDI,266.64
2025-02-28,MEDI,263.51
2025-03-03,MEDI,263.9
2025-03-04,MEDI,266.75
2025-03-05,MEDI,262.6
2025-03-06,MEDI,263.04
2025-03-07,MEDI,264.02
2025-03-10,MEDI,261.48
2025-03-11,MEDI,259.45
2025-03-12,MEDI,260.41
2025-03-13,MEDI,256.39
2025-03-14,MEDI,257.76
2025-03-17,MEDI,254.65
2025-03-18,MEDI,258.56
2025-03-19,MEDI,267.15
2025-03-20,MEDI,264.05
2025-03-21,MEDI,266.15
2025-03-24,MEDI,263.56
2025-03-25,MEDI,267.52
2025-03-26,MEDI,262.9
2025-03-27,MEDI,264.79
2025-03-28,MEDI,261.67
2025-03-31,MEDI,261.04
2025-04-01,MEDI,257.38
2025-04-02,MEDI,260.47
2025-04-03,MEDI,257.53
2025-04-04,MEDI,259.64
2025-04-07,MEDI,258.51
2025-04-08,MEDI,258.21
2025-04-09,MEDI,258.87
2025-04-10,MEDI,256.22
2025-04-11,MEDI,257.09
2025-04-14,MEDI,262.73
2025-04-15,MEDI,259.98
2025-04-16,MEDI,264.37
2025-04-17,MEDI,270.04
2025-04-18,MEDI,267.08
2025-04-21,MEDI,261.75
2025-04-22,MEDI,262.98
2025-04-23,MEDI,261.08
2025-04-24,MEDI,268.04
2025-04-25,MEDI,268.3
2025-04-28,MEDI,265.4
2025-04-29,MEDI,261.26
2025-04-30,MEDI,265.37
2025-05-01,MEDI,263.36
2025-05-02,MEDI,263.65
2025-05-05,MEDI,267.3
2025-05-06,MEDI,265.61
2025-05-07,MEDI,265.56
2025-05-08,MEDI,265.62
2025-05-09,MEDI,268.29
2025-05-12,MEDI,270.63
2025-05-13,MEDI,269.92
2025-05-14,MEDI,270.28
2025-05-15,MEDI,269.0
2025-05-16,MEDI,263.55
2025-05-19,MEDI,264.62
2025-05-20,MEDI,271.76
2025-05-21,MEDI,268.52
2025-05-22,MEDI,265.74
2025-05-23,MEDI,262.61
2025-05-26,MEDI,265.4
2025-05-27,MEDI,267.19
2025-05-28,MEDI,266.72
2025-05-29,MEDI,263.41
2025-05-30,MEDI,263.87
2025-06-02,MEDI,258.21
2025-06-03,MEDI,258.85
2025-06-04,MEDI,262.13
2025-06-05,MEDI,257.65
2025-06-06,MEDI,252.23
2025-06-09,MEDI,257.93
2025-06-10,MEDI,255.84
2025-06-11,MEDI,260.03
2025-06-12,MEDI,259.59
2025-06-13,MEDI,259.12
2025-06-16,MEDI,260.83
2025-06-17,MEDI,257.72
2025-06-18,MEDI,258.31
2025-06-19,MEDI,257.05
2025-06-20,MEDI,252.41
2025-06-23,MEDI,253.72
2025-06-24,MEDI,252.9
2025-06-25,MEDI,252.46
2025-06-26,MEDI,248.29
2025-06-27,MEDI,253.95
2025-06-30,MEDI,257.18
2025-07-01,MEDI,260.78
2025-07-02,MEDI,259.78
2025-07-03,MEDI,253.6
2025-07-04,MEDI,260.66
2025-07-07,MEDI,260.56
2025-07-08,MEDI,257.94
2025-07-09,MEDI,259.57
2025-07-10,MEDI,263.93
2025-07-11,MEDI,263.97
2025-07-14,MEDI,268.82
2025-07-15,MEDI,273.03
2025-07-16,MEDI,269.03
2025-07-17,MEDI,266.61
2025-07-18,MEDI,270.31
2025-07-21,MEDI,260.16
2025-07-22,MEDI,259.74
2025-07-23,MEDI,254.65
2025-07-24,MEDI,253.06
2025-07-25,MEDI,252.12
2025-07-28,MEDI,250.97
2025-07-29,MEDI,249.14
2025-07-30,MEDI,245.42
2025-07-31,MEDI,253.42
2025-08-01,MEDI,260.17
2025-08-04,MEDI,256.05
2025-08-05,MEDI,261.85
2025-08-06,MEDI,260.5
2025-08-07,MEDI,261.09
2025-08-08,MEDI,260.98
2025-08-11,MEDI,258.69
2025-08-12,MEDI,262.37
2025-08-13,MEDI,262.96
2025-08-14,MEDI,261.32
2025-08-15,MEDI,256.66
2025-08-18,MEDI,253.56
2025-08-19,MEDI,247.85
2025-08-20,MEDI,248.0
2025-08-21,MEDI,243.96
2025-08-22,MEDI,243.16
2025-08-25,MEDI,247.94
2025-08-26,MEDI,252.22
2025-08-27,MEDI,252.23
2025-08-28,MEDI,252.03
2025-08-29,MEDI,258.79
2025-09-01,MEDI,260.8
2025-09-02,MEDI,259.72
2025-09-03,MEDI,254.65
2025-09-04,MEDI,256.17
2025-09-05,MEDI,259.26
2025-09-08,MEDI,257.09
2025-09-09,MEDI,258.26
2025-09-10,MEDI,257.06
2025-09-11,MEDI,256.51
2025-09-12,MEDI,247.69
2025-09-15,MEDI,247.03
2025-09-16,MEDI,250.5
2025-09-17,MEDI,248.4
2025-09-18,MEDI,248.69
2025-09-19,MEDI,246.17
2025-09-22,MEDI,247.53
2025-09-23,MEDI,246.89
2025-09-24,MEDI,243.75
2025-09-25,MEDI,248.42
2025-09-26,MEDI,251.77
2025-09-29,MEDI,249.75
2025-09-30,MEDI,251.61
2025-10-01,MEDI,253.62
2025-10-02,MEDI,256.02
2025-10-03,MEDI,250.05
2025-10-06,MEDI,253.7
2025-10-07,MEDI,251.79
2025-10-08,MEDI,250.64
2025-10-09,MEDI,260.02
2025-10-10,MEDI,261.24
2025-10-13,MEDI,259.95
2025-10-14,MEDI,252.03
2025-10-15,MEDI,257.06
2025-10-16,MEDI,252.33
2025-10-17,MEDI,248.89
2025-10-20,MEDI,247.85
2025-10-21,MEDI,252.89
2025-10-22,MEDI,255.74
2025-10-23,MEDI,255.3
2025-10-24,MEDI,256.52
2025-10-27,MEDI,254.47
2025-10-28,MEDI,255.09
2025-10-29,MEDI,255.47
2025-10-30,MEDI,259.05
2025-10-31,MEDI,262.69
2025-11-03,MEDI,264.62
2025-11-04,MEDI,263.4
2025-11-05,MEDI,266.26
2025-11-06,MEDI,266.04
2025-11-07,MEDI,262.13
2025-11-10,MEDI,260.77
2025-11-11,MEDI,261.2
2025-11-12,MEDI,264.65
2025-11-13,MEDI,264.09
2025-11-14,MEDI,259.73
2025-11-17,MEDI,260.06
2025-11-18,MEDI,260.59
2025-11-19,MEDI,261.39
2025-11-20,MEDI,264.88
2025-11-21,MEDI,268.79
2025-11-24,MEDI,266.67
2025-11-25,MEDI,264.49
2025-11-26,MEDI,260.75
2025-11-27,MEDI,263.43
2025-11-28,MEDI,268.9
2025-12-01,MEDI,267.83
2025-12-02,MEDI,267.05
2025-12-03,MEDI,272.66
2025-12-04,MEDI,274.72
2025-12-05,MEDI,276.53
2025-12-08,MEDI,272.04
2025-12-09,MEDI,274.75
2025-12-10,MEDI,271.3
2025-12-11,MEDI,267.11
2025-12-12,MEDI,265.93
2025-12-15,MEDI,263.87
2025-12-16,MEDI,263.17
2025-12-17,MEDI,257.98
2025-12-18,MEDI,261.57
2025-12-19,MEDI,265.82
2025-12-22,MEDI,258.69
2025-12-23,MEDI,262.35
2025-12-24,MEDI,259.49
2025-12-25,MEDI,262.73
2025-12-26,MEDI,262.6
2025-12-29,MEDI,262.82
2025-12-30,MEDI,262.26
2025-12-31,MEDI,266.84
2024-01-01,BIOT,335.57
2024-01-02,BIOT,346.11
2024-01-03,BIOT,340.49
2024-01-04,BIOT,355.7
2024-01-05,BIOT,355.76
2024-01-08,BIOT,362.84
2024-01-09,BIOT,365.88
2024-01-10,BIOT,369.35
2024-01-11,BIOT,358.82
2024-01-12,BIOT,355.5
2024-01-15,BIOT,364.16
2024-01-16,BIOT,361.72
2024-01-17,BIOT,362.83
2024-01-18,BIOT,351.6
2024-01-19,BIOT,347.88
2024-01-22,BIOT,355.85
2024-01-23,BIOT,346.74
2024-01-24,BIOT,351.84
2024-01-25,BIOT,353.19
2024-01-26,BIOT,351.6
2024-01-29,BIOT,349.7
2024-01-30,BIOT,346.33
2024-01-31,BIOT,343.61
2024-02-01,BIOT,350.14
2024-02-02,BIOT,347.18
2024-02-05,BIOT,359.92
2024-02-06,BIOT,362.18
2024-02-07,BIOT,358.07
2024-02-08,BIOT,365.18
2024-02-09,BIOT,369.87
2024-02-12,BIOT,357.63
2024-02-13,BIOT,350.27
2024-02-14,BIOT,349.54
2024-02-15,BIOT,338.47
2024-02-16,BIOT,352.82
2024-02-19,BIOT,358.76
2024-02-20,BIOT,358.75
2024-02-21,BIOT,356.37
2024-02-22,BIOT,352.15
2024-02-23,BIOT,338.3
2024-02-26,BIOT,326.57
2024-02-27,BIOT,339.17
2024-02-28,BIOT,350.01
2024-02-29,BIOT,346.04
2024-03-01,BIOT,352.46
2024-03-04,BIOT,356.15
2024-03-05,BIOT,360.72
2024-03-06,BIOT,350.45
2024-03-07,BIOT,337.77
2024-03-08,BIOT,345.9
2024-03-11,BIOT,332.19
2024-03-12,BIOT,331.28
2024-03-13,BIOT,328.91
2024-03-14,BIOT,325.95
2024-03-15,BIOT,328.09
2024-03-18,BIOT,323.7
2024-03-19,BIOT,326.36
2024-03-20,BIOT,327.37
2024-03-21,BIOT,341.31
2024-03-22,BIOT,331.86
2024-03-25,BIOT,332.14
2024-03-26,BIOT,335.11
2024-03-27,BIOT,333.47
2024-03-28,BIOT,324.57
2024-03-29,BIOT,332.87
2024-04-01,BIOT,335.22
2024-04-02,BIOT,326.74
2024-04-03,BIOT,329.72
2024-04-04,BIOT,341.11
2024-04-05,BIOT,340.95
2024-04-08,BIOT,341.02
2024-04-09,BIOT,351.88
2024-04-10,BIOT,345.09
2024-04-11,BIOT,357.19
2024-04-12,BIOT,364.29
2024-04-15,BIOT,357.6
2024-04-16,BIOT,352.87
2024-04-17,BIOT,349.23
2024-04-18,BIOT,336.41
2024-04-19,BIOT,338.26
2024-04-22,BIOT,332.36
2024-04-23,BIOT,334.43
2024-04-24,BIOT,325.81
2024-04-25,BIOT,331.95
2024-04-26,BIOT,336.97
2024-04-29,BIOT,332.27
2024-04-30,BIOT,334.76
2024-05-01,BIOT,335.4
2024-05-02,BIOT,345.51
2024-05-03,BIOT,338.41
2024-05-06,BIOT,337.46
2024-05-07,BIOT,333.18
2024-05-08,BIOT,333.57
2024-05-09,BIOT,337.24
2024-05-10,BIOT,332.9
2024-05-13,BIOT,330.54
2024-05-14,BIOT,337.06
2024-05-15,BIOT,346.36
2024-05-16,BIOT,349.9
2024-05-17,BIOT,349.01
2024-05-20,BIOT,347.46
2024-05-21,BIOT,351.39
2024-05-22,BIOT,353.09
2024-05-23,BIOT,341.45
2024-05-24,BIOT,345.47
2024-05-27,BIOT,339.57
2024-05-28,BIOT,329.96
2024-05-29,BIOT,318.95
2024-05-30,BIOT,317.64
2024-05-31,BIOT,311.21
2024-06-03,BIOT,296.7
2024-06-04,BIOT,294.63
2024-06-05,BIOT,291.79
2024-06-06,BIOT,290.98
2024-06-07,BIOT,287.37
2024-06-10,BIOT,298.04
2024-06-11,BIOT,301.22
2024-06-12,BIOT,298.27
2024-06-13,BIOT,297.96
2024-06-14,BIOT,306.53
2024-06-17,BIOT,312.52
2024-06-18,BIOT,303.81
2024-06-19,BIOT,297.92
2024-06-20,BIOT,293.3
2024-06-21,BIOT,290.77
2024-06-24,BIOT,287.36
2024-06-25,BIOT,287.63
2024-06-26,BIOT,291.97
2024-06-27,BIOT,297.35
2024-06-28,BIOT,295.47
2024-07-01,BIOT,285.81
2024-07-02,BIOT,279.89
2024-07-03,BIOT,277.03
2024-07-04,BIOT,270.15
2024-07-05,BIOT,276.43
2024-07-08,BIOT,269.93
2024-07-09,BIOT,273.35
2024-07-10,BIOT,264.15
2024-07-11,BIOT,267.72
2024-07-12,BIOT,267.04
2024-07-15,BIOT,275.25
2024-07-16,BIOT,269.04
2024-07-17,BIOT,266.05
2024-07-18,BIOT,264.13
2024-07-19,BIOT,263.39
2024-07-22,BIOT,261.62
2024-07-23,BIOT,259.96
2024-07-24,BIOT,258.23
2024-07-25,BIOT,247.51
2024-07-26,BIOT,252.53
2024-07-29,BIOT,267.16
2024-07-30,BIOT,268.84
2024-07-31,BIOT,262.75
2024-08-01,BIOT,257.34
2024-08-02,BIOT,260.58
2024-08-05,BIOT,262.67
2024-08-06,BIOT,261.24
2024-08-07,BIOT,265.27
2024-08-08,BIOT,254.3
2024-08-09,BIOT,258.23
2024-08-12,BIOT,259.54
2024-08-13,BIOT,254.39
2024-08-14,BIOT,247.11
2024-08-15,BIOT,247.77
2024-08-16,BIOT,254.87
2024-08-19,BIOT,253.76
2024-08-20,BIOT,249.46
2024-08-21,BIOT,250.49
2024-08-22,BIOT,259.74
2024-08-23,BIOT,262.07
2024-08-26,BIOT,264.99
2024-08-27,BIOT,271.58
2024-08-28,BIOT,274.24
2024-08-29,BIOT,269.99
2024-08-30,BIOT,260.57
2024-09-02,BIOT,255.79
2024-09-03,BIOT,250.16
2024-09-04,BIOT,253.55
2024-09-05,BIOT,257.7
2024-09-06,BIOT,258.67
2024-09-09,BIOT,252.12
2024-09-10,BIOT,261.27
2024-09-11,BIOT,259.14
2024-09-12,BIOT,262.36
2024-09-13,BIOT,262.69
2024-09-16,BIOT,263.86
2024-09-17,BIOT,266.95
2024-09-18,BIOT,263.27
2024-09-19,BIOT,270.27
2024-09-20,BIOT,261.73
2024-09-23,BIOT,256.32
2024-09-24,BIOT,263.06
2024-09-25,BIOT,266.26
2024-09-26,BIOT,279.96
2024-09-27,BIOT,280.42
2024-09-30,BIOT,290.1
2024-10-01,BIOT,279.31
2024-10-02,BIOT,271.42
2024-10-03,BIOT,276.39
2024-10-04,BIOT,266.77
2024-10-07,BIOT,265.77
2024-10-08,BIOT,272.09
2024-10-09,BIOT,274.91
2024-10-10,BIOT,275.04
2024-10-11,BIOT,272.62
2024-10-14,BIOT,273.81
2024-10-15,BIOT,277.06
2024-10-16,BIOT,273.44
2024-10-17,BIOT,275.56
2024-10-18,BIOT,281.62
2024-10-21,BIOT,280.43
2024-10-22,BIOT,280.88
2024-10-23,BIOT,283.7
2024-10-24,BIOT,286.92
2024-10-25,BIOT,292.07
2024-10-28,BIOT,286.18
2024-10-29,BIOT,283.2
2024-10-30,BIOT,280.46
2024-10-31,BIOT,275.42
2024-11-01,BIOT,265.51
2024-11-04,BIOT,248.16
2024-11-05,BIOT,254.2
2024-11-06,BIOT,246.31
2024-11-07,BIOT,254.15
2024-11-08,BIOT,258.0
2024-11-11,BIOT,255.96
2024-11-12,BIOT,259.2
2024-11-13,BIOT,261.49
2024-11-14,BIOT,255.75
2024-11-15,BIOT,255.74
2024-11-18,BIOT,250.75
2024-11-19,BIOT,254.12
2024-11-20,BIOT,250.52
2024-11-21,BIOT,250.1
2024-11-22,BIOT,249.46
2024-11-25,BIOT,250.13
2024-11-26,BIOT,258.58
2024-11-27,BIOT,257.39
2024-11-28,BIOT,263.77
2024-11-29,BIOT,266.39
2024-12-02,BIOT,274.07
2024-12-03,BIOT,272.27
2024-12-04,BIOT,276.16
2024-12-05,BIOT,275.91
2024-12-06,BIOT,259.35
2024-12-09,BIOT,253.72
2024-12-10,BIOT,256.76
2024-12-11,BIOT,259.5
2024-12-12,BIOT,252.79
2024-12-13,BIOT,253.98
2024-12-16,BIOT,256.62
2024-12-17,BIOT,256.51
2024-12-18,BIOT,260.34
2024-12-19,BIOT,263.52
2024-12-20,BIOT,263.4
2024-12-23,BIOT,260.75
2024-12-24,BIOT,266.3
2024-12-25,BIOT,268.85
2024-12-26,BIOT,261.43
2024-12-27,BIOT,262.67
2024-12-30,BIOT,256.64
2024-12-31,BIOT,251.71
2025-01-01,BIOT,248.47
2025-01-02,BIOT,248.76
2025-01-03,BIOT,250.7
2025-01-06,BIOT,248.7
2025-01-07,BIOT,246.93
2025-01-08,BIOT,244.49
2025-01-09,BIOT,249.71
2025-01-10,BIOT,235.42
2025-01-13,BIOT,234.01
2025-01-14,BIOT,241.36
2025-01-15,BIOT,243.94
2025-01-16,BIOT,250.23
2025-01-17,BIOT,240.03
2025-01-20,BIOT,234.08
2025-01-21,BIOT,236.57
2025-01-22,BIOT,244.02
2025-01-23,BIOT,238.47
2025-01-24,BIOT,236.67
2025-01-27,BIOT,238.64
2025-01-28,BIOT,231.72
2025-01-29,BIOT,234.21
2025-01-30,BIOT,221.64
2025-01-31,BIOT,223.9
2025-02-03,BIOT,219.46
2025-02-04,BIOT,217.54
2025-02-05,BIOT,220.45
2025-02-06,BIOT,222.5
2025-02-07,BIOT,222.52
2025-02-10,BIOT,226.92
2025-02-11,BIOT,219.2
2025-02-12,BIOT,220.16
2025-02-13,BIOT,216.71
2025-02-14,BIOT,220.78
2025-02-17,BIOT,223.89
2025-02-18,BIOT,227.21
2025-02-19,BIOT,234.8
2025-02-20,BIOT,240.19
2025-02-21,BIOT,239.49
2025-02-24,BIOT,239.55
2025-02-25,BIOT,242.51
2025-02-26,BIOT,243.24
2025-02-27,BIOT,246.76
2025-02-28,BIOT,235.73
2025-03-03,BIOT,244.72
2025-03-04,BIOT,245.09
2025-03-05,BIOT,237.14
2025-03-06,BIOT,232.83
2025-03-07,BIOT,222.89
2025-03-10,BIOT,218.05
2025-03-11,BIOT,217.48
2025-03-12,BIOT,224.18
2025-03-13,BIOT,226.09
2025-03-14,BIOT,227.21
2025-03-17,BIOT,222.07
2025-03-18,BIOT,218.44
2025-03-19,BIOT,215.2
2025-03-20,BIOT,212.2
2025-03-21,BIOT,210.75
2025-03-24,BIOT,209.63
2025-03-25,BIOT,208.25
2025-03-26,BIOT,205.48
2025-03-27,BIOT,206.09
2025-03-28,BIOT,204.84
2025-03-31,BIOT,198.31
2025-04-01,BIOT,198.49
2025-04-02,BIOT,198.08
2025-04-03,BIOT,191.82
2025-04-04,BIOT,189.58
2025-04-07,BIOT,191.91
2025-04-08,BIOT,187.57
2025-04-09,BIOT,182.92
2025-04-10,BIOT,181.77
2025-04-11,BIOT,184.1
2025-04-14,BIOT,190.86
2025-04-15,BIOT,193.44
2025-04-16,BIOT,197.72
2025-04-17,BIOT,199.15
2025-04-18,BIOT,196.46
2025-04-21,BIOT,199.09
2025-04-22,BIOT,198.79
2025-04-23,BIOT,200.35
2025-04-24,BIOT,196.59
2025-04-25,BIOT,198.48
2025-04-28,BIOT,198.05
2025-04-29,BIOT,199.03
2025-04-30,BIOT,198.73
2025-05-01,BIOT,197.68
2025-05-02,BIOT,199.66
2025-05-05,BIOT,198.07
2025-05-06,BIOT,191.78
2025-05-07,BIOT,184.59
2025-05-08,BIOT,185.32
2025-05-09,BIOT,183.7
2025-05-12,BIOT,177.34
2025-05-13,BIOT,177.77
2025-05-14,BIOT,177.48
2025-05-15,BIOT,175.73
2025-05-16,BIOT,176.65
2025-05-19,BIOT,181.38
2025-05-20,BIOT,186.12
2025-05-21,BIOT,186.71
2025-05-22,BIOT,186.44
2025-05-23,BIOT,187.08
2025-05-26,BIOT,188.29
2025-05-27,BIOT,187.32
2025-05-28,BIOT,188.03
2025-05-29,BIOT,182.11
2025-05-30,BIOT,182.46
2025-06-02,BIOT,184.26
2025-06-03,BIOT,182.48
2025-06-04,BIOT,182.18
2025-06-05,BIOT,178.15
2025-06-06,BIOT,173.7
2025-06-09,BIOT,174.48
2025-06-10,BIOT,171.96
2025-06-11,BIOT,165.85
2025-06-12,BIOT,162.17
2025-06-13,BIOT,159.06
2025-06-16,BIOT,161.58
2025-06-17,BIOT,162.2
2025-06-18,BIOT,159.4
2025-06-19,BIOT,157.55
2025-06-20,BIOT,161.75
2025-06-23,BIOT,164.85
2025-06-24,BIOT,161.17
2025-06-25,BIOT,165.0
2025-06-26,BIOT,164.77
2025-06-27,BIOT,167.47
2025-06-30,BIOT,166.96
2025-07-01,BIOT,170.99
2025-07-02,BIOT,167.04
2025-07-03,BIOT,166.22
2025-07-04,BIOT,170.34
2025-07-07,BIOT,162.17
2025-07-08,BIOT,162.06
2025-07-09,BIOT,160.81
2025-07-10,BIOT,163.07
2025-07-11,BIOT,166.63
2025-07-14,BIOT,169.13
2025-07-15,BIOT,169.99
2025-07-16,BIOT,170.18
2025-07-17,BIOT,169.04
2025-07-18,BIOT,169.8
2025-07-21,BIOT,174.84
2025-07-22,BIOT,171.96
2025-07-23,BIOT,170.61
2025-07-24,BIOT,170.39
2025-07-25,BIOT,173.87
2025-07-28,BIOT,174.7
2025-07-29,BIOT,178.21
2025-07-30,BIOT,181.97
2025-07-31,BIOT,184.19
2025-08-01,BIOT,180.28
2025-08-04,BIOT,186.36
2025-08-05,BIOT,191.72
2025-08-06,BIOT,192.01
2025-08-07,BIOT,186.71
2025-08-08,BIOT,180.89
2025-08-11,BIOT,181.86
2025-08-12,BIOT,179.34
2025-08-13,BIOT,173.17
2025-08-14,BIOT,167.71
2025-08-15,BIOT,166.16
2025-08-18,BIOT,166.85
2025-08-19,BIOT,171.62
2025-08-20,BIOT,173.34
2025-08-21,BIOT,172.06
2025-08-22,BIOT,173.42
2025-08-25,BIOT,174.48
2025-08-26,BIOT,177.12
2025-08-27,BIOT,177.02
2025-08-28,BIOT,180.77
2025-08-29,BIOT,183.82
2025-09-01,BIOT,184.17
2025-09-02,BIOT,183.77
2025-09-03,BIOT,187.23
2025-09-04,BIOT,184.58
2025-09-05,BIOT,179.02
2025-09-08,BIOT,173.61
2025-09-09,BIOT,170.87
2025-09-10,BIOT,173.19
2025-09-11,BIOT,171.75
2025-09-12,BIOT,172.51
2025-09-15,BIOT,170.83
2025-09-16,BIOT,169.19
2025-09-17,BIOT,165.74
2025-09-18,BIOT,165.47
2025-09-19,BIOT,164.93
2025-09-22,BIOT,166.35
2025-09-23,BIOT,167.35
2025-09-24,BIOT,166.73
2025-09-25,BIOT,161.71
2025-09-26,BIOT,165.24
2025-09-29,BIOT,165.0
2025-09-30,BIOT,165.31
2025-10-01,BIOT,170.68
2025-10-02,BIOT,173.85
2025-10-03,BIOT,175.46
2025-10-06,BIOT,175.5
2025-10-07,BIOT,175.5
2025-10-08,BIOT,176.4
2025-10-09,BIOT,177.89
2025-10-10,BIOT,184.07
2025-10-13,BIOT,193.29
2025-10-14,BIOT,194.47
2025-10-15,BIOT,186.08
2025-10-16,BIOT,182.56
2025-10-17,BIOT,189.27
2025-10-20,BIOT,192.06
2025-10-21,BIOT,193.76
2025-10-22,BIOT,193.16
2025-10-23,BIOT,188.58
2025-10-24,BIOT,195.0
2025-10-27,BIOT,191.82
2025-10-28,BIOT,194.68
2025-10-29,BIOT,189.63
2025-10-30,BIOT,188.86
2025-10-31,BIOT,192.68
2025-11-03,BIOT,191.76
2025-11-04,BIOT,190.39
2025-11-05,BIOT,190.48
2025-11-06,BIOT,185.4
2025-11-07,BIOT,179.75
2025-11-10,BIOT,182.38
2025-11-11,BIOT,180.88
2025-11-12,BIOT,183.5
2025-11-13,BIOT,187.68
2025-11-14,BIOT,192.26
2025-11-17,BIOT,186.03
2025-11-18,BIOT,183.46
2025-11-19,BIOT,185.49
2025-11-20,BIOT,187.61
2025-11-21,BIOT,196.16
2025-11-24,BIOT,192.62
2025-11-25,BIOT,197.21
2025-11-26,BIOT,198.74
2025-11-27,BIOT,192.22
2025-11-28,BIOT,190.15
2025-12-01,BIOT,191.2
2025-12-02,BIOT,184.68
2025-12-03,BIOT,177.01
2025-12-04,BIOT,170.77
2025-12-05,BIOT,171.71
2025-12-08,BIOT,170.07
2025-12-09,BIOT,167.99
2025-12-10,BIOT,166.05
2025-12-11,BIOT,161.33
2025-12-12,BIOT,159.88
2025-12-15,BIOT,154.06
2025-12-16,BIOT,157.78
2025-12-17,BIOT,163.21
2025-12-18,BIOT,155.6
2025-12-19,BIOT,154.16
2025-12-22,BIOT,152.95
2025-12-23,BIOT,152.45
2025-12-24,BIOT,155.57
2025-12-25,BIOT,154.14
2025-12-26,BIOT,153.91
2025-12-29,BIOT,163.19
2025-12-30,BIOT,162.86
2025-12-31,BIOT,168.7
2024-01-01,LIFE,131.35
2024-01-02,LIFE,127.03
2024-01-03,LIFE,127.03
2024-01-04,LIFE,126.58
2024-01-05,LIFE,125.39
2024-01-08,LIFE,126.66
2024-01-09,LIFE,124.58
2024-01-10,LIFE,121.44
2024-01-11,LIFE,121.76
2024-01-12,LIFE,122.84
2024-01-15,LIFE,119.67
2024-01-16,LIFE,122.17
2024-01-17,LIFE,117.41
2024-01-18,LIFE,115.93
2024-01-19,LIFE,115.3
2024-01-22,LIFE,113.71
2024-01-23,LIFE,112.32
2024-01-24,LIFE,117.01
2024-01-25,LIFE,114.83
2024-01-26,LIFE,121.08
2024-01-29,LIFE,122.28
2024-01-30,LIFE,122.57
2024-01-31,LIFE,123.89
2024-02-01,LIFE,130.87
2024-02-02,LIFE,128.03
2024-02-05,LIFE,124.88
2024-02-06,LIFE,122.83
2024-02-07,LIFE,122.95
2024-02-08,LIFE,118.28
2024-02-09,LIFE,118.37
2024-02-12,LIFE,122.85
2024-02-13,LIFE,123.3
2024-02-14,LIFE,122.53
2024-02-15,LIFE,120.89
2024-02-16,LIFE,123.33
2024-02-19,LIFE,121.1
2024-02-20,LIFE,126.09
2024-02-21,LIFE,131.53
2024-02-22,LIFE,132.31
2024-02-23,LIFE,132.32
2024-02-26,LIFE,135.38
2024-02-27,LIFE,138.7
2024-02-28,LIFE,136.26
2024-02-29,LIFE,134.71
2024-03-01,LIFE,130.8
2024-03-04,LIFE,132.02
2024-03-05,LIFE,134.0
2024-03-06,LIFE,130.03
2024-03-07,LIFE,128.76
2024-03-08,LIFE,124.95
2024-03-11,LIFE,122.49
2024-03-12,LIFE,124.02
2024-03-13,LIFE,122.04
2024-03-14,LIFE,121.26
2024-03-15,LIFE,116.92
2024-03-18,LIFE,117.44
2024-03-19,LIFE,117.36
2024-03-20,LIFE,115.49
2024-03-21,LIFE,115.04
2024-03-22,LIFE,115.53
2024-03-25,LIFE,113.48
2024-03-26,LIFE,109.8
2024-03-27,LIFE,114.22
2024-03-28,LIFE,112.65
2024-03-29,LIFE,112.44
2024-04-01,LIFE,114.99
2024-04-02,LIFE,124.01
2024-04-03,LIFE,120.63
2024-04-04,LIFE,121.86
2024-04-05,LIFE,119.99
2024-04-08,LIFE,118.59
2024-04-09,LIFE,116.73
2024-04-10,LIFE,113.85
2024-04-11,LIFE,113.78
2024-04-12,LIFE,110.09
2024-04-15,LIFE,112.43
2024-04-16,LIFE,112.6
2024-04-17,LIFE,113.68
2024-04-18,LIFE,112.54
2024-04-19,LIFE,111.66
2024-04-22,LIFE,112.4
2024-04-23,LIFE,109.53
2024-04-24,LIFE,108.69
2024-04-25,LIFE,106.65
2024-04-26,LIFE,104.57
2024-04-29,LIFE,99.71
2024-04-30,LIFE,102.7
2024-05-01,LIFE,101.17
2024-05-02,LIFE,103.8
2024-05-03,LIFE,106.29
2024-05-06,LIFE,103.29
2024-05-07,LIFE,100.83
2024-05-08,LIFE,106.58
2024-05-09,LIFE,110.74
2024-05-10,LIFE,110.7
2024-05-13,LIFE,111.36
2024-05-14,LIFE,109.83
2024-05-15,LIFE,110.91
2024-05-16,LIFE,109.18
2024-05-17,LIFE,104.29
2024-05-20,LIFE,101.27
2024-05-21,LIFE,101.34
2024-05-22,LIFE,98.83
2024-05-23,LIFE,98.71
2024-05-24,LIFE,96.39
2024-05-27,LIFE,94.74
2024-05-28,LIFE,96.56
2024-05-29,LIFE,97.12
2024-05-30,LIFE,97.12
2024-05-31,LIFE,99.04
2024-06-03,LIFE,100.12
2024-06-04,LIFE,103.36
2024-06-05,LIFE,102.34
2024-06-06,LIFE,101.39
2024-06-07,LIFE,98.5
2024-06-10,LIFE,97.59
2024-06-11,LIFE,99.7
2024-06-12,LIFE,102.6
2024-06-13,LIFE,104.81
2024-06-14,LIFE,100.67
2024-06-17,LIFE,103.12
2024-06-18,LIFE,98.95
2024-06-19,LIFE,100.94
2024-06-20,LIFE,100.15
2024-06-21,LIFE,101.73
2024-06-24,LIFE,98.76
2024-06-25,LIFE,101.35
2024-06-26,LIFE,98.09
2024-06-27,LIFE,96.66
2024-06-28,LIFE,94.55
2024-07-01,LIFE,90.9
2024-07-02,LIFE,91.11
2024-07-03,LIFE,94.79
2024-07-04,LIFE,100.42
2024-07-05,LIFE,100.66
2024-07-08,LIFE,103.18
2024-07-09,LIFE,103.74
2024-07-10,LIFE,104.91
2024-07-11,LIFE,104.15
2024-07-12,LIFE,104.63
2024-07-15,LIFE,105.9
2024-07-16,LIFE,104.57
2024-07-17,LIFE,104.42
2024-07-18,LIFE,104.32
2024-07-19,LIFE,106.25
2024-07-22,LIFE,103.77
2024-07-23,LIFE,103.68
2024-07-24,LIFE,108.11
2024-07-25,LIFE,110.92
2024-07-26,LIFE,114.27
2024-07-29,LIFE,114.37
2024-07-30,LIFE,115.21
2024-07-31,LIFE,117.8
2024-08-01,LIFE,121.91
2024-08-02,LIFE,116.67
2024-08-05,LIFE,113.3
2024-08-06,LIFE,116.62
2024-08-07,LIFE,115.94
2024-08-08,LIFE,114.24
2024-08-09,LIFE,111.1
2024-08-12,LIFE,109.76
2024-08-13,LIFE,106.38
2024-08-14,LIFE,111.34
2024-08-15,LIFE,111.32
2024-08-16,LIFE,111.2
2024-08-19,LIFE,112.68
2024-08-20,LIFE,115.12
2024-08-21,LIFE,117.56
2024-08-22,LIFE,120.39
2024-08-23,LIFE,118.74
2024-08-26,LIFE,117.99
2024-08-27,LIFE,120.04
2024-08-28,LIFE,118.67
2024-08-29,LIFE,118.69
2024-08-30,LIFE,119.77
2024-09-02,LIFE,121.88
2024-09-03,LIFE,117.12
2024-09-04,LIFE,119.0
2024-09-05,LIFE,118.42
2024-09-06,LIFE,120.31
2024-09-09,LIFE,122.41
2024-09-10,LIFE,126.81
2024-09-11,LIFE,130.65
2024-09-12,LIFE,134.58
2024-09-13,LIFE,138.93
2024-09-16,LIFE,139.86
2024-09-17,LIFE,140.0
2024-09-18,LIFE,142.75
2024-09-19,LIFE,145.1
2024-09-20,LIFE,144.15
2024-09-23,LIFE,145.48
2024-09-24,LIFE,145.41
2024-09-25,LIFE,142.7
2024-09-26,LIFE,146.82
2024-09-27,LIFE,147.04
2024-09-30,LIFE,153.75
2024-10-01,LIFE,148.26
2024-10-02,LIFE,146.47
2024-10-03,LIFE,146.62
2024-10-04,LIFE,150.35
2024-10-07,LIFE,151.72
2024-10-08,LIFE,152.81
2024-10-09,LIFE,149.04
2024-10-10,LIFE,145.26
2024-10-11,LIFE,146.33
2024-10-14,LIFE,141.95
2024-10-15,LIFE,140.32
2024-10-16,LIFE,141.91
2024-10-17,LIFE,138.86
2024-10-18,LIFE,143.84
2024-10-21,LIFE,147.78
2024-10-22,LIFE,142.68
2024-10-23,LIFE,139.77
2024-10-24,LIFE,132.73
2024-10-25,LIFE,130.46
2024-10-28,LIFE,132.71
2024-10-29,LIFE,131.53
2024-10-30,LIFE,132.91
2024-10-31,LIFE,128.47
2024-11-01,LIFE,130.77
2024-11-04,LIFE,129.2
2024-11-05,LIFE,129.27
2024-11-06,LIFE,129.04
2024-11-07,LIFE,125.44
2024-11-08,LIFE,122.27
2024-11-11,LIFE,124.93
2024-11-12,LIFE,126.06
2024-11-13,LIFE,129.03
2024-11-14,LIFE,130.0
2024-11-15,LIFE,130.45
2024-11-18,LIFE,125.49
2024-11-19,LIFE,124.77
2024-11-20,LIFE,124.73
2024-11-21,LIFE,130.17
2024-11-22,LIFE,132.18
2024-11-25,LIFE,136.72
2024-11-26,LIFE,138.57
2024-11-27,LIFE,136.42
2024-11-28,LIFE,136.81
2024-11-29,LIFE,137.57
2024-12-02,LIFE,134.74
2024-12-03,LIFE,133.63
2024-12-04,LIFE,133.06
2024-12-05,LIFE,137.83
2024-12-06,LIFE,131.51
2024-12-09,LIFE,135.07
2024-12-10,LIFE,132.3
2024-12-11,LIFE,128.31
2024-12-12,LIFE,131.7
2024-12-13,LIFE,133.88
2024-12-16,LIFE,137.63
2024-12-17,LIFE,140.11
2024-12-18,LIFE,146.55
2024-12-19,LIFE,148.4
2024-12-20,LIFE,147.93
2024-12-23,LIFE,149.1
2024-12-24,LIFE,153.25
2024-12-25,LIFE,150.64
2024-12-26,LIFE,148.51
2024-12-27,LIFE,147.53
2024-12-30,LIFE,140.69
2024-12-31,LIFE,141.16
2025-01-01,LIFE,135.3
2025-01-02,LIFE,135.5
2025-01-03,LIFE,138.13
2025-01-06,LIFE,136.71
2025-01-07,LIFE,141.83
2025-01-08,LIFE,137.28
2025-01-09,LIFE,140.94
2025-01-10,LIFE,143.09
2025-01-13,LIFE,137.69
2025-01-14,LIFE,145.99
2025-01-15,LIFE,145.83
2025-01-16,LIFE,143.03
2025-01-17,LIFE,138.61
2025-01-20,LIFE,137.98
2025-01-21,LIFE,137.62
2025-01-22,LIFE,137.98
2025-01-23,LIFE,137.1
2025-01-24,LIFE,139.06
2025-01-27,LIFE,137.91
2025-01-28,LIFE,132.03
2025-01-29,LIFE,131.63
2025-01-30,LIFE,124.76
2025-01-31,LIFE,125.78
2025-02-03,LIFE,123.08
2025-02-04,LIFE,123.56
2025-02-05,LIFE,127.19
2025-02-06,LIFE,124.55
2025-02-07,LIFE,127.52
2025-02-10,LIFE,126.33
2025-02-11,LIFE,131.27
2025-02-12,LIFE,130.24
2025-02-13,LIFE,127.85
2025-02-14,LIFE,129.84
2025-02-17,LIFE,128.62
2025-02-18,LIFE,126.26
2025-02-19,LIFE,124.95
2025-02-20,LIFE,124.87
2025-02-21,LIFE,128.61
2025-02-24,LIFE,123.14
2025-02-25,LIFE,123.23
2025-02-26,LIFE,124.97
2025-02-27,LIFE,125.55
2025-02-28,LIFE,129.22
2025-03-03,LIFE,129.05
2025-03-04,LIFE,128.56
2025-03-05,LIFE,130.28
2025-03-06,LIFE,130.6
2025-03-07,LIFE,129.51
2025-03-10,LIFE,131.02
2025-03-11,LIFE,129.17
2025-03-12,LIFE,127.45
2025-03-13,LIFE,126.0
2025-03-14,LIFE,129.81
2025-03-17,LIFE,120.58
2025-03-18,LIFE,121.67
2025-03-19,LIFE,121.8
2025-03-20,LIFE,117.29
2025-03-21,LIFE,118.13
2025-03-24,LIFE,119.41
2025-03-25,LIFE,121.0
2025-03-26,LIFE,113.92
2025-03-27,LIFE,117.4
2025-03-28,LIFE,115.52
2025-03-31,LIFE,117.31
2025-04-01,LIFE,119.27
2025-04-02,LIFE,116.98
2025-04-03,LIFE,118.73
2025-04-04,LIFE,117.75
2025-04-07,LIFE,112.37
2025-04-08,LIFE,115.31
2025-04-09,LIFE,113.36
2025-04-10,LIFE,111.25
2025-04-11,LIFE,110.29
2025-04-14,LIFE,110.98
2025-04-15,LIFE,110.87
2025-04-16,LIFE,112.25
2025-04-17,LIFE,108.95
2025-04-18,LIFE,107.18
2025-04-21,LIFE,106.94
2025-04-22,LIFE,111.47
2025-04-23,LIFE,111.22
2025-04-24,LIFE,113.92
2025-04-25,LIFE,114.05
2025-04-28,LIFE,112.86
2025-04-29,LIFE,112.27
2025-04-30,LIFE,111.89
2025-05-01,LIFE,113.41
2025-05-02,LIFE,116.9
2025-05-05,LIFE,117.86
2025-05-06,LIFE,121.0
2025-05-07,LIFE,118.44
2025-05-08,LIFE,117.39
2025-05-09,LIFE,115.54
2025-05-12,LIFE,116.37
2025-05-13,LIFE,115.48
2025-05-14,LIFE,117.38
2025-05-15,LIFE,114.99
2025-05-16,LIFE,115.13
2025-05-19,LIFE,116.92
2025-05-20,LIFE,111.6
2025-05-21,LIFE,116.87
2025-05-22,LIFE,116.17
2025-05-23,LIFE,110.99
2025-05-26,LIFE,111.41
2025-05-27,LIFE,111.52
2025-05-28,LIFE,111.35
2025-05-29,LIFE,113.83
2025-05-30,LIFE,115.75
2025-06-02,LIFE,116.54
2025-06-03,LIFE,117.74
2025-06-04,LIFE,117.5
2025-06-05,LIFE,122.15
2025-06-06,LIFE,118.18
2025-06-09,LIFE,118.58
2025-06-10,LIFE,118.79
2025-06-11,LIFE,120.96
2025-06-12,LIFE,118.73
2025-06-13,LIFE,114.18
2025-06-16,LIFE,114.6
2025-06-17,LIFE,115.35
2025-06-18,LIFE,119.19
2025-06-19,LIFE,115.87
2025-06-20,LIFE,118.86
2025-06-23,LIFE,125.13
2025-06-24,LIFE,124.12
2025-06-25,LIFE,120.6
2025-06-26,LIFE,119.55
2025-06-27,LIFE,119.62
2025-06-30,LIFE,121.15
2025-07-01,LIFE,119.59
2025-07-02,LIFE,123.75
2025-07-03,LIFE,120.73
2025-07-04,LIFE,116.11
2025-07-07,LIFE,118.99
2025-07-08,LIFE,113.02
2025-07-09,LIFE,112.54
2025-07-10,LIFE,120.35
2025-07-11,LIFE,120.35
2025-07-14,LIFE,117.39
2025-07-15,LIFE,117.28
2025-07-16,LIFE,117.18
2025-07-17,LIFE,117.63
2025-07-18,LIFE,119.38
2025-07-21,LIFE,116.67
2025-07-22,LIFE,121.06
2025-07-23,LIFE,121.75
2025-07-24,LIFE,123.75
2025-07-25,LIFE,122.06
2025-07-28,LIFE,125.57
2025-07-29,LIFE,124.89
2025-07-30,LIFE,125.7
2025-07-31,LIFE,123.13
2025-08-01,LIFE,120.45
2025-08-04,LIFE,122.32
2025-08-05,LIFE,121.15
2025-08-06,LIFE,118.89
2025-08-07,LIFE,117.23
2025-08-08,LIFE,119.08
2025-08-11,LIFE,117.45
2025-08-12,LIFE,117.17
2025-08-13,LIFE,117.25
2025-08-14,LIFE,112.3
2025-08-15,LIFE,108.67
2025-08-18,LIFE,109.51
2025-08-19,LIFE,107.75
2025-08-20,LIFE,110.3
2025-08-21,LIFE,112.69
2025-08-22,LIFE,114.52
2025-08-25,LIFE,119.17
2025-08-26,LIFE,118.99
2025-08-27,LIFE,120.73
2025-08-28,LIFE,119.2
2025-08-29,LIFE,125.71
2025-09-01,LIFE,131.27
2025-09-02,LIFE,131.34
2025-09-03,LIFE,132.5
2025-09-04,LIFE,136.53
2025-09-05,LIFE,136.12
2025-09-08,LIFE,134.18
2025-09-09,LIFE,136.82
2025-09-10,LIFE,137.09
2025-09-11,LIFE,137.69
2025-09-12,LIFE,135.18
2025-09-15,LIFE,130.07
2025-09-16,LIFE,130.79
2025-09-17,LIFE,133.45
2025-09-18,LIFE,132.82
2025-09-19,LIFE,137.08
2025-09-22,LIFE,134.98
2025-09-23,LIFE,131.86
2025-09-24,LIFE,131.7
2025-09-25,LIFE,131.5
2025-09-26,LIFE,133.78
2025-09-29,LIFE,131.52
2025-09-30,LIFE,135.54
2025-10-01,LIFE,141.49
2025-10-02,LIFE,141.4
2025-10-03,LIFE,145.36
2025-10-06,LIFE,142.0
2025-10-07,LIFE,145.42
2025-10-08,LIFE,148.83
2025-10-09,LIFE,151.72
2025-10-10,LIFE,151.71
2025-10-13,LIFE,141.82
2025-10-14,LIFE,139.84
2025-10-15,LIFE,137.94
2025-10-16,LIFE,134.99
2025-10-17,LIFE,135.39
2025-10-20,LIFE,134.17
2025-10-21,LIFE,131.76
2025-10-22,LIFE,128.7
2025-10-23,LIFE,126.7
2025-10-24,LIFE,129.88
2025-10-27,LIFE,128.02
2025-10-28,LIFE,126.59
2025-10-29,LIFE,125.34
2025-10-30,LIFE,126.32
2025-10-31,LIFE,127.63
2025-11-03,LIFE,119.06
2025-11-04,LIFE,121.78
2025-11-05,LIFE,125.7
2025-11-06,LIFE,122.8
2025-11-07,LIFE,120.19
2025-11-10,LIFE,119.03
2025-11-11,LIFE,117.07
2025-11-12,LIFE,117.68
2025-11-13,LIFE,112.63
2025-11-14,LIFE,109.88
2025-11-17,LIFE,113.65
2025-11-18,LIFE,111.35
2025-11-19,LIFE,114.45
2025-11-20,LIFE,115.38
2025-11-21,LIFE,110.78
2025-11-24,LIFE,112.38
2025-11-25,LIFE,112.11
2025-11-26,LIFE,111.01
2025-11-27,LIFE,111.65
2025-11-28,LIFE,112.85
2025-12-01,LIFE,114.65
2025-12-02,LIFE,117.68
2025-12-03,LIFE,118.77
2025-12-04,LIFE,115.19
2025-12-05,LIFE,114.01
2025-12-08,LIFE,121.48
2025-12-09,LIFE,123.46
2025-12-10,LIFE,129.98
2025-12-11,LIFE,134.03
2025-12-12,LIFE,134.79
2025-12-15,LIFE,135.73
2025-12-16,LIFE,135.65
2025-12-17,LIFE,130.47
2025-12-18,LIFE,130.55
2025-12-19,LIFE,134.09
2025-12-22,LIFE,132.35
2025-12-23,LIFE,133.59
2025-12-24,LIFE,136.15
2025-12-25,LIFE,133.44
2025-12-26,LIFE,132.15
2025-12-29,LIFE,129.2
2025-12-30,LIFE,126.88
2025-12-31,LIFE,123.3
2024-01-01,CURE,378.68
2024-01-02,CURE,370.0
2024-01-03,CURE,364.19
2024-01-04,CURE,368.86
2024-01-05,CURE,370.82
2024-01-08,CURE,377.03
2024-01-09,CURE,368.33
2024-01-10,CURE,366.53
2024-01-11,CURE,362.52
2024-01-12,CURE,355.27
2024-01-15,CURE,359.28
2024-01-16,CURE,365.61
2024-01-17,CURE,363.49
2024-01-18,CURE,373.76
2024-01-19,CURE,368.51
2024-01-22,CURE,378.77
2024-01-23,CURE,382.81
2024-01-24,CURE,374.36
2024-01-25,CURE,388.09
2024-01-26,CURE,385.06
2024-01-29,CURE,393.71
2024-01-30,CURE,394.9
2024-01-31,CURE,397.75
2024-02-01,CURE,404.46
2024-02-02,CURE,410.88
2024-02-05,CURE,408.45
2024-02-06,CURE,412.57
2024-02-07,CURE,416.17
2024-02-08,CURE,417.95
2024-02-09,CURE,416.54
2024-02-12,CURE,418.31
2024-02-13,CURE,433.54
2024-02-14,CURE,431.35
2024-02-15,CURE,441.05
2024-02-16,CURE,436.2
2024-02-19,CURE,429.31
2024-02-20,CURE,455.24
2024-02-21,CURE,459.91
2024-02-22,CURE,464.86
2024-02-23,CURE,470.1
2024-02-26,CURE,482.39
2024-02-27,CURE,486.17
2024-02-28,CURE,493.62
2024-02-29,CURE,484.21
2024-03-01,CURE,493.12
2024-03-04,CURE,491.16
2024-03-05,CURE,497.38
2024-03-06,CURE,481.92
2024-03-07,CURE,487.66
2024-03-08,CURE,467.8
2024-03-11,CURE,465.6
2024-03-12,CURE,451.21
2024-03-13,CURE,456.6
2024-03-14,CURE,457.35
2024-03-15,CURE,451.05
2024-03-18,CURE,463.07
2024-03-19,CURE,455.62
2024-03-20,CURE,430.47
2024-03-21,CURE,434.68
2024-03-22,CURE,420.76
2024-03-25,CURE,414.24
2024-03-26,CURE,410.46
2024-03-27,CURE,399.89
2024-03-28,CURE,396.42
2024-03-29,CURE,386.35
2024-04-01,CURE,387.64
2024-04-02,CURE,379.05
2024-04-03,CURE,379.39
2024-04-04,CURE,387.61
2024-04-05,CURE,393.3
2024-04-08,CURE,392.85
2024-04-09,CURE,385.88
2024-04-10,CURE,387.14
2024-04-11,CURE,382.34
2024-04-12,CURE,383.89
2024-04-15,CURE,371.96
2024-04-16,CURE,377.59
2024-04-17,CURE,377.96
2024-04-18,CURE,393.39
2024-04-19,CURE,402.95
2024-04-22,CURE,407.28
2024-04-23,CURE,406.5
2024-04-24,CURE,401.2
2024-04-25,CURE,408.28
2024-04-26,CURE,406.71
2024-04-29,CURE,415.56
2024-04-30,CURE,418.76
2024-05-01,CURE,422.04
2024-05-02,CURE,426.79
2024-05-03,CURE,419.75
2024-05-06,CURE,412.04
2024-05-07,CURE,404.21
2024-05-08,CURE,412.11
2024-05-09,CURE,405.11
2024-05-10,CURE,399.16
2024-05-13,CURE,403.24
2024-05-14,CURE,401.52
2024-05-15,CURE,398.87
2024-05-16,CURE,395.6
2024-05-17,CURE,378.88
2024-05-20,CURE,372.3
2024-05-21,CURE,380.49
2024-05-22,CURE,376.87
2024-05-23,CURE,363.88
2024-05-24,CURE,357.28
2024-05-27,CURE,359.77
2024-05-28,CURE,362.14
2024-05-29,CURE,360.31
2024-05-30,CURE,355.89
2024-05-31,CURE,346.87
2024-06-03,CURE,349.34
2024-06-04,CURE,354.83
2024-06-05,CURE,363.34
2024-06-06,CURE,356.07
2024-06-07,CURE,365.11
2024-06-10,CURE,364.86
2024-06-11,CURE,365.17
2024-06-12,CURE,371.28
2024-06-13,CURE,367.73
2024-06-14,CURE,353.28
2024-06-17,CURE,357.97
2024-06-18,CURE,360.38
2024-06-19,CURE,358.13
2024-06-20,CURE,362.35
2024-06-21,CURE,367.97
2024-06-24,CURE,357.9
2024-06-25,CURE,358.18
2024-06-26,CURE,343.35
2024-06-27,CURE,342.7
2024-06-28,CURE,340.48
2024-07-01,CURE,343.67
2024-07-02,CURE,337.04
2024-07-03,CURE,334.55
2024-07-04,CURE,314.95
2024-07-05,CURE,318.28
2024-07-08,CURE,317.88
2024-07-09,CURE,318.5
2024-07-10,CURE,309.9
2024-07-11,CURE,312.27
2024-07-12,CURE,321.84
2024-07-15,CURE,320.86
2024-07-16,CURE,324.8
2024-07-17,CURE,319.74
2024-07-18,CURE,319.4
2024-07-19,CURE,310.55
2024-07-22,CURE,315.15
2024-07-23,CURE,316.18
2024-07-24,CURE,309.23
2024-07-25,CURE,304.79
2024-07-26,CURE,305.24
2024-07-29,CURE,310.52
2024-07-30,CURE,319.05
2024-07-31,CURE,318.38
2024-08-01,CURE,310.53
2024-08-02,CURE,312.0
2024-08-05,CURE,322.32
2024-08-06,CURE,312.85
2024-08-07,CURE,307.49
2024-08-08,CURE,311.04
2024-08-09,CURE,312.03
2024-08-12,CURE,309.02
2024-08-13,CURE,310.38
2024-08-14,CURE,316.05
2024-08-15,CURE,315.59
2024-08-16,CURE,314.63
2024-08-19,CURE,318.14
2024-08-20,CURE,316.68
2024-08-21,CURE,323.42
2024-08-22,CURE,335.55
2024-08-23,CURE,330.18
2024-08-26,CURE,322.73
2024-08-27,CURE,325.05
2024-08-28,CURE,317.51
2024-08-29,CURE,310.04
2024-08-30,CURE,298.5
2024-09-02,CURE,296.52
2024-09-03,CURE,296.45
2024-09-04,CURE,293.74
2024-09-05,CURE,301.33
2024-09-06,CURE,308.71
2024-09-09,CURE,319.73
2024-09-10,CURE,320.12
2024-09-11,CURE,327.18
2024-09-12,CURE,329.15
2024-09-13,CURE,330.52
2024-09-16,CURE,327.81
2024-09-17,CURE,314.33
2024-09-18,CURE,318.11
2024-09-19,CURE,324.96
2024-09-20,CURE,315.99
2024-09-23,CURE,316.04
2024-09-24,CURE,321.9
2024-09-25,CURE,319.89
2024-09-26,CURE,327.0
2024-09-27,CURE,326.28
2024-09-30,CURE,323.26
2024-10-01,CURE,330.78
2024-10-02,CURE,325.24
2024-10-03,CURE,321.03
2024-10-04,CURE,315.88
2024-10-07,CURE,309.37
2024-10-08,CURE,310.35
2024-10-09,CURE,307.55
2024-10-10,CURE,310.41
2024-10-11,CURE,300.65
2024-10-14,CURE,294.57
2024-10-15,CURE,294.96
2024-10-16,CURE,303.01
2024-10-17,CURE,305.22
2024-10-18,CURE,302.03
2024-10-21,CURE,293.89
2024-10-22,CURE,290.51
2024-10-23,CURE,290.38
2024-10-24,CURE,277.94
2024-10-25,CURE,271.86
2024-10-28,CURE,268.28
2024-10-29,CURE,267.11
2024-10-30,CURE,266.94
2024-10-31,CURE,264.05
2024-11-01,CURE,266.59
2024-11-04,CURE,267.29
2024-11-05,CURE,265.58
2024-11-06,CURE,268.8
2024-11-07,CURE,271.67
2024-11-08,CURE,264.53
2024-11-11,CURE,264.47
2024-11-12,CURE,268.88
2024-11-13,CURE,274.18
2024-11-14,CURE,276.15
2024-11-15,CURE,275.06
2024-11-18,CURE,277.29
2024-11-19,CURE,281.49
2024-11-20,CURE,282.19
2024-11-21,CURE,283.47
2024-11-22,CURE,282.28
2024-11-25,CURE,275.46
2024-11-26,CURE,274.68
2024-11-27,CURE,271.37
2024-11-28,CURE,268.11
2024-11-29,CURE,275.26
2024-12-02,CURE,280.15
2024-12-03,CURE,271.56
2024-12-04,CURE,266.26
2024-12-05,CURE,264.58
2024-12-06,CURE,261.56
2024-12-09,CURE,263.18
2024-12-10,CURE,257.28
2024-12-11,CURE,261.89
2024-12-12,CURE,261.77
2024-12-13,CURE,260.23
2024-12-16,CURE,260.25
2024-12-17,CURE,258.36
2024-12-18,CURE,248.83
2024-12-19,CURE,248.98
2024-12-20,CURE,247.6
2024-12-23,CURE,243.36
2024-12-24,CURE,248.34
2024-12-25,CURE,251.48
2024-12-26,CURE,262.81
2024-12-27,CURE,266.92
2024-12-30,CURE,263.87
2024-12-31,CURE,259.58
2025-01-01,CURE,257.32
2025-01-02,CURE,254.27
2025-01-03,CURE,254.87
2025-01-06,CURE,247.77
2025-01-07,CURE,250.8
2025-01-08,CURE,251.31
2025-01-09,CURE,253.85
2025-01-10,CURE,248.62
2025-01-13,CURE,249.83
2025-01-14,CURE,255.87
2025-01-15,CURE,251.93
2025-01-16,CURE,247.92
2025-01-17,CURE,251.24
2025-01-20,CURE,246.87
2025-01-21,CURE,245.9
2025-01-22,CURE,252.64
2025-01-23,CURE,248.68
2025-01-24,CURE,255.81
2025-01-27,CURE,254.33
2025-01-28,CURE,249.19
2025-01-29,CURE,252.04
2025-01-30,CURE,252.63
2025-01-31,CURE,252.78
2025-02-03,CURE,249.31
2025-02-04,CURE,249.86
2025-02-05,CURE,240.48
2025-02-06,CURE,241.53
2025-02-07,CURE,247.36
2025-02-10,CURE,239.44
2025-02-11,CURE,237.74
2025-02-12,CURE,234.02
2025-02-13,CURE,227.62
2025-02-14,CURE,219.13
2025-02-17,CURE,214.47
2025-02-18,CURE,213.59
2025-02-19,CURE,218.17
2025-02-20,CURE,212.16
2025-02-21,CURE,213.38
2025-02-24,CURE,214.31
2025-02-25,CURE,220.96
2025-02-26,CURE,223.35
2025-02-27,CURE,226.0
2025-02-28,CURE,228.98
2025-03-03,CURE,225.18
2025-03-04,CURE,222.9
2025-03-05,CURE,227.54
2025-03-06,CURE,219.07
2025-03-07,CURE,216.41
2025-03-10,CURE,211.21
2025-03-11,CURE,212.19
2025-03-12,CURE,210.63
2025-03-13,CURE,213.12
2025-03-14,CURE,212.77
2025-03-17,CURE,206.82
2025-03-18,CURE,201.2
2025-03-19,CURE,201.25
2025-03-20,CURE,198.48
2025-03-21,CURE,196.61
2025-03-24,CURE,200.07
2025-03-25,CURE,202.92
2025-03-26,CURE,209.68
2025-03-27,CURE,208.54
2025-03-28,CURE,206.16
2025-03-31,CURE,207.82
2025-04-01,CURE,205.76
2025-04-02,CURE,203.84
2025-04-03,CURE,203.16
2025-04-04,CURE,209.38
2025-04-07,CURE,212.16
2025-04-08,CURE,215.38
2025-04-09,CURE,221.8
2025-04-10,CURE,225.55
2025-04-11,CURE,220.96
2025-04-14,CURE,224.63
2025-04-15,CURE,228.88
2025-04-16,CURE,231.7
2025-04-17,CURE,230.95
2025-04-18,CURE,233.35
2025-04-21,CURE,233.35
2025-04-22,CURE,229.25
2025-04-23,CURE,226.26
2025-04-24,CURE,229.26
2025-04-25,CURE,225.54
2025-04-28,CURE,222.26
2025-04-29,CURE,225.41
2025-04-30,CURE,226.04
2025-05-01,CURE,228.52
2025-05-02,CURE,223.45
2025-05-05,CURE,225.78
2025-05-06,CURE,223.13
2025-05-07,CURE,219.05
2025-05-08,CURE,217.1
2025-05-09,CURE,222.6
2025-05-12,CURE,221.19
2025-05-13,CURE,230.2
2025-05-14,CURE,221.58
2025-05-15,CURE,215.38
2025-05-16,CURE,220.68
2025-05-19,CURE,227.13
2025-05-20,CURE,223.62
2025-05-21,CURE,223.98
2025-05-22,CURE,226.98
2025-05-23,CURE,226.11
2025-05-26,CURE,226.81
2025-05-27,CURE,226.94
2025-05-28,CURE,220.86
2025-05-29,CURE,219.54
2025-05-30,CURE,219.67
2025-06-02,CURE,220.16
2025-06-03,CURE,213.26
2025-06-04,CURE,216.28
2025-06-05,CURE,216.87
2025-06-06,CURE,212.76
2025-06-09,CURE,219.85
2025-06-10,CURE,218.53
2025-06-11,CURE,217.48
2025-06-12,CURE,220.12
2025-06-13,CURE,227.79
2025-06-16,CURE,230.72
2025-06-17,CURE,234.3
2025-06-18,CURE,230.08
2025-06-19,CURE,230.53
2025-06-20,CURE,228.36
2025-06-23,CURE,231.39
2025-06-24,CURE,234.85
2025-06-25,CURE,241.97
2025-06-26,CURE,232.48
2025-06-27,CURE,229.88
2025-06-30,CURE,235.44
2025-07-01,CURE,229.47
2025-07-02,CURE,232.94
2025-07-03,CURE,237.87
2025-07-04,CURE,237.83
2025-07-07,CURE,231.72
2025-07-08,CURE,231.29
2025-07-09,CURE,237.55
2025-07-10,CURE,244.34
2025-07-11,CURE,245.36
2025-07-14,CURE,241.05
2025-07-15,CURE,248.82
2025-07-16,CURE,252.65
2025-07-17,CURE,248.52
2025-07-18,CURE,250.17
2025-07-21,CURE,251.62
2025-07-22,CURE,248.77
2025-07-23,CURE,250.45
2025-07-24,CURE,255.61
2025-07-25,CURE,254.32
2025-07-28,CURE,260.04
2025-07-29,CURE,251.77
2025-07-30,CURE,262.09
2025-07-31,CURE,262.46
2025-08-01,CURE,267.72
2025-08-04,CURE,268.89
2025-08-05,CURE,264.92
2025-08-06,CURE,264.84
2025-08-07,CURE,255.67
2025-08-08,CURE,258.99
2025-08-11,CURE,260.0
2025-08-12,CURE,259.18
2025-08-13,CURE,262.85
2025-08-14,CURE,263.12
2025-08-15,CURE,266.14
2025-08-18,CURE,270.93
2025-08-19,CURE,268.3
2025-08-20,CURE,264.29
2025-08-21,CURE,256.04
2025-08-22,CURE,256.71
2025-08-25,CURE,258.92
2025-08-26,CURE,252.73
2025-08-27,CURE,259.41
2025-08-28,CURE,255.59
2025-08-29,CURE,245.83
2025-09-01,CURE,252.65
2025-09-02,CURE,243.6
2025-09-03,CURE,247.99
2025-09-04,CURE,251.36
2025-09-05,CURE,252.92
2025-09-08,CURE,250.59
2025-09-09,CURE,252.99
2025-09-10,CURE,257.94
2025-09-11,CURE,253.37
2025-09-12,CURE,258.0
2025-09-15,CURE,262.49
2025-09-16,CURE,264.0
2025-09-17,CURE,261.49
2025-09-18,CURE,266.06
2025-09-19,CURE,268.64
2025-09-22,CURE,263.73
2025-09-23,CURE,262.05
2025-09-24,CURE,266.08
2025-09-25,CURE,266.73
2025-09-26,CURE,272.14
2025-09-29,CURE,270.53
2025-09-30,CURE,265.67
2025-10-01,CURE,276.44
2025-10-02,CURE,268.03
2025-10-03,CURE,265.67
2025-10-06,CURE,267.12
2025-10-07,CURE,272.05
2025-10-08,CURE,275.37
2025-10-09,CURE,287.13
2025-10-10,CURE,286.62
2025-10-13,CURE,282.13
2025-10-14,CURE,281.1
2025-10-15,CURE,279.55
2025-10-16,CURE,279.3
2025-10-17,CURE,274.37
2025-10-20,CURE,278.41
2025-10-21,CURE,280.4
2025-10-22,CURE,274.01
2025-10-23,CURE,278.97
2025-10-24,CURE,274.92
2025-10-27,CURE,269.05
2025-10-28,CURE,269.58
2025-10-29,CURE,260.99
2025-10-30,CURE,263.9
2025-10-31,CURE,250.27
2025-11-03,CURE,245.64
2025-11-04,CURE,252.81
2025-11-05,CURE,249.72
2025-11-06,CURE,247.47
2025-11-07,CURE,253.34
2025-11-10,CURE,249.75
2025-11-11,CURE,253.33
2025-11-12,CURE,258.87
2025-11-13,CURE,261.24
2025-11-14,CURE,254.41
2025-11-17,CURE,251.68
2025-11-18,CURE,264.29
2025-11-19,CURE,262.01
2025-11-20,CURE,276.45
2025-11-21,CURE,285.2
2025-11-24,CURE,288.02
2025-11-25,CURE,289.69
2025-11-26,CURE,287.33
2025-11-27,CURE,286.96
2025-11-28,CURE,283.44
2025-12-01,CURE,283.21
2025-12-02,CURE,276.24
2025-12-03,CURE,269.17
2025-12-04,CURE,275.69
2025-12-05,CURE,267.64
2025-12-08,CURE,272.08
2025-12-09,CURE,262.73
2025-12-10,CURE,265.86
2025-12-11,CURE,264.94
2025-12-12,CURE,271.45
2025-12-15,CURE,269.9
2025-12-16,CURE,260.05
2025-12-17,CURE,259.25
2025-12-18,CURE,260.1
2025-12-19,CURE,259.57
2025-12-22,CURE,262.39
2025-12-23,CURE,259.77
2025-12-24,CURE,253.85
2025-12-25,CURE,249.29
2025-12-26,CURE,247.02
2025-12-29,CURE,244.74
2025-12-30,CURE,255.62
2025-12-31,CURE,261.59
2024-01-01,ENRG,397.68
2024-01-02,ENRG,396.2
2024-01-03,ENRG,400.99
2024-01-04,ENRG,398.44
2024-01-05,ENRG,398.74
2024-01-08,ENRG,396.74
2024-01-09,ENRG,393.23
2024-01-10,ENRG,387.84
2024-01-11,ENRG,391.91
2024-01-12,ENRG,402.95
2024-01-15,ENRG,413.12
2024-01-16,ENRG,402.55
2024-01-17,ENRG,413.7
2024-01-18,ENRG,411.25
2024-01-19,ENRG,416.71
2024-01-22,ENRG,409.11
2024-01-23,ENRG,410.62
2024-01-24,ENRG,413.61
2024-01-25,ENRG,401.05
2024-01-26,ENRG,406.45
2024-01-29,ENRG,418.2
2024-01-30,ENRG,416.97
2024-01-31,ENRG,429.14
2024-02-01,ENRG,427.75
2024-02-02,ENRG,435.66
2024-02-05,ENRG,415.74
2024-02-06,ENRG,437.09
2024-02-07,ENRG,451.09
2024-02-08,ENRG,448.73
2024-02-09,ENRG,430.53
2024-02-12,ENRG,433.43
2024-02-13,ENRG,420.64
2024-02-14,ENRG,424.86
2024-02-15,ENRG,428.83
2024-02-16,ENRG,420.69
2024-02-19,ENRG,430.86
2024-02-20,ENRG,438.44
2024-02-21,ENRG,447.71
2024-02-22,ENRG,448.12
2024-02-23,ENRG,435.16
2024-02-26,ENRG,444.38
2024-02-27,ENRG,442.19
2024-02-28,ENRG,429.64
2024-02-29,ENRG,442.11
2024-03-01,ENRG,461.86
2024-03-04,ENRG,461.8
2024-03-05,ENRG,483.0
2024-03-06,ENRG,484.27
2024-03-07,ENRG,480.77
2024-03-08,ENRG,474.77
2024-03-11,ENRG,491.38
2024-03-12,ENRG,483.71
2024-03-13,ENRG,491.5
2024-03-14,ENRG,486.1
2024-03-15,ENRG,481.77
2024-03-18,ENRG,492.51
2024-03-19,ENRG,488.94
2024-03-20,ENRG,485.15
2024-03-21,ENRG,497.01
2024-03-22,ENRG,513.99
2024-03-25,ENRG,521.29
2024-03-26,ENRG,514.52
2024-03-27,ENRG,509.39
2024-03-28,ENRG,510.61
2024-03-29,ENRG,514.41
2024-04-01,ENRG,504.14
2024-04-02,ENRG,512.14
2024-04-03,ENRG,513.42
2024-04-04,ENRG,495.35
2024-04-05,ENRG,486.07
2024-04-08,ENRG,481.29
2024-04-09,ENRG,480.91
2024-04-10,ENRG,500.27
2024-04-11,ENRG,503.13
2024-04-12,ENRG,494.63
2024-04-15,ENRG,497.28
2024-04-16,ENRG,493.97
2024-04-17,ENRG,497.68
2024-04-18,ENRG,504.09
2024-04-19,ENRG,517.21
2024-04-22,ENRG,517.32
2024-04-23,ENRG,535.45
2024-04-24,ENRG,546.01
2024-04-25,ENRG,538.32
2024-04-26,ENRG,563.61
2024-04-29,ENRG,567.88
2024-04-30,ENRG,558.36
2024-05-01,ENRG,578.08
2024-05-02,ENRG,603.64
2024-05-03,ENRG,603.66
2024-05-06,ENRG,597.73
2024-05-07,ENRG,596.0
2024-05-08,ENRG,605.35
2024-05-09,ENRG,621.98
2024-05-10,ENRG,629.86
2024-05-13,ENRG,631.65
2024-05-14,ENRG,651.92
2024-05-15,ENRG,648.12
2024-05-16,ENRG,662.57
2024-05-17,ENRG,659.05
2024-05-20,ENRG,665.48
2024-05-21,ENRG,664.37
2024-05-22,ENRG,664.07
2024-05-23,ENRG,659.31
2024-05-24,ENRG,678.34
2024-05-27,ENRG,668.42
2024-05-28,ENRG,658.55
2024-05-29,ENRG,688.26
2024-05-30,ENRG,702.85
2024-05-31,ENRG,668.26
2024-06-03,ENRG,660.83
2024-06-04,ENRG,636.24
2024-06-05,ENRG,624.03
2024-06-06,ENRG,583.48
2024-06-07,ENRG,582.23
2024-06-10,ENRG,568.73
2024-06-11,ENRG,569.85
2024-06-12,ENRG,550.87
2024-06-13,ENRG,552.23
2024-06-14,ENRG,547.83
2024-06-17,ENRG,565.45
2024-06-18,ENRG,582.56
2024-06-19,ENRG,592.56
2024-06-20,ENRG,588.94
2024-06-21,ENRG,613.84
2024-06-24,ENRG,594.32
2024-06-25,ENRG,577.29
2024-06-26,ENRG,576.69
2024-06-27,ENRG,604.32
2024-06-28,ENRG,602.19
2024-07-01,ENRG,600.32
2024-07-02,ENRG,582.63
2024-07-03,ENRG,594.59
2024-07-04,ENRG,606.88
2024-07-05,ENRG,617.34
2024-07-08,ENRG,609.65
2024-07-09,ENRG,601.07
2024-07-10,ENRG,585.23
2024-07-11,ENRG,586.68
2024-07-12,ENRG,573.84
2024-07-15,ENRG,560.1
2024-07-16,ENRG,555.54
2024-07-17,ENRG,550.25
2024-07-18,ENRG,544.45
2024-07-19,ENRG,550.16
2024-07-22,ENRG,551.46
2024-07-23,ENRG,548.54
2024-07-24,ENRG,551.03
2024-07-25,ENRG,539.99
2024-07-26,ENRG,541.57
2024-07-29,ENRG,543.67
2024-07-30,ENRG,526.95
2024-07-31,ENRG,538.32
2024-08-01,ENRG,528.77
2024-08-02,ENRG,530.15
2024-08-05,ENRG,543.46
2024-08-06,ENRG,554.38
2024-08-07,ENRG,555.18
2024-08-08,ENRG,551.36
2024-08-09,ENRG,562.7
2024-08-12,ENRG,571.05
2024-08-13,ENRG,564.07
2024-08-14,ENRG,555.09
2024-08-15,ENRG,531.41
2024-08-16,ENRG,533.5
2024-08-19,ENRG,532.96
2024-08-20,ENRG,546.02
2024-08-21,ENRG,550.52
2024-08-22,ENRG,566.3
2024-08-23,ENRG,558.44
2024-08-26,ENRG,572.14
2024-08-27,ENRG,566.22
2024-08-28,ENRG,575.85
2024-08-29,ENRG,558.67
2024-08-30,ENRG,561.83
2024-09-02,ENRG,538.89
2024-09-03,ENRG,536.26
2024-09-04,ENRG,541.59
2024-09-05,ENRG,536.08
2024-09-06,ENRG,524.67
2024-09-09,ENRG,534.34
2024-09-10,ENRG,533.57
2024-09-11,ENRG,528.49
2024-09-12,ENRG,529.33
2024-09-13,ENRG,558.93
2024-09-16,ENRG,572.83
2024-09-17,ENRG,587.19
2024-09-18,ENRG,592.96
2024-09-19,ENRG,595.46
2024-09-20,ENRG,566.02
2024-09-23,ENRG,558.38
2024-09-24,ENRG,553.16
2024-09-25,ENRG,531.85
2024-09-26,ENRG,519.34
2024-09-27,ENRG,498.18
2024-09-30,ENRG,498.14
2024-10-01,ENRG,507.04
2024-10-02,ENRG,519.15
2024-10-03,ENRG,524.03
2024-10-04,ENRG,513.84
2024-10-07,ENRG,493.43
2024-10-08,ENRG,475.63
2024-10-09,ENRG,463.34
2024-10-10,ENRG,455.05
2024-10-11,ENRG,453.86
2024-10-14,ENRG,444.55
2024-10-15,ENRG,448.02
2024-10-16,ENRG,446.17
2024-10-17,ENRG,446.59
2024-10-18,ENRG,457.57
2024-10-21,ENRG,446.59
2024-10-22,ENRG,450.83
2024-10-23,ENRG,451.02
2024-10-24,ENRG,448.2
2024-10-25,ENRG,456.83
2024-10-28,ENRG,465.56
2024-10-29,ENRG,456.67
2024-10-30,ENRG,455.26
2024-10-31,ENRG,458.27
2024-11-01,ENRG,455.98
2024-11-04,ENRG,461.89
2024-11-05,ENRG,464.95
2024-11-06,ENRG,483.12
2024-11-07,ENRG,467.99
2024-11-08,ENRG,467.13
2024-11-11,ENRG,458.58
2024-11-12,ENRG,464.71
2024-11-13,ENRG,449.31
2024-11-14,ENRG,452.89
2024-11-15,ENRG,447.24
2024-11-18,ENRG,440.69
2024-11-19,ENRG,427.66
2024-11-20,ENRG,423.81
2024-11-21,ENRG,433.73
2024-11-22,ENRG,433.82
2024-11-25,ENRG,439.83
2024-11-26,ENRG,455.48
2024-11-27,ENRG,458.32
2024-11-28,ENRG,453.29
2024-11-29,ENRG,458.05
2024-12-02,ENRG,453.16
2024-12-03,ENRG,448.7
2024-12-04,ENRG,434.75
2024-12-05,ENRG,443.49
2024-12-06,ENRG,440.22
2024-12-09,ENRG,442.22
2024-12-10,ENRG,432.95
2024-12-11,ENRG,437.21
2024-12-12,ENRG,430.55
2024-12-13,ENRG,429.58
2024-12-16,ENRG,437.79
2024-12-17,ENRG,445.35
2024-12-18,ENRG,445.47
2024-12-19,ENRG,429.3
2024-12-20,ENRG,456.5
2024-12-23,ENRG,473.52
2024-12-24,ENRG,481.02
2024-12-25,ENRG,473.79
2024-12-26,ENRG,473.0
2024-12-27,ENRG,467.96
2024-12-30,ENRG,480.68
2024-12-31,ENRG,483.67
2025-01-01,ENRG,476.07
2025-01-02,ENRG,471.73
2025-01-03,ENRG,483.14
2025-01-06,ENRG,499.67
2025-01-07,ENRG,516.02
2025-01-08,ENRG,524.57
2025-01-09,ENRG,522.17
2025-01-10,ENRG,487.11
2025-01-13,ENRG,490.49
2025-01-14,ENRG,490.83
2025-01-15,ENRG,492.62
2025-01-16,ENRG,493.53
2025-01-17,ENRG,480.18
2025-01-20,ENRG,486.13
2025-01-21,ENRG,492.92
2025-01-22,ENRG,500.31
2025-01-23,ENRG,510.59
2025-01-24,ENRG,517.41
2025-01-27,ENRG,513.34
2025-01-28,ENRG,512.95
2025-01-29,ENRG,514.3
2025-01-30,ENRG,515.83
2025-01-31,ENRG,526.98
2025-02-03,ENRG,534.46
2025-02-04,ENRG,558.09
2025-02-05,ENRG,584.27
2025-02-06,ENRG,585.67
2025-02-07,ENRG,539.05
2025-02-10,ENRG,553.39
2025-02-11,ENRG,547.53
2025-02-12,ENRG,538.74
2025-02-13,ENRG,534.63
2025-02-14,ENRG,530.02
2025-02-17,ENRG,537.19
2025-02-18,ENRG,520.04
2025-02-19,ENRG,508.68
2025-02-20,ENRG,512.71
2025-02-21,ENRG,519.76
2025-02-24,ENRG,527.12
2025-02-25,ENRG,518.81
2025-02-26,ENRG,508.56
2025-02-27,ENRG,503.53
2025-02-28,ENRG,506.42
2025-03-03,ENRG,522.54
2025-03-04,ENRG,500.51
2025-03-05,ENRG,498.56
2025-03-06,ENRG,485.01
2025-03-07,ENRG,468.58
2025-03-10,ENRG,478.41
2025-03-11,ENRG,484.21
2025-03-12,ENRG,489.11
2025-03-13,ENRG,498.89
2025-03-14,ENRG,494.24
2025-03-17,ENRG,490.12
2025-03-18,ENRG,512.9
2025-03-19,ENRG,510.63
2025-03-20,ENRG,518.85
2025-03-21,ENRG,519.29
2025-03-24,ENRG,499.58
2025-03-25,ENRG,478.55
2025-03-26,ENRG,473.09
2025-03-27,ENRG,483.9
2025-03-28,ENRG,492.23
2025-03-31,ENRG,502.0
2025-04-01,ENRG,491.99
2025-04-02,ENRG,508.99
2025-04-03,ENRG,499.07
2025-04-04,ENRG,501.66
2025-04-07,ENRG,501.91
2025-04-08,ENRG,500.44
2025-04-09,ENRG,514.83
2025-04-10,ENRG,507.6
2025-04-11,ENRG,493.62
2025-04-14,ENRG,494.19
2025-04-15,ENRG,490.41
2025-04-16,ENRG,525.43
2025-04-17,ENRG,533.25
2025-04-18,ENRG,529.07
2025-04-21,ENRG,517.75
2025-04-22,ENRG,497.74
2025-04-23,ENRG,487.42
2025-04-24,ENRG,488.94
2025-04-25,ENRG,503.91
2025-04-28,ENRG,516.1
2025-04-29,ENRG,518.95
2025-04-30,ENRG,515.81
2025-05-01,ENRG,519.09
2025-05-02,ENRG,513.82
2025-05-05,ENRG,532.68
2025-05-06,ENRG,530.95
2025-05-07,ENRG,530.37
2025-05-08,ENRG,506.15
2025-05-09,ENRG,504.45
2025-05-12,ENRG,513.64
2025-05-13,ENRG,502.53
2025-05-14,ENRG,495.0
2025-05-15,ENRG,503.57
2025-05-16,ENRG,488.36
2025-05-19,ENRG,499.53
2025-05-20,ENRG,494.32
2025-05-21,ENRG,490.66
2025-05-22,ENRG,479.47
2025-05-23,ENRG,483.61
2025-05-26,ENRG,508.86
2025-05-27,ENRG,517.55
2025-05-28,ENRG,508.56
2025-05-29,ENRG,521.02
2025-05-30,ENRG,517.94
2025-06-02,ENRG,533.22
2025-06-03,ENRG,542.61
2025-06-04,ENRG,509.56
2025-06-05,ENRG,499.22
2025-06-06,ENRG,509.45
2025-06-09,ENRG,511.43
2025-06-10,ENRG,500.84
2025-06-11,ENRG,494.56
2025-06-12,ENRG,475.18
2025-06-13,ENRG,474.64
2025-06-16,ENRG,496.95
2025-06-17,ENRG,505.68
2025-06-18,ENRG,529.23
2025-06-19,ENRG,539.39
2025-06-20,ENRG,551.38
2025-06-23,ENRG,574.57
2025-06-24,ENRG,579.52
2025-06-25,ENRG,577.67
2025-06-26,ENRG,590.57
2025-06-27,ENRG,608.97
2025-06-30,ENRG,603.29
2025-07-01,ENRG,594.61
2025-07-02,ENRG,596.77
2025-07-03,ENRG,607.59
2025-07-04,ENRG,618.18
2025-07-07,ENRG,600.19
2025-07-08,ENRG,624.64
2025-07-09,ENRG,616.71
2025-07-10,ENRG,613.73
2025-07-11,ENRG,602.57
2025-07-14,ENRG,637.05
2025-07-15,ENRG,640.74
2025-07-16,ENRG,629.78
2025-07-17,ENRG,641.63
2025-07-18,ENRG,652.42
2025-07-21,ENRG,650.33
2025-07-22,ENRG,662.24
2025-07-23,ENRG,651.27
2025-07-24,ENRG,645.02
2025-07-25,ENRG,618.34
2025-07-28,ENRG,601.65
2025-07-29,ENRG,624.85
2025-07-30,ENRG,646.77
2025-07-31,ENRG,648.13
2025-08-01,ENRG,671.16
2025-08-04,ENRG,669.39
2025-08-05,ENRG,666.46
2025-08-06,ENRG,667.73
2025-08-07,ENRG,666.47
2025-08-08,ENRG,663.94
2025-08-11,ENRG,680.32
2025-08-12,ENRG,682.94
2025-08-13,ENRG,693.62
2025-08-14,ENRG,709.1
2025-08-15,ENRG,715.37
2025-08-18,ENRG,701.36
2025-08-19,ENRG,682.0
2025-08-20,ENRG,684.61
2025-08-21,ENRG,682.65
2025-08-22,ENRG,684.39
2025-08-25,ENRG,684.66
2025-08-26,ENRG,722.18
2025-08-27,ENRG,702.59
2025-08-28,ENRG,673.82
2025-08-29,ENRG,679.0
2025-09-01,ENRG,674.14
2025-09-02,ENRG,679.08
2025-09-03,ENRG,687.87
2025-09-04,ENRG,706.86
2025-09-05,ENRG,685.07
2025-09-08,ENRG,677.57
2025-09-09,ENRG,684.14
2025-09-10,ENRG,695.67
2025-09-11,ENRG,728.12
2025-09-12,ENRG,743.21
2025-09-15,ENRG,742.86
2025-09-16,ENRG,729.55
2025-09-17,ENRG,721.46
2025-09-18,ENRG,713.02
2025-09-19,ENRG,723.32
2025-09-22,ENRG,727.73
2025-09-23,ENRG,708.09
2025-09-24,ENRG,702.14
2025-09-25,ENRG,715.54
2025-09-26,ENRG,721.33
2025-09-29,ENRG,730.43
2025-09-30,ENRG,736.82
2025-10-01,ENRG,762.43
2025-10-02,ENRG,766.75
2025-10-03,ENRG,761.11
2025-10-06,ENRG,747.06
2025-10-07,ENRG,751.51
2025-10-08,ENRG,713.65
2025-10-09,ENRG,711.41
2025-10-10,ENRG,708.85
2025-10-13,ENRG,689.12
2025-10-14,ENRG,676.22
2025-10-15,ENRG,688.17
2025-10-16,ENRG,691.99
2025-10-17,ENRG,693.96
2025-10-20,ENRG,698.91
2025-10-21,ENRG,700.77
2025-10-22,ENRG,719.51
2025-10-23,ENRG,721.89
2025-10-24,ENRG,700.37
2025-10-27,ENRG,724.78
2025-10-28,ENRG,730.92
2025-10-29,ENRG,722.43
2025-10-30,ENRG,703.99
2025-10-31,ENRG,710.33
2025-11-03,ENRG,709.1
2025-11-04,ENRG,732.98
2025-11-05,ENRG,728.2
2025-11-06,ENRG,715.96
2025-11-07,ENRG,729.9
2025-11-10,ENRG,744.57
2025-11-11,ENRG,747.73
2025-11-12,ENRG,758.86
2025-11-13,ENRG,758.81
2025-11-14,ENRG,763.07
2025-11-17,ENRG,782.23
2025-11-18,ENRG,793.03
2025-11-19,ENRG,790.79
2025-11-20,ENRG,813.75
2025-11-21,ENRG,774.05
2025-11-24,ENRG,807.86
2025-11-25,ENRG,779.59
2025-11-26,ENRG,769.92
2025-11-27,ENRG,769.81
2025-11-28,ENRG,768.01
2025-12-01,ENRG,784.74
2025-12-02,ENRG,767.93
2025-12-03,ENRG,772.67
2025-12-04,ENRG,763.88
2025-12-05,ENRG,769.15
2025-12-08,ENRG,768.66
2025-12-09,ENRG,770.71
2025-12-10,ENRG,762.39
2025-12-11,ENRG,754.8
2025-12-12,ENRG,759.88
2025-12-15,ENRG,775.44
2025-12-16,ENRG,766.28
2025-12-17,ENRG,752.9
2025-12-18,ENRG,763.11
2025-12-19,ENRG,763.14
2025-12-22,ENRG,776.96
2025-12-23,ENRG,762.79
2025-12-24,ENRG,734.92
2025-12-25,ENRG,727.25
2025-12-26,ENRG,716.1
2025-12-29,ENRG,715.44
2025-12-30,ENRG,706.41
2025-12-31,ENRG,717.88
2024-01-01,SOLR,378.45
2024-01-02,SOLR,376.93
2024-01-03,SOLR,393.14
2024-01-04,SOLR,391.56
2024-01-05,SOLR,380.71
2024-01-08,SOLR,376.43
2024-01-09,SOLR,365.23
2024-01-10,SOLR,363.42
2024-01-11,SOLR,379.12
2024-01-12,SOLR,390.69
2024-01-15,SOLR,410.15
2024-01-16,SOLR,414.99
2024-01-17,SOLR,416.5
2024-01-18,SOLR,406.45
2024-01-19,SOLR,409.17
2024-01-22,SOLR,407.94
2024-01-23,SOLR,415.72
2024-01-24,SOLR,404.44
2024-01-25,SOLR,405.01
2024-01-26,SOLR,389.57
2024-01-29,SOLR,392.83
2024-01-30,SOLR,399.34
2024-01-31,SOLR,383.65
2024-02-01,SOLR,371.2
2024-02-02,SOLR,359.56
2024-02-05,SOLR,358.06
2024-02-06,SOLR,345.94
2024-02-07,SOLR,357.59
2024-02-08,SOLR,361.43
2024-02-09,SOLR,366.75
2024-02-12,SOLR,352.63
2024-02-13,SOLR,363.78
2024-02-14,SOLR,369.58
2024-02-15,SOLR,363.5
2024-02-16,SOLR,349.92
2024-02-19,SOLR,349.32
2024-02-20,SOLR,345.41
2024-02-21,SOLR,341.89
2024-02-22,SOLR,336.08
2024-02-23,SOLR,342.02
2024-02-26,SOLR,320.44
2024-02-27,SOLR,331.63
2024-02-28,SOLR,339.73
2024-02-29,SOLR,341.52
2024-03-01,SOLR,340.38
2024-03-04,SOLR,349.39
2024-03-05,SOLR,349.09
2024-03-06,SOLR,346.77
2024-03-07,SOLR,356.43
2024-03-08,SOLR,374.64
2024-03-11,SOLR,365.84
2024-03-12,SOLR,369.68
2024-03-13,SOLR,359.96
2024-03-14,SOLR,364.41
2024-03-15,SOLR,357.56
2024-03-18,SOLR,368.15
2024-03-19,SOLR,367.31
2024-03-20,SOLR,367.78
2024-03-21,SOLR,382.43
2024-03-22,SOLR,375.67
2024-03-25,SOLR,381.98
2024-03-26,SOLR,376.15
2024-03-27,SOLR,387.15
2024-03-28,SOLR,404.04
2024-03-29,SOLR,401.51
2024-04-01,SOLR,380.14
2024-04-02,SOLR,373.83
2024-04-03,SOLR,396.01
2024-04-04,SOLR,390.37
2024-04-05,SOLR,407.24
2024-04-08,SOLR,401.3
2024-04-09,SOLR,395.2
2024-04-10,SOLR,402.75
2024-04-11,SOLR,409.26
2024-04-12,SOLR,417.81
2024-04-15,SOLR,417.92
2024-04-16,SOLR,428.5
2024-04-17,SOLR,438.58
2024-04-18,SOLR,450.91
2024-04-19,SOLR,444.14
2024-04-22,SOLR,455.37
2024-04-23,SOLR,449.66
2024-04-24,SOLR,448.01
2024-04-25,SOLR,446.14
2024-04-26,SOLR,435.37
2024-04-29,SOLR,417.06
2024-04-30,SOLR,429.53
2024-05-01,SOLR,422.26
2024-05-02,SOLR,419.55
2024-05-03,SOLR,412.15
2024-05-06,SOLR,409.64
2024-05-07,SOLR,404.66
2024-05-08,SOLR,417.31
2024-05-09,SOLR,411.38
2024-05-10,SOLR,428.6
2024-05-13,SOLR,440.54
2024-05-14,SOLR,435.52
2024-05-15,SOLR,438.97
2024-05-16,SOLR,444.58
2024-05-17,SOLR,453.75
2024-05-20,SOLR,464.2
2024-05-21,SOLR,466.38
2024-05-22,SOLR,455.62
2024-05-23,SOLR,462.79
2024-05-24,SOLR,460.19
2024-05-27,SOLR,429.04
2024-05-28,SOLR,433.17
2024-05-29,SOLR,425.5
2024-05-30,SOLR,420.82
2024-05-31,SOLR,420.94
2024-06-03,SOLR,405.1
2024-06-04,SOLR,406.53
2024-06-05,SOLR,403.46
2024-06-06,SOLR,394.91
2024-06-07,SOLR,395.41
2024-06-10,SOLR,379.21
2024-06-11,SOLR,379.96
2024-06-12,SOLR,384.37
2024-06-13,SOLR,387.28
2024-06-14,SOLR,394.77
2024-06-17,SOLR,406.02
2024-06-18,SOLR,405.27
2024-06-19,SOLR,416.13
2024-06-20,SOLR,415.33
2024-06-21,SOLR,408.33
2024-06-24,SOLR,404.49
2024-06-25,SOLR,407.18
2024-06-26,SOLR,417.98
2024-06-27,SOLR,418.06
2024-06-28,SOLR,411.27
2024-07-01,SOLR,425.78
2024-07-02,SOLR,410.98
2024-07-03,SOLR,404.37
2024-07-04,SOLR,413.22
2024-07-05,SOLR,431.03
2024-07-08,SOLR,436.14
2024-07-09,SOLR,438.85
2024-07-10,SOLR,435.81
2024-07-11,SOLR,441.69
2024-07-12,SOLR,443.14
2024-07-15,SOLR,435.07
2024-07-16,SOLR,431.87
2024-07-17,SOLR,422.82
2024-07-18,SOLR,423.02
2024-07-19,SOLR,424.75
2024-07-22,SOLR,441.7
2024-07-23,SOLR,435.35
2024-07-24,SOLR,433.5
2024-07-25,SOLR,446.84
2024-07-26,SOLR,466.53
2024-07-29,SOLR,471.98
2024-07-30,SOLR,469.14
2024-07-31,SOLR,463.81
2024-08-01,SOLR,443.09
2024-08-02,SOLR,433.15
2024-08-05,SOLR,434.28
2024-08-06,SOLR,432.44
2024-08-07,SOLR,439.06
2024-08-08,SOLR,437.04
2024-08-09,SOLR,429.38
2024-08-12,SOLR,433.01
2024-08-13,SOLR,459.47
2024-08-14,SOLR,455.99
2024-08-15,SOLR,457.6
2024-08-16,SOLR,467.09
2024-08-19,SOLR,460.67
2024-08-20,SOLR,475.0
2024-08-21,SOLR,456.82
2024-08-22,SOLR,452.36
2024-08-23,SOLR,449.0
2024-08-26,SOLR,450.72
2024-08-27,SOLR,429.17
2024-08-28,SOLR,443.35
2024-08-29,SOLR,447.89
2024-08-30,SOLR,460.19
2024-09-02,SOLR,478.31
2024-09-03,SOLR,469.77
2024-09-04,SOLR,441.33
2024-09-05,SOLR,453.7
2024-09-06,SOLR,450.61
2024-09-09,SOLR,438.25
2024-09-10,SOLR,444.46
2024-09-11,SOLR,471.17
2024-09-12,SOLR,469.99
2024-09-13,SOLR,480.93
2024-09-16,SOLR,469.45
2024-09-17,SOLR,450.26
2024-09-18,SOLR,460.33
2024-09-19,SOLR,466.52
2024-09-20,SOLR,461.3
2024-09-23,SOLR,480.51
2024-09-24,SOLR,459.96
2024-09-25,SOLR,446.27
2024-09-26,SOLR,440.44
2024-09-27,SOLR,436.68
2024-09-30,SOLR,452.32
2024-10-01,SOLR,452.92
2024-10-02,SOLR,450.86
2024-10-03,SOLR,437.0
2024-10-04,SOLR,448.62
2024-10-07,SOLR,436.28
2024-10-08,SOLR,422.82
2024-10-09,SOLR,418.76
2024-10-10,SOLR,420.49
2024-10-11,SOLR,413.18
2024-10-14,SOLR,420.35
2024-10-15,SOLR,417.52
2024-10-16,SOLR,428.27
2024-10-17,SOLR,433.6
2024-10-18,SOLR,452.56
2024-10-21,SOLR,447.76
2024-10-22,SOLR,457.02
2024-10-23,SOLR,437.22
2024-10-24,SOLR,468.04
2024-10-25,SOLR,477.15
2024-10-28,SOLR,473.78
2024-10-29,SOLR,470.86
2024-10-30,SOLR,468.1
2024-10-31,SOLR,489.13
2024-11-01,SOLR,499.89
2024-11-04,SOLR,494.57
2024-11-05,SOLR,479.74
2024-11-06,SOLR,493.77
2024-11-07,SOLR,503.92
2024-11-08,SOLR,512.65
2024-11-11,SOLR,511.68
2024-11-12,SOLR,508.03
2024-11-13,SOLR,528.93
2024-11-14,SOLR,551.89
2024-11-15,SOLR,560.56
2024-11-18,SOLR,573.87
2024-11-19,SOLR,577.25
2024-11-20,SOLR,558.1
2024-11-21,SOLR,544.88
2024-11-22,SOLR,560.15
2024-11-25,SOLR,577.59
2024-11-26,SOLR,592.49
2024-11-27,SOLR,597.57
2024-11-28,SOLR,613.52
2024-11-29,SOLR,612.74
2024-12-02,SOLR,622.09
2024-12-03,SOLR,619.09
2024-12-04,SOLR,603.26
2024-12-05,SOLR,616.04
2024-12-06,SOLR,635.24
2024-12-09,SOLR,673.57
2024-12-10,SOLR,677.99
2024-12-11,SOLR,660.81
2024-12-12,SOLR,655.63
2024-12-13,SOLR,653.56
2024-12-16,SOLR,656.02
2024-12-17,SOLR,663.63
2024-12-18,SOLR,669.59
2024-12-19,SOLR,682.34
2024-12-20,SOLR,685.72
2024-12-23,SOLR,648.7
2024-12-24,SOLR,652.38
2024-12-25,SOLR,653.85
2024-12-26,SOLR,662.7
2024-12-27,SOLR,656.97
2024-12-30,SOLR,660.64
2024-12-31,SOLR,669.68
2025-01-01,SOLR,667.17
2025-01-02,SOLR,678.24
2025-01-03,SOLR,679.5
2025-01-06,SOLR,682.19
2025-01-07,SOLR,633.78
2025-01-08,SOLR,616.24
2025-01-09,SOLR,599.23
2025-01-10,SOLR,602.47
2025-01-13,SOLR,621.19
2025-01-14,SOLR,619.5
2025-01-15,SOLR,632.37
2025-01-16,SOLR,642.44
2025-01-17,SOLR,644.72
2025-01-20,SOLR,653.82
2025-01-21,SOLR,657.83
2025-01-22,SOLR,655.65
2025-01-23,SOLR,661.98
2025-01-24,SOLR,685.37
2025-01-27,SOLR,693.36
2025-01-28,SOLR,697.14
2025-01-29,SOLR,682.36
2025-01-30,SOLR,705.96
2025-01-31,SOLR,681.9
2025-02-03,SOLR,653.7
2025-02-04,SOLR,659.71
2025-02-05,SOLR,645.67
2025-02-06,SOLR,662.87
2025-02-07,SOLR,635.82
2025-02-10,SOLR,650.79
2025-02-11,SOLR,663.88
2025-02-12,SOLR,665.89
2025-02-13,SOLR,631.98
2025-02-14,SOLR,605.58
2025-02-17,SOLR,609.2
2025-02-18,SOLR,605.84
2025-02-19,SOLR,616.65
2025-02-20,SOLR,615.72
2025-02-21,SOLR,613.48
2025-02-24,SOLR,577.36
2025-02-25,SOLR,589.0
2025-02-26,SOLR,579.79
2025-02-27,SOLR,574.26
2025-02-28,SOLR,559.4
2025-03-03,SOLR,538.52
2025-03-04,SOLR,557.88
2025-03-05,SOLR,568.76
2025-03-06,SOLR,580.08
2025-03-07,SOLR,577.11
2025-03-10,SOLR,552.8
2025-03-11,SOLR,581.14
2025-03-12,SOLR,587.2
2025-03-13,SOLR,589.24
2025-03-14,SOLR,584.18
2025-03-17,SOLR,555.21
2025-03-18,SOLR,570.71
2025-03-19,SOLR,556.11
2025-03-20,SOLR,563.59
2025-03-21,SOLR,574.24
2025-03-24,SOLR,578.99
2025-03-25,SOLR,585.7
2025-03-26,SOLR,604.96
2025-03-27,SOLR,593.39
2025-03-28,SOLR,595.85
2025-03-31,SOLR,592.68
2025-04-01,SOLR,566.24
2025-04-02,SOLR,570.27
2025-04-03,SOLR,587.71
2025-04-04,SOLR,607.48
2025-04-07,SOLR,635.02
2025-04-08,SOLR,607.71
2025-04-09,SOLR,631.88
2025-04-10,SOLR,634.81
2025-04-11,SOLR,659.62
2025-04-14,SOLR,653.39
2025-04-15,SOLR,645.05
2025-04-16,SOLR,626.07
2025-04-17,SOLR,637.98
2025-04-18,SOLR,646.06
2025-04-21,SOLR,628.6
2025-04-22,SOLR,595.6
2025-04-23,SOLR,601.71
2025-04-24,SOLR,609.54
2025-04-25,SOLR,595.0
2025-04-28,SOLR,577.89
2025-04-29,SOLR,587.2
2025-04-30,SOLR,613.8
2025-05-01,SOLR,606.5
2025-05-02,SOLR,593.61
2025-05-05,SOLR,598.02
2025-05-06,SOLR,607.35
2025-05-07,SOLR,602.05
2025-05-08,SOLR,631.8
2025-05-09,SOLR,645.75
2025-05-12,SOLR,639.86
2025-05-13,SOLR,615.17
2025-05-14,SOLR,635.0
2025-05-15,SOLR,653.51
2025-05-16,SOLR,648.79
2025-05-19,SOLR,654.42
2025-05-20,SOLR,652.12
2025-05-21,SOLR,660.48
2025-05-22,SOLR,644.11
2025-05-23,SOLR,625.91
2025-05-26,SOLR,638.35
2025-05-27,SOLR,653.0
2025-05-28,SOLR,645.3
2025-05-29,SOLR,633.64
2025-05-30,SOLR,651.42
2025-06-02,SOLR,640.18
2025-06-03,SOLR,641.14
2025-06-04,SOLR,640.12
2025-06-05,SOLR,617.37
2025-06-06,SOLR,620.35
2025-06-09,SOLR,621.87
2025-06-10,SOLR,627.41
2025-06-11,SOLR,629.92
2025-06-12,SOLR,662.73
2025-06-13,SOLR,681.56
2025-06-16,SOLR,682.31
2025-06-17,SOLR,684.57
2025-06-18,SOLR,714.04
2025-06-19,SOLR,729.14
2025-06-20,SOLR,707.45
2025-06-23,SOLR,723.88
2025-06-24,SOLR,745.87
2025-06-25,SOLR,775.34
2025-06-26,SOLR,767.88
2025-06-27,SOLR,759.13
2025-06-30,SOLR,741.85
2025-07-01,SOLR,747.52
2025-07-02,SOLR,760.96
2025-07-03,SOLR,751.57
2025-07-04,SOLR,749.08
2025-07-07,SOLR,711.77
2025-07-08,SOLR,738.01
2025-07-09,SOLR,710.03
2025-07-10,SOLR,716.6
2025-07-11,SOLR,720.86
2025-07-14,SOLR,721.77
2025-07-15,SOLR,723.09
2025-07-16,SOLR,705.4
2025-07-17,SOLR,699.87
2025-07-18,SOLR,716.47
2025-07-21,SOLR,738.63
2025-07-22,SOLR,731.17
2025-07-23,SOLR,703.53
2025-07-24,SOLR,690.31
2025-07-25,SOLR,721.52
2025-07-28,SOLR,709.0
2025-07-29,SOLR,707.43
2025-07-30,SOLR,731.9
2025-07-31,SOLR,722.63
2025-08-01,SOLR,719.83
2025-08-04,SOLR,733.85
2025-08-05,SOLR,764.51
2025-08-06,SOLR,752.62
2025-08-07,SOLR,778.22
2025-08-08,SOLR,773.0
2025-08-11,SOLR,756.46
2025-08-12,SOLR,761.16
2025-08-13,SOLR,739.84
2025-08-14,SOLR,748.45
2025-08-15,SOLR,805.9
2025-08-18,SOLR,827.7
2025-08-19,SOLR,825.71
2025-08-20,SOLR,846.96
2025-08-21,SOLR,827.9
2025-08-22,SOLR,812.64
2025-08-25,SOLR,811.23
2025-08-26,SOLR,813.09
2025-08-27,SOLR,787.63
2025-08-28,SOLR,781.87
2025-08-29,SOLR,779.24
2025-09-01,SOLR,808.58
2025-09-02,SOLR,783.26
2025-09-03,SOLR,756.97
2025-09-04,SOLR,760.31
2025-09-05,SOLR,781.71
2025-09-08,SOLR,792.32
2025-09-09,SOLR,798.27
2025-09-10,SOLR,792.78
2025-09-11,SOLR,805.94
2025-09-12,SOLR,822.27
2025-09-15,SOLR,817.24
2025-09-16,SOLR,798.5
2025-09-17,SOLR,780.32
2025-09-18,SOLR,797.12
2025-09-19,SOLR,767.29
2025-09-22,SOLR,798.71
2025-09-23,SOLR,789.96
2025-09-24,SOLR,796.03
2025-09-25,SOLR,809.73
2025-09-26,SOLR,796.39
2025-09-29,SOLR,787.59
2025-09-30,SOLR,790.24
2025-10-01,SOLR,773.94
2025-10-02,SOLR,753.96
2025-10-03,SOLR,736.14
2025-10-06,SOLR,757.9
2025-10-07,SOLR,765.35
2025-10-08,SOLR,750.69
2025-10-09,SOLR,766.74
2025-10-10,SOLR,753.09
2025-10-13,SOLR,717.47
2025-10-14,SOLR,729.74
2025-10-15,SOLR,759.07
2025-10-16,SOLR,769.49
2025-10-17,SOLR,734.27
2025-10-20,SOLR,733.96
2025-10-21,SOLR,729.17
2025-10-22,SOLR,735.98
2025-10-23,SOLR,720.92
2025-10-24,SOLR,715.18
2025-10-27,SOLR,690.58
2025-10-28,SOLR,694.41
2025-10-29,SOLR,671.15
2025-10-30,SOLR,678.39
2025-10-31,SOLR,666.11
2025-11-03,SOLR,615.3
2025-11-04,SOLR,627.27
2025-11-05,SOLR,634.91
2025-11-06,SOLR,655.9
2025-11-07,SOLR,622.64
2025-11-10,SOLR,612.82
2025-11-11,SOLR,614.87
2025-11-12,SOLR,623.52
2025-11-13,SOLR,601.42
2025-11-14,SOLR,607.82
2025-11-17,SOLR,599.46
2025-11-18,SOLR,572.49
2025-11-19,SOLR,562.12
2025-11-20,SOLR,569.24
2025-11-21,SOLR,544.21
2025-11-24,SOLR,552.73
2025-11-25,SOLR,556.62
2025-11-26,SOLR,553.26
2025-11-27,SOLR,531.34
2025-11-28,SOLR,511.32
2025-12-01,SOLR,506.44
2025-12-02,SOLR,492.65
2025-12-03,SOLR,488.73
2025-12-04,SOLR,499.57
2025-12-05,SOLR,496.33
2025-12-08,SOLR,492.77
2025-12-09,SOLR,489.25
2025-12-10,SOLR,501.39
2025-12-11,SOLR,517.24
2025-12-12,SOLR,522.62
2025-12-15,SOLR,524.44
2025-12-16,SOLR,527.44
2025-12-17,SOLR,545.84
2025-12-18,SOLR,552.25
2025-12-19,SOLR,572.78
2025-12-22,SOLR,567.03
2025-12-23,SOLR,548.69
2025-12-24,SOLR,539.84
2025-12-25,SOLR,532.53
2025-12-26,SOLR,553.39
2025-12-29,SOLR,563.39
2025-12-30,SOLR,554.74
2025-12-31,SOLR,565.73
2024-01-01,WIND,252.16
2024-01-02,WIND,249.4
2024-01-03,WIND,246.95
2024-01-04,WIND,253.51
2024-01-05,WIND,251.75
2024-01-08,WIND,258.76
2024-01-09,WIND,262.84
2024-01-10,WIND,262.32
2024-01-11,WIND,254.39
2024-01-12,WIND,254.47
2024-01-15,WIND,255.06
2024-01-16,WIND,260.28
2024-01-17,WIND,267.48
2024-01-18,WIND,264.53
2024-01-19,WIND,268.29
2024-01-22,WIND,271.95
2024-01-23,WIND,277.09
2024-01-24,WIND,279.61
2024-01-25,WIND,270.55
2024-01-26,WIND,270.0
2024-01-29,WIND,264.86
2024-01-30,WIND,264.11
2024-01-31,WIND,268.68
2024-02-01,WIND,270.24
2024-02-02,WIND,275.68
2024-02-05,WIND,277.46
2024-02-06,WIND,271.5
2024-02-07,WIND,260.03
2024-02-08,WIND,260.85
2024-02-09,WIND,260.07
2024-02-12,WIND,255.91
2024-02-13,WIND,248.67
2024-02-14,WIND,245.71
2024-02-15,WIND,245.05
2024-02-16,WIND,247.98
2024-02-19,WIND,248.93
2024-02-20,WIND,255.89
2024-02-21,WIND,251.54
2024-02-22,WIND,255.47
2024-02-23,WIND,255.83
2024-02-26,WIND,259.01
2024-02-27,WIND,257.25
2024-02-28,WIND,262.1
2024-02-29,WIND,263.58
2024-03-01,WIND,260.7
2024-03-04,WIND,260.8
2024-03-05,WIND,259.9
2024-03-06,WIND,262.23
2024-03-07,WIND,257.13
2024-03-08,WIND,257.16
2024-03-11,WIND,259.05
2024-03-12,WIND,259.36
2024-03-13,WIND,265.46
2024-03-14,WIND,269.12
2024-03-15,WIND,269.25
2024-03-18,WIND,270.41
2024-03-19,WIND,271.94
2024-03-20,WIND,273.97
2024-03-21,WIND,265.63
2024-03-22,WIND,264.44
2024-03-25,WIND,257.93
2024-03-26,WIND,263.69
2024-03-27,WIND,263.58
2024-03-28,WIND,262.88
2024-03-29,WIND,267.05
2024-04-01,WIND,269.14
2024-04-02,WIND,264.14
2024-04-03,WIND,263.98
2024-04-04,WIND,262.64
2024-04-05,WIND,255.02
2024-04-08,WIND,252.18
2024-04-09,WIND,251.55
2024-04-10,WIND,251.21
2024-04-11,WIND,245.04
2024-04-12,WIND,249.99
2024-04-15,WIND,249.71
2024-04-16,WIND,250.03
2024-04-17,WIND,251.88
2024-04-18,WIND,248.67
2024-04-19,WIND,250.75
2024-04-22,WIND,249.34
2024-04-23,WIND,245.69
2024-04-24,WIND,248.24
2024-04-25,WIND,254.69
2024-04-26,WIND,257.99
2024-04-29,WIND,262.2
2024-04-30,WIND,260.04
2024-05-01,WIND,253.14
2024-05-02,WIND,259.71
2024-05-03,WIND,268.94
2024-05-06,WIND,276.17
2024-05-07,WIND,274.76
2024-05-08,WIND,269.54
2024-05-09,WIND,264.82
2024-05-10,WIND,257.4
2024-05-13,WIND,257.09
2024-05-14,WIND,264.27
2024-05-15,WIND,263.8
2024-05-16,WIND,265.32
2024-05-17,WIND,271.69
2024-05-20,WIND,269.99
2024-05-21,WIND,279.5
2024-05-22,WIND,289.15
2024-05-23,WIND,288.68
2024-05-24,WIND,286.03
2024-05-27,WIND,289.59
2024-05-28,WIND,288.06
2024-05-29,WIND,282.58
2024-05-30,WIND,288.91
2024-05-31,WIND,295.06
2024-06-03,WIND,296.03
2024-06-04,WIND,289.85
2024-06-05,WIND,283.97
2024-06-06,WIND,284.67
2024-06-07,WIND,282.43
2024-06-10,WIND,280.96
2024-06-11,WIND,286.02
2024-06-12,WIND,289.76
2024-06-13,WIND,296.73
2024-06-14,WIND,291.92
2024-06-17,WIND,290.4
2024-06-18,WIND,294.33
2024-06-19,WIND,296.75
2024-06-20,WIND,304.67
2024-06-21,WIND,307.04
2024-06-24,WIND,316.87
2024-06-25,WIND,319.98
2024-06-26,WIND,325.96
2024-06-27,WIND,324.37
2024-06-28,WIND,324.65
2024-07-01,WIND,329.88
2024-07-02,WIND,339.13
2024-07-03,WIND,343.55
2024-07-04,WIND,343.28
2024-07-05,WIND,351.53
2024-07-08,WIND,338.64
2024-07-09,WIND,330.66
2024-07-10,WIND,334.7
2024-07-11,WIND,334.99
2024-07-12,WIND,338.65
2024-07-15,WIND,339.23
2024-07-16,WIND,342.73
2024-07-17,WIND,338.2
2024-07-18,WIND,341.69
2024-07-19,WIND,347.68
2024-07-22,WIND,355.11
2024-07-23,WIND,367.49
2024-07-24,WIND,369.25
2024-07-25,WIND,371.19
2024-07-26,WIND,361.81
2024-07-29,WIND,358.77
2024-07-30,WIND,357.81
2024-07-31,WIND,364.42
2024-08-01,WIND,360.86
2024-08-02,WIND,365.97
2024-08-05,WIND,366.19
2024-08-06,WIND,365.32
2024-08-07,WIND,367.09
2024-08-08,WIND,364.88
2024-08-09,WIND,362.44
2024-08-12,WIND,352.16
2024-08-13,WIND,350.89
2024-08-14,WIND,348.25
2024-08-15,WIND,345.41
2024-08-16,WIND,348.07
2024-08-19,WIND,352.18
2024-08-20,WIND,353.79
2024-08-21,WIND,360.0
2024-08-22,WIND,363.75
2024-08-23,WIND,362.15
2024-08-26,WIND,359.52
2024-08-27,WIND,361.66
2024-08-28,WIND,365.41
2024-08-29,WIND,374.33
2024-08-30,WIND,382.14
2024-09-02,WIND,378.86
2024-09-03,WIND,378.44
2024-09-04,WIND,382.99
2024-09-05,WIND,390.18
2024-09-06,WIND,396.66
2024-09-09,WIND,396.47
2024-09-10,WIND,388.26
2024-09-11,WIND,381.91
2024-09-12,WIND,383.92
2024-09-13,WIND,386.39
2024-09-16,WIND,379.41
2024-09-17,WIND,379.93
2024-09-18,WIND,384.25
2024-09-19,WIND,376.96
2024-09-20,WIND,384.28
2024-09-23,WIND,382.05
2024-09-24,WIND,390.46
2024-09-25,WIND,387.16
2024-09-26,WIND,380.64
2024-09-27,WIND,377.91
2024-09-30,WIND,377.54
2024-10-01,WIND,375.28
2024-10-02,WIND,374.13
2024-10-03,WIND,376.49
2024-10-04,WIND,375.63
2024-10-07,WIND,375.44
2024-10-08,WIND,364.76
2024-10-09,WIND,367.42
2024-10-10,WIND,367.09
2024-10-11,WIND,377.37
2024-10-14,WIND,371.57
2024-10-15,WIND,360.38
2024-10-16,WIND,364.39
2024-10-17,WIND,366.76
2024-10-18,WIND,360.7
2024-10-21,WIND,351.54
2024-10-22,WIND,360.95
2024-10-23,WIND,369.85
2024-10-24,WIND,354.44
2024-10-25,WIND,351.9
2024-10-28,WIND,362.07
2024-10-29,WIND,359.37
2024-10-30,WIND,356.59
2024-10-31,WIND,355.1
2024-11-01,WIND,348.55
2024-11-04,WIND,338.66
2024-11-05,WIND,344.94
2024-11-06,WIND,334.34
2024-11-07,WIND,335.95
2024-11-08,WIND,341.23
2024-11-11,WIND,333.02
2024-11-12,WIND,327.99
2024-11-13,WIND,334.96
2024-11-14,WIND,338.2
2024-11-15,WIND,334.87
2024-11-18,WIND,341.92
2024-11-19,WIND,349.15
2024-11-20,WIND,350.96
2024-11-21,WIND,345.81
2024-11-22,WIND,343.59
2024-11-25,WIND,345.48
2024-11-26,WIND,344.58
2024-11-27,WIND,350.3
2024-11-28,WIND,341.4
2024-11-29,WIND,332.94
2024-12-02,WIND,334.17
2024-12-03,WIND,331.59
2024-12-04,WIND,328.26
2024-12-05,WIND,318.59
2024-12-06,WIND,318.9
2024-12-09,WIND,318.81
2024-12-10,WIND,322.55
2024-12-11,WIND,323.13
2024-12-12,WIND,322.6
2024-12-13,WIND,329.26
2024-12-16,WIND,322.11
2024-12-17,WIND,325.25
2024-12-18,WIND,316.21
2024-12-19,WIND,311.9
2024-12-20,WIND,305.66
2024-12-23,WIND,309.91
2024-12-24,WIND,309.76
2024-12-25,WIND,309.88
2024-12-26,WIND,304.24
2024-12-27,WIND,302.88
2024-12-30,WIND,299.14
2024-12-31,WIND,301.27
2025-01-01,WIND,296.38
2025-01-02,WIND,303.27
2025-01-03,WIND,294.82
2025-01-06,WIND,290.96
2025-01-07,WIND,299.44
2025-01-08,WIND,297.41
2025-01-09,WIND,290.94
2025-01-10,WIND,292.21
2025-01-13,WIND,290.02
2025-01-14,WIND,286.08
2025-01-15,WIND,280.93
2025-01-16,WIND,294.33
2025-01-17,WIND,293.25
2025-01-20,WIND,283.83
2025-01-21,WIND,291.22
2025-01-22,WIND,294.42
2025-01-23,WIND,290.77
2025-01-24,WIND,286.34
2025-01-27,WIND,289.79
2025-01-28,WIND,288.76
2025-01-29,WIND,279.48
2025-01-30,WIND,288.15
2025-01-31,WIND,286.2
2025-02-03,WIND,293.66
2025-02-04,WIND,300.22
2025-02-05,WIND,295.3
2025-02-06,WIND,300.67
2025-02-07,WIND,297.53
2025-02-10,WIND,288.27
2025-02-11,WIND,286.36
2025-02-12,WIND,288.48
2025-02-13,WIND,286.39
2025-02-14,WIND,285.07
2025-02-17,WIND,290.79
2025-02-18,WIND,291.5
2025-02-19,WIND,287.5
2025-02-20,WIND,291.11
2025-02-21,WIND,292.27
2025-02-24,WIND,279.92
2025-02-25,WIND,282.13
2025-02-26,WIND,284.19
2025-02-27,WIND,284.46
2025-02-28,WIND,288.95
2025-03-03,WIND,285.82
2025-03-04,WIND,287.64
2025-03-05,WIND,280.15
2025-03-06,WIND,282.27
2025-03-07,WIND,291.81
2025-03-10,WIND,287.06
2025-03-11,WIND,283.53
2025-03-12,WIND,280.28
2025-03-13,WIND,281.08
2025-03-14,WIND,276.17
2025-03-17,WIND,278.32
2025-03-18,WIND,282.5
2025-03-19,WIND,285.24
2025-03-20,WIND,276.84
2025-03-21,WIND,281.7
2025-03-24,WIND,286.36
2025-03-25,WIND,290.58
2025-03-26,WIND,292.61
2025-03-27,WIND,293.88
2025-03-28,WIND,299.23
2025-03-31,WIND,309.2
2025-04-01,WIND,304.38
2025-04-02,WIND,310.15
2025-04-03,WIND,309.89
2025-04-04,WIND,309.4
2025-04-07,WIND,301.5
2025-04-08,WIND,300.23
2025-04-09,WIND,295.33
2025-04-10,WIND,293.18
2025-04-11,WIND,287.89
2025-04-14,WIND,285.87
2025-04-15,WIND,284.07
2025-04-16,WIND,284.72
2025-04-17,WIND,277.07
2025-04-18,WIND,270.44
2025-04-21,WIND,272.27
2025-04-22,WIND,268.75
2025-04-23,WIND,273.82
2025-04-24,WIND,275.04
2025-04-25,WIND,278.05
2025-04-28,WIND,284.89
2025-04-29,WIND,283.57
2025-04-30,WIND,280.98
2025-05-01,WIND,285.31
2025-05-02,WIND,287.96
2025-05-05,WIND,287.23
2025-05-06,WIND,294.2
2025-05-07,WIND,293.32
2025-05-08,WIND,293.67
2025-05-09,WIND,293.95
2025-05-12,WIND,289.47
2025-05-13,WIND,290.03
2025-05-14,WIND,297.1
2025-05-15,WIND,299.53
2025-05-16,WIND,299.87
2025-05-19,WIND,299.23
2025-05-20,WIND,301.1
2025-05-21,WIND,305.13
2025-05-22,WIND,308.48
2025-05-23,WIND,306.93
2025-05-26,WIND,308.82
2025-05-27,WIND,311.53
2025-05-28,WIND,306.39
2025-05-29,WIND,307.45
2025-05-30,WIND,296.34
2025-06-02,WIND,298.96
2025-06-03,WIND,302.5
2025-06-04,WIND,306.54
2025-06-05,WIND,304.67
2025-06-06,WIND,306.46
2025-06-09,WIND,314.07
2025-06-10,WIND,321.81
2025-06-11,WIND,321.85
2025-06-12,WIND,322.82
2025-06-13,WIND,329.11
2025-06-16,WIND,320.92
2025-06-17,WIND,319.36
2025-06-18,WIND,326.81
2025-06-19,WIND,332.43
2025-06-20,WIND,334.72
2025-06-23,WIND,326.36
2025-06-24,WIND,326.29
2025-06-25,WIND,323.22
2025-06-26,WIND,325.24
2025-06-27,WIND,320.96
2025-06-30,WIND,315.56
2025-07-01,WIND,304.68
2025-07-02,WIND,311.2
2025-07-03,WIND,309.28
2025-07-04,WIND,310.29
2025-07-07,WIND,310.48
2025-07-08,WIND,305.03
2025-07-09,WIND,298.69
2025-07-10,WIND,293.77
2025-07-11,WIND,290.34
2025-07-14,WIND,292.33
2025-07-15,WIND,288.56
2025-07-16,WIND,297.31
2025-07-17,WIND,302.68
2025-07-18,WIND,307.03
2025-07-21,WIND,306.6
2025-07-22,WIND,314.68
2025-07-23,WIND,313.71
2025-07-24,WIND,313.74
2025-07-25,WIND,314.84
2025-07-28,WIND,318.79
2025-07-29,WIND,322.45
2025-07-30,WIND,320.04
2025-07-31,WIND,317.34
2025-08-01,WIND,320.99
2025-08-04,WIND,325.09
2025-08-05,WIND,323.12
2025-08-06,WIND,314.6
2025-08-07,WIND,313.69
2025-08-08,WIND,317.21
2025-08-11,WIND,327.14
2025-08-12,WIND,320.68
2025-08-13,WIND,318.55
2025-08-14,WIND,316.64
2025-08-15,WIND,324.14
2025-08-18,WIND,324.15
2025-08-19,WIND,319.35
2025-08-20,WIND,322.58
2025-08-21,WIND,320.56
2025-08-22,WIND,314.09
2025-08-25,WIND,309.51
2025-08-26,WIND,318.83
2025-08-27,WIND,321.11
2025-08-28,WIND,321.9
2025-08-29,WIND,320.73
2025-09-01,WIND,322.52
2025-09-02,WIND,324.26
2025-09-03,WIND,326.07
2025-09-04,WIND,326.91
2025-09-05,WIND,331.95
2025-09-08,WIND,332.28
2025-09-09,WIND,326.96
2025-09-10,WIND,323.76
2025-09-11,WIND,313.07
2025-09-12,WIND,324.05
2025-09-15,WIND,329.01
2025-09-16,WIND,324.57
2025-09-17,WIND,323.21
2025-09-18,WIND,319.91
2025-09-19,WIND,328.5
2025-09-22,WIND,320.78
2025-09-23,WIND,321.6
2025-09-24,WIND,321.21
2025-09-25,WIND,325.92
2025-09-26,WIND,325.55
2025-09-29,WIND,316.02
2025-09-30,WIND,314.86
2025-10-01,WIND,309.85
2025-10-02,WIND,310.47
2025-10-03,WIND,318.23
2025-10-06,WIND,309.02
2025-10-07,WIND,305.0
2025-10-08,WIND,302.32
2025-10-09,WIND,300.55
2025-10-10,WIND,304.52
2025-10-13,WIND,303.81
2025-10-14,WIND,306.15
2025-10-15,WIND,303.08
2025-10-16,WIND,304.45
2025-10-17,WIND,308.67
2025-10-20,WIND,305.02
2025-10-21,WIND,309.26
2025-10-22,WIND,309.73
2025-10-23,WIND,315.42
2025-10-24,WIND,314.54
2025-10-27,WIND,316.77
2025-10-28,WIND,316.75
2025-10-29,WIND,316.43
2025-10-30,WIND,318.02
2025-10-31,WIND,321.12
2025-11-03,WIND,314.5
2025-11-04,WIND,322.36
2025-11-05,WIND,312.37
2025-11-06,WIND,308.92
2025-11-07,WIND,308.62
2025-11-10,WIND,310.97
2025-11-11,WIND,319.5
2025-11-12,WIND,309.61
2025-11-13,WIND,307.12
2025-11-14,WIND,296.21
2025-11-17,WIND,296.55
2025-11-18,WIND,298.11
2025-11-19,WIND,306.35
2025-11-20,WIND,307.17
2025-11-21,WIND,312.82
2025-11-24,WIND,316.12
2025-11-25,WIND,313.97
2025-11-26,WIND,306.65
2025-11-27,WIND,308.27
2025-11-28,WIND,300.64
2025-12-01,WIND,307.45
2025-12-02,WIND,306.79
2025-12-03,WIND,313.22
2025-12-04,WIND,310.85
2025-12-05,WIND,312.47
2025-12-08,WIND,313.78
2025-12-09,WIND,313.73
2025-12-10,WIND,311.62
2025-12-11,WIND,313.89
2025-12-12,WIND,309.14
2025-12-15,WIND,302.98
2025-12-16,WIND,309.57
2025-12-17,WIND,313.59
2025-12-18,WIND,314.13
2025-12-19,WIND,323.22
2025-12-22,WIND,321.95
2025-12-23,WIND,329.39
2025-12-24,WIND,330.58
2025-12-25,WIND,325.03
2025-12-26,WIND,335.44
2025-12-29,WIND,341.3
2025-12-30,WIND,340.81
2025-12-31,WIND,345.24
2024-01-01,OILX,197.43
2024-01-02,OILX,188.63
2024-01-03,OILX,183.98
2024-01-04,OILX,182.99
2024-01-05,OILX,182.69
2024-01-08,OILX,184.95
2024-01-09,OILX,184.22
2024-01-10,OILX,185.42
2024-01-11,OILX,183.78
2024-01-12,OILX,184.1
2024-01-15,OILX,186.15
2024-01-16,OILX,192.59
2024-01-17,OILX,190.47
2024-01-18,OILX,191.25
2024-01-19,OILX,195.21
2024-01-22,OILX,188.92
2024-01-23,OILX,197.73
2024-01-24,OILX,203.23
2024-01-25,OILX,195.41
2024-01-26,OILX,197.23
2024-01-29,OILX,194.83
2024-01-30,OILX,193.2
2024-01-31,OILX,194.91
2024-02-01,OILX,199.76
2024-02-02,OILX,197.78
2024-02-05,OILX,195.88
2024-02-06,OILX,197.71
2024-02-07,OILX,200.46
2024-02-08,OILX,195.98
2024-02-09,OILX,203.89
2024-02-12,OILX,201.04
2024-02-13,OILX,205.65
2024-02-14,OILX,207.94
2024-02-15,OILX,211.0
2024-02-16,OILX,208.14
2024-02-19,OILX,200.07
2024-02-20,OILX,200.13
2024-02-21,OILX,200.21
2024-02-22,OILX,195.96
2024-02-23,OILX,200.24
2024-02-26,OILX,200.16
2024-02-27,OILX,196.6
2024-02-28,OILX,199.4
2024-02-29,OILX,202.35
2024-03-01,OILX,199.18
2024-03-04,OILX,204.98
2024-03-05,OILX,215.69
2024-03-06,OILX,210.47
2024-03-07,OILX,209.74
2024-03-08,OILX,211.53
2024-03-11,OILX,222.77
2024-03-12,OILX,219.19
2024-03-13,OILX,214.64
2024-03-14,OILX,210.14
2024-03-15,OILX,216.2
2024-03-18,OILX,212.85
2024-03-19,OILX,208.87
2024-03-20,OILX,210.14
2024-03-21,OILX,211.79
2024-03-22,OILX,217.16
2024-03-25,OILX,217.79
2024-03-26,OILX,219.21
2024-03-27,OILX,218.85
2024-03-28,OILX,212.47
2024-03-29,OILX,211.66
2024-04-01,OILX,212.13
2024-04-02,OILX,210.14
2024-04-03,OILX,202.76
2024-04-04,OILX,197.64
2024-04-05,OILX,197.61
2024-04-08,OILX,202.0
2024-04-09,OILX,209.95
2024-04-10,OILX,209.23
2024-04-11,OILX,205.96
2024-04-12,OILX,204.36
2024-04-15,OILX,199.61
2024-04-16,OILX,203.37
2024-04-17,OILX,213.51
2024-04-18,OILX,210.28
2024-04-19,OILX,204.7
2024-04-22,OILX,209.59
2024-04-23,OILX,211.28
2024-04-24,OILX,213.07
2024-04-25,OILX,221.0
2024-04-26,OILX,214.24
2024-04-29,OILX,207.56
2024-04-30,OILX,206.95
2024-05-01,OILX,207.41
2024-05-02,OILX,205.88
2024-05-03,OILX,217.67
2024-05-06,OILX,216.29
2024-05-07,OILX,213.73
2024-05-08,OILX,214.51
2024-05-09,OILX,219.46
2024-05-10,OILX,215.97
2024-05-13,OILX,215.42
2024-05-14,OILX,220.52
2024-05-15,OILX,226.04
2024-05-16,OILX,227.34
2024-05-17,OILX,240.14
2024-05-20,OILX,251.24
2024-05-21,OILX,243.33
2024-05-22,OILX,234.07
2024-05-23,OILX,238.53
2024-05-24,OILX,246.19
2024-05-27,OILX,245.12
2024-05-28,OILX,242.48
2024-05-29,OILX,238.11
2024-05-30,OILX,231.91
2024-05-31,OILX,238.14
2024-06-03,OILX,236.25
2024-06-04,OILX,238.07
2024-06-05,OILX,228.28
2024-06-06,OILX,233.71
2024-06-07,OILX,237.04
2024-06-10,OILX,229.91
2024-06-11,OILX,231.46
2024-06-12,OILX,231.67
2024-06-13,OILX,229.46
2024-06-14,OILX,214.35
2024-06-17,OILX,211.27
2024-06-18,OILX,212.9
2024-06-19,OILX,210.39
2024-06-20,OILX,209.48
2024-06-21,OILX,216.84
2024-06-24,OILX,216.63
2024-06-25,OILX,206.37
2024-06-26,OILX,205.66
2024-06-27,OILX,206.29
2024-06-28,OILX,202.54
2024-07-01,OILX,206.12
2024-07-02,OILX,199.36
2024-07-03,OILX,198.89
2024-07-04,OILX,192.31
2024-07-05,OILX,191.16
2024-07-08,OILX,194.42
2024-07-09,OILX,193.85
2024-07-10,OILX,193.02
2024-07-11,OILX,193.3
2024-07-12,OILX,193.79
2024-07-15,OILX,197.03
2024-07-16,OILX,200.35
2024-07-17,OILX,207.04
2024-07-18,OILX,208.0
2024-07-19,OILX,200.24
2024-07-22,OILX,204.34
2024-07-23,OILX,210.83
2024-07-24,OILX,222.9
2024-07-25,OILX,230.51
2024-07-26,OILX,228.09
2024-07-29,OILX,229.25
2024-07-30,OILX,228.01
2024-07-31,OILX,226.06
2024-08-01,OILX,225.65
2024-08-02,OILX,232.48
2024-08-05,OILX,224.19
2024-08-06,OILX,219.2
2024-08-07,OILX,225.51
2024-08-08,OILX,233.21
2024-08-09,OILX,229.86
2024-08-12,OILX,238.75
2024-08-13,OILX,244.29
2024-08-14,OILX,242.98
2024-08-15,OILX,229.59
2024-08-16,OILX,220.98
2024-08-19,OILX,217.81
2024-08-20,OILX,221.78
2024-08-21,OILX,225.84
2024-08-22,OILX,223.6
2024-08-23,OILX,222.59
2024-08-26,OILX,222.6
2024-08-27,OILX,221.65
2024-08-28,OILX,222.66
2024-08-29,OILX,222.68
2024-08-30,OILX,214.3
2024-09-02,OILX,213.45
2024-09-03,OILX,213.5
2024-09-04,OILX,218.52
2024-09-05,OILX,214.52
2024-09-06,OILX,215.7
2024-09-09,OILX,218.65
2024-09-10,OILX,218.08
2024-09-11,OILX,209.47
2024-09-12,OILX,214.49
2024-09-13,OILX,218.33
2024-09-16,OILX,219.65
2024-09-17,OILX,220.03
2024-09-18,OILX,211.2
2024-09-19,OILX,215.12
2024-09-20,OILX,222.63
2024-09-23,OILX,217.11
2024-09-24,OILX,223.99
2024-09-25,OILX,229.98
2024-09-26,OILX,224.12
2024-09-27,OILX,222.27
2024-09-30,OILX,215.33
2024-10-01,OILX,215.18
2024-10-02,OILX,217.56
2024-10-03,OILX,211.13
2024-10-04,OILX,213.17
2024-10-07,OILX,216.46
2024-10-08,OILX,219.88
2024-10-09,OILX,222.35
2024-10-10,OILX,216.25
2024-10-11,OILX,215.82
2024-10-14,OILX,217.73
2024-10-15,OILX,225.2
2024-10-16,OILX,225.39
2024-10-17,OILX,227.77
2024-10-18,OILX,223.08
2024-10-21,OILX,217.34
2024-10-22,OILX,211.11
2024-10-23,OILX,209.24
2024-10-24,OILX,219.31
2024-10-25,OILX,217.45
2024-10-28,OILX,219.44
2024-10-29,OILX,222.42
2024-10-30,OILX,217.02
2024-10-31,OILX,215.03
2024-11-01,OILX,218.28
2024-11-04,OILX,220.6
2024-11-05,OILX,210.67
2024-11-06,OILX,213.71
2024-11-07,OILX,211.18
2024-11-08,OILX,208.8
2024-11-11,OILX,210.9
2024-11-12,OILX,218.44
2024-11-13,OILX,217.61
2024-11-14,OILX,223.67
2024-11-15,OILX,216.44
2024-11-18,OILX,217.26
2024-11-19,OILX,214.74
2024-11-20,OILX,216.29
2024-11-21,OILX,214.99
2024-11-22,OILX,208.54
2024-11-25,OILX,204.46
2024-11-26,OILX,196.91
2024-11-27,OILX,191.16
2024-11-28,OILX,193.41
2024-11-29,OILX,192.45
2024-12-02,OILX,193.62
2024-12-03,OILX,201.84
2024-12-04,OILX,200.63
2024-12-05,OILX,203.71
2024-12-06,OILX,204.0
2024-12-09,OILX,217.09
2024-12-10,OILX,202.23
2024-12-11,OILX,199.06
2024-12-12,OILX,202.2
2024-12-13,OILX,198.86
2024-12-16,OILX,201.6
2024-12-17,OILX,201.48
2024-12-18,OILX,205.64
2024-12-19,OILX,200.46
2024-12-20,OILX,201.41
2024-12-23,OILX,203.72
2024-12-24,OILX,204.5
2024-12-25,OILX,205.36
2024-12-26,OILX,211.19
2024-12-27,OILX,203.21
2024-12-30,OILX,203.95
2024-12-31,OILX,198.45
2025-01-01,OILX,202.06
2025-01-02,OILX,198.33
2025-01-03,OILX,187.23
2025-01-06,OILX,190.74
2025-01-07,OILX,189.71
2025-01-08,OILX,191.42
2025-01-09,OILX,197.83
2025-01-10,OILX,199.68
2025-01-13,OILX,200.61
2025-01-14,OILX,200.55
2025-01-15,OILX,195.43
2025-01-16,OILX,194.61
2025-01-17,OILX,203.58
2025-01-20,OILX,201.99
2025-01-21,OILX,201.42
2025-01-22,OILX,207.39
2025-01-23,OILX,200.22
2025-01-24,OILX,203.23
2025-01-27,OILX,195.97
2025-01-28,OILX,197.92
2025-01-29,OILX,197.98
2025-01-30,OILX,200.91
2025-01-31,OILX,196.4
2025-02-03,OILX,194.15
2025-02-04,OILX,197.26
2025-02-05,OILX,195.1
2025-02-06,OILX,198.64
2025-02-07,OILX,199.75
2025-02-10,OILX,197.86
2025-02-11,OILX,196.59
2025-02-12,OILX,196.76
2025-02-13,OILX,195.91
2025-02-14,OILX,199.35
2025-02-17,OILX,197.81
2025-02-18,OILX,195.36
2025-02-19,OILX,199.6
2025-02-20,OILX,197.82
2025-02-21,OILX,195.52
2025-02-24,OILX,184.52
2025-02-25,OILX,180.26
2025-02-26,OILX,176.93
2025-02-27,OILX,174.88
2025-02-28,OILX,172.12
2025-03-03,OILX,176.14
2025-03-04,OILX,173.14
2025-03-05,OILX,170.49
2025-03-06,OILX,171.24
2025-03-07,OILX,167.04
2025-03-10,OILX,173.17
2025-03-11,OILX,176.49
2025-03-12,OILX,171.9
2025-03-13,OILX,176.03
2025-03-14,OILX,181.11
2025-03-17,OILX,176.5
2025-03-18,OILX,171.92
2025-03-19,OILX,169.65
2025-03-20,OILX,164.27
2025-03-21,OILX,161.46
2025-03-24,OILX,160.1
2025-03-25,OILX,162.08
2025-03-26,OILX,162.51
2025-03-27,OILX,162.08
2025-03-28,OILX,160.41
2025-03-31,OILX,155.72
2025-04-01,OILX,157.96
2025-04-02,OILX,160.15
2025-04-03,OILX,158.0
2025-04-04,OILX,154.14
2025-04-07,OILX,159.76
2025-04-08,OILX,160.79
2025-04-09,OILX,162.38
2025-04-10,OILX,164.15
2025-04-11,OILX,159.75
2025-04-14,OILX,165.37
2025-04-15,OILX,163.97
2025-04-16,OILX,167.19
2025-04-17,OILX,172.92
2025-04-18,OILX,173.38
2025-04-21,OILX,168.81
2025-04-22,OILX,159.28
2025-04-23,OILX,159.27
2025-04-24,OILX,160.31
2025-04-25,OILX,158.3
2025-04-28,OILX,158.91
2025-04-29,OILX,160.61
2025-04-30,OILX,164.4
2025-05-01,OILX,163.66
2025-05-02,OILX,163.62
2025-05-05,OILX,163.08
2025-05-06,OILX,163.33
2025-05-07,OILX,161.54
2025-05-08,OILX,159.74
2025-05-09,OILX,158.2
2025-05-12,OILX,158.89
2025-05-13,OILX,155.93
2025-05-14,OILX,154.43
2025-05-15,OILX,160.97
2025-05-16,OILX,164.4
2025-05-19,OILX,160.92
2025-05-20,OILX,164.24
2025-05-21,OILX,166.73
2025-05-22,OILX,166.47
2025-05-23,OILX,163.89
2025-05-26,OILX,160.93
2025-05-27,OILX,161.88
2025-05-28,OILX,158.87
2025-05-29,OILX,162.99
2025-05-30,OILX,168.29
2025-06-02,OILX,168.25
2025-06-03,OILX,172.78
2025-06-04,OILX,171.29
2025-06-05,OILX,168.61
2025-06-06,OILX,173.0
2025-06-09,OILX,179.41
2025-06-10,OILX,187.63
2025-06-11,OILX,189.21
2025-06-12,OILX,193.11
2025-06-13,OILX,194.63
2025-06-16,OILX,201.06
2025-06-17,OILX,203.21
2025-06-18,OILX,207.13
2025-06-19,OILX,201.89
2025-06-20,OILX,200.98
2025-06-23,OILX,204.89
2025-06-24,OILX,208.46
2025-06-25,OILX,212.92
2025-06-26,OILX,213.68
2025-06-27,OILX,210.65
2025-06-30,OILX,210.53
2025-07-01,OILX,210.92
2025-07-02,OILX,212.25
2025-07-03,OILX,207.71
2025-07-04,OILX,206.6
2025-07-07,OILX,206.34
2025-07-08,OILX,195.89
2025-07-09,OILX,199.78
2025-07-10,OILX,200.69
2025-07-11,OILX,202.07
2025-07-14,OILX,199.84
2025-07-15,OILX,202.68
2025-07-16,OILX,198.97
2025-07-17,OILX,196.05
2025-07-18,OILX,199.03
2025-07-21,OILX,200.82
2025-07-22,OILX,195.08
2025-07-23,OILX,202.3
2025-07-24,OILX,198.94
2025-07-25,OILX,198.49
2025-07-28,OILX,206.6
2025-07-29,OILX,197.0
2025-07-30,OILX,189.44
2025-07-31,OILX,191.51
2025-08-01,OILX,180.76
2025-08-04,OILX,172.43
2025-08-05,OILX,177.21
2025-08-06,OILX,175.69
2025-08-07,OILX,184.68
2025-08-08,OILX,180.44
2025-08-11,OILX,179.26
2025-08-12,OILX,181.63
2025-08-13,OILX,183.73
2025-08-14,OILX,182.8
2025-08-15,OILX,180.23
2025-08-18,OILX,181.32
2025-08-19,OILX,187.2
2025-08-20,OILX,190.62
2025-08-21,OILX,188.0
2025-08-22,OILX,183.87
2025-08-25,OILX,181.09
2025-08-26,OILX,175.94
2025-08-27,OILX,176.67
2025-08-28,OILX,180.11
2025-08-29,OILX,179.96
2025-09-01,OILX,187.2
2025-09-02,OILX,194.98
2025-09-03,OILX,196.51
2025-09-04,OILX,199.83
2025-09-05,OILX,195.85
2025-09-08,OILX,194.38
2025-09-09,OILX,200.21
2025-09-10,OILX,197.71
2025-09-11,OILX,204.61
2025-09-12,OILX,210.0
2025-09-15,OILX,213.79
2025-09-16,OILX,208.2
2025-09-17,OILX,206.87
2025-09-18,OILX,210.09
2025-09-19,OILX,205.5
2025-09-22,OILX,204.77
2025-09-23,OILX,208.46
2025-09-24,OILX,205.91
2025-09-25,OILX,202.07
2025-09-26,OILX,193.88
2025-09-29,OILX,192.31
2025-09-30,OILX,195.87
2025-10-01,OILX,192.1
2025-10-02,OILX,192.33
2025-10-03,OILX,191.49
2025-10-06,OILX,188.71
2025-10-07,OILX,192.49
2025-10-08,OILX,199.89
2025-10-09,OILX,204.66
2025-10-10,OILX,201.55
2025-10-13,OILX,210.93
2025-10-14,OILX,215.94
2025-10-15,OILX,213.84
2025-10-16,OILX,210.2
2025-10-17,OILX,215.78
2025-10-20,OILX,216.81
2025-10-21,OILX,212.74
2025-10-22,OILX,212.19
2025-10-23,OILX,210.37
2025-10-24,OILX,206.56
2025-10-27,OILX,211.53
2025-10-28,OILX,215.49
2025-10-29,OILX,219.81
2025-10-30,OILX,224.14
2025-10-31,OILX,219.6
2025-11-03,OILX,216.73
2025-11-04,OILX,224.16
2025-11-05,OILX,224.89
2025-11-06,OILX,217.47
2025-11-07,OILX,218.73
2025-11-10,OILX,222.19
2025-11-11,OILX,225.03
2025-11-12,OILX,220.37
2025-11-13,OILX,230.08
2025-11-14,OILX,222.34
2025-11-17,OILX,223.08
2025-11-18,OILX,232.14
2025-11-19,OILX,235.48
2025-11-20,OILX,240.18
2025-11-21,OILX,234.56
2025-11-24,OILX,236.62
2025-11-25,OILX,236.6
2025-11-26,OILX,230.65
2025-11-27,OILX,235.41
2025-11-28,OILX,231.17
2025-12-01,OILX,227.63
2025-12-02,OILX,230.07
2025-12-03,OILX,229.49
2025-12-04,OILX,230.57
2025-12-05,OILX,229.66
2025-12-08,OILX,237.29
2025-12-09,OILX,232.44
2025-12-10,OILX,230.14
2025-12-11,OILX,232.87
2025-12-12,OILX,227.77
2025-12-15,OILX,222.55
2025-12-16,OILX,223.43
2025-12-17,OILX,228.05
2025-12-18,OILX,233.45
2025-12-19,OILX,234.13
2025-12-22,OILX,230.7
2025-12-23,OILX,232.34
2025-12-24,OILX,235.54
2025-12-25,OILX,237.14
2025-12-26,OILX,244.05
2025-12-29,OILX,238.56
2025-12-30,OILX,234.93
2025-12-31,OILX,241.02
2024-01-01,POWR,124.53
2024-01-02,POWR,125.58
2024-01-03,POWR,122.54
2024-01-04,POWR,122.86
2024-01-05,POWR,123.4
2024-01-08,POWR,125.29
2024-01-09,POWR,129.12
2024-01-10,POWR,126.16
2024-01-11,POWR,126.08
2024-01-12,POWR,125.53
2024-01-15,POWR,126.49
2024-01-16,POWR,126.99
2024-01-17,POWR,126.26
2024-01-18,POWR,125.35
2024-01-19,POWR,123.0
2024-01-22,POWR,125.11
2024-01-23,POWR,126.12
2024-01-24,POWR,128.13
2024-01-25,POWR,127.48
2024-01-26,POWR,126.09
2024-01-29,POWR,123.82
2024-01-30,POWR,124.61
2024-01-31,POWR,122.44
2024-02-01,POWR,126.32
2024-02-02,POWR,123.55
2024-02-05,POWR,124.16
2024-02-06,POWR,127.5
2024-02-07,POWR,128.84
2024-02-08,POWR,129.26
2024-02-09,POWR,127.17
2024-02-12,POWR,124.21
2024-02-13,POWR,125.87
2024-02-14,POWR,129.14
2024-02-15,POWR,128.21
2024-02-16,POWR,125.76
2024-02-19,POWR,120.53
2024-02-20,POWR,118.55
2024-02-21,POWR,118.36
2024-02-22,POWR,121.61
2024-02-23,POWR,123.04
2024-02-26,POWR,123.71
2024-02-27,POWR,122.91
2024-02-28,POWR,121.72
2024-02-29,POWR,124.67
2024-03-01,POWR,125.13
2024-03-04,POWR,120.69
2024-03-05,POWR,119.34
2024-03-06,POWR,117.63
2024-03-07,POWR,116.57
2024-03-08,POWR,117.72
2024-03-11,POWR,117.53
2024-03-12,POWR,117.41
2024-03-13,POWR,120.07
2024-03-14,POWR,118.68
2024-03-15,POWR,122.48
2024-03-18,POWR,121.11
2024-03-19,POWR,121.33
2024-03-20,POWR,120.79
2024-03-21,POWR,121.07
2024-03-22,POWR,122.02
2024-03-25,POWR,122.96
2024-03-26,POWR,121.42
2024-03-27,POWR,119.13
2024-03-28,POWR,124.24
2024-03-29,POWR,123.25
2024-04-01,POWR,124.75
2024-04-02,POWR,121.37
2024-04-03,POWR,120.83
2024-04-04,POWR,120.6
2024-04-05,POWR,121.61
2024-04-08,POWR,116.01
2024-04-09,POWR,116.37
2024-04-10,POWR,114.12
2024-04-11,POWR,114.79
2024-04-12,POWR,112.79
2024-04-15,POWR,111.18
2024-04-16,POWR,110.7
2024-04-17,POWR,108.74
2024-04-18,POWR,107.89
2024-04-19,POWR,105.73
2024-04-22,POWR,102.46
2024-04-23,POWR,104.27
2024-04-24,POWR,102.0
2024-04-25,POWR,101.72
2024-04-26,POWR,103.05
2024-04-29,POWR,102.0
2024-04-30,POWR,100.59
2024-05-01,POWR,101.01
2024-05-02,POWR,102.96
2024-05-03,POWR,100.94
2024-05-06,POWR,100.71
2024-05-07,POWR,97.77
2024-05-08,POWR,97.14
2024-05-09,POWR,97.23
2024-05-10,POWR,95.84
2024-05-13,POWR,95.12
2024-05-14,POWR,92.87
2024-05-15,POWR,93.01
2024-05-16,POWR,94.71
2024-05-17,POWR,92.97
2024-05-20,POWR,92.01
2024-05-21,POWR,92.82
2024-05-22,POWR,94.77
2024-05-23,POWR,92.38
2024-05-24,POWR,92.14
2024-05-27,POWR,92.61
2024-05-28,POWR,92.48
2024-05-29,POWR,88.61
2024-05-30,POWR,89.39
2024-05-31,POWR,91.72
2024-06-03,POWR,91.93
2024-06-04,POWR,90.34
2024-06-05,POWR,89.58
2024-06-06,POWR,92.3
2024-06-07,POWR,93.76
2024-06-10,POWR,94.81
2024-06-11,POWR,95.41
2024-06-12,POWR,94.36
2024-06-13,POWR,94.07
2024-06-14,POWR,93.97
2024-06-17,POWR,94.87
2024-06-18,POWR,97.34
2024-06-19,POWR,99.22
2024-06-20,POWR,96.85
2024-06-21,POWR,97.24
2024-06-24,POWR,98.49
2024-06-25,POWR,99.56
2024-06-26,POWR,98.52
2024-06-27,POWR,103.43
2024-06-28,POWR,101.21
2024-07-01,POWR,99.38
2024-07-02,POWR,99.8
2024-07-03,POWR,103.42
2024-07-04,POWR,101.98
2024-07-05,POWR,101.55
2024-07-08,POWR,103.44
2024-07-09,POWR,103.43
2024-07-10,POWR,102.87
2024-07-11,POWR,103.89
2024-07-12,POWR,104.41
2024-07-15,POWR,106.27
2024-07-16,POWR,108.63
2024-07-17,POWR,109.23
2024-07-18,POWR,109.8
2024-07-19,POWR,110.23
2024-07-22,POWR,111.18
2024-07-23,POWR,111.32
2024-07-24,POWR,111.35
2024-07-25,POWR,113.65
2024-07-26,POWR,116.61
2024-07-29,POWR,113.65
2024-07-30,POWR,113.7
2024-07-31,POWR,112.4
2024-08-01,POWR,111.84
2024-08-02,POWR,112.64
2024-08-05,POWR,113.95
2024-08-06,POWR,113.77
2024-08-07,POWR,110.09
2024-08-08,POWR,108.32
2024-08-09,POWR,110.0
2024-08-12,POWR,104.9
2024-08-13,POWR,107.05
2024-08-14,POWR,108.03
2024-08-15,POWR,110.48
2024-08-16,POWR,110.14
2024-08-19,POWR,106.3
2024-08-20,POWR,107.11
2024-08-21,POWR,109.47
2024-08-22,POWR,111.22
2024-08-23,POWR,110.0
2024-08-26,POWR,110.19
2024-08-27,POWR,109.22
2024-08-28,POWR,107.73
2024-08-29,POWR,109.51
2024-08-30,POWR,107.31
2024-09-02,POWR,105.71
2024-09-03,POWR,103.75
2024-09-04,POWR,101.15
2024-09-05,POWR,101.43
2024-09-06,POWR,103.46
2024-09-09,POWR,103.17
2024-09-10,POWR,100.55
2024-09-11,POWR,102.02
2024-09-12,POWR,104.97
2024-09-13,POWR,103.85
2024-09-16,POWR,103.03
2024-09-17,POWR,103.96
2024-09-18,POWR,106.86
2024-09-19,POWR,105.95
2024-09-20,POWR,103.58
2024-09-23,POWR,104.72
2024-09-24,POWR,106.17
2024-09-25,POWR,106.21
2024-09-26,POWR,105.23
2024-09-27,POWR,107.04
2024-09-30,POWR,108.04
2024-10-01,POWR,106.65
2024-10-02,POWR,106.77
2024-10-03,POWR,104.35
2024-10-04,POWR,105.59
2024-10-07,POWR,105.15
2024-10-08,POWR,104.4
2024-10-09,POWR,104.37
2024-10-10,POWR,104.47
2024-10-11,POWR,106.09
2024-10-14,POWR,107.19
2024-10-15,POWR,106.94
2024-10-16,POWR,108.36
2024-10-17,POWR,109.13
2024-10-18,POWR,108.36
2024-10-21,POWR,108.16
2024-10-22,POWR,107.92
2024-10-23,POWR,108.88
2024-10-24,POWR,108.23
2024-10-25,POWR,107.54
2024-10-28,POWR,111.18
2024-10-29,POWR,112.99
2024-10-30,POWR,111.55
2024-10-31,POWR,112.67
2024-11-01,POWR,112.93
2024-11-04,POWR,113.71
2024-11-05,POWR,114.01
2024-11-06,POWR,116.35
2024-11-07,POWR,117.07
2024-11-08,POWR,116.98
2024-11-11,POWR,119.09
2024-11-12,POWR,119.59
2024-11-13,POWR,119.87
2024-11-14,POWR,120.55
2024-11-15,POWR,120.39
2024-11-18,POWR,120.44
2024-11-19,POWR,119.27
2024-11-20,POWR,117.78
2024-11-21,POWR,115.81
2024-11-22,POWR,113.1
2024-11-25,POWR,111.44
2024-11-26,POWR,111.14
2024-11-27,POWR,111.37
2024-11-28,POWR,110.88
2024-11-29,POWR,106.47
2024-12-02,POWR,109.35
2024-12-03,POWR,111.4
2024-12-04,POWR,112.28
2024-12-05,POWR,115.96
2024-12-06,POWR,114.06
2024-12-09,POWR,117.76
2024-12-10,POWR,115.86
2024-12-11,POWR,116.36
2024-12-12,POWR,113.87
2024-12-13,POWR,113.93
2024-12-16,POWR,114.71
2024-12-17,POWR,114.44
2024-12-18,POWR,115.86
2024-12-19,POWR,116.09
2024-12-20,POWR,115.09
2024-12-23,POWR,114.01
2024-12-24,POWR,115.62
2024-12-25,POWR,114.37
2024-12-26,POWR,116.18
2024-12-27,POWR,118.63
2024-12-30,POWR,115.29
2024-12-31,POWR,117.55
2025-01-01,POWR,121.71
2025-01-02,POWR,122.26
2025-01-03,POWR,123.54
2025-01-06,POWR,125.76
2025-01-07,POWR,125.2
2025-01-08,POWR,125.63
2025-01-09,POWR,122.85
2025-01-10,POWR,123.18
2025-01-13,POWR,124.26
2025-01-14,POWR,125.38
2025-01-15,POWR,127.69
2025-01-16,POWR,126.04
2025-01-17,POWR,124.94
2025-01-20,POWR,129.0
2025-01-21,POWR,128.71
2025-01-22,POWR,129.18
2025-01-23,POWR,129.07
2025-01-24,POWR,127.3
2025-01-27,POWR,130.86
2025-01-28,POWR,129.72
2025-01-29,POWR,127.27
2025-01-30,POWR,126.33
2025-01-31,POWR,122.06
2025-02-03,POWR,120.74
2025-02-04,POWR,118.78
2025-02-05,POWR,120.06
2025-02-06,POWR,118.72
2025-02-07,POWR,120.55
2025-02-10,POWR,123.45
2025-02-11,POWR,125.13
2025-02-12,POWR,124.71
2025-02-13,POWR,125.04
2025-02-14,POWR,121.83
2025-02-17,POWR,121.59
2025-02-18,POWR,119.84
2025-02-19,POWR,121.29
2025-02-20,POWR,126.64
2025-02-21,POWR,127.75
2025-02-24,POWR,123.45
2025-02-25,POWR,122.73
2025-02-26,POWR,123.02
2025-02-27,POWR,123.24
2025-02-28,POWR,121.74
2025-03-03,POWR,122.28
2025-03-04,POWR,119.73
2025-03-05,POWR,117.84
2025-03-06,POWR,119.17
2025-03-07,POWR,117.14
2025-03-10,POWR,118.25
2025-03-11,POWR,115.52
2025-03-12,POWR,119.03
2025-03-13,POWR,117.49
2025-03-14,POWR,117.08
2025-03-17,POWR,117.77
2025-03-18,POWR,116.67
2025-03-19,POWR,116.99
2025-03-20,POWR,118.16
2025-03-21,POWR,120.13
2025-03-24,POWR,121.78
2025-03-25,POWR,121.46
2025-03-26,POWR,121.19
2025-03-27,POWR,126.07
2025-03-28,POWR,128.14
2025-03-31,POWR,126.17
2025-04-01,POWR,126.42
2025-04-02,POWR,125.73
2025-04-03,POWR,125.48
2025-04-04,POWR,122.89
2025-04-07,POWR,122.06
2025-04-08,POWR,125.86
2025-04-09,POWR,127.14
2025-04-10,POWR,121.78
2025-04-11,POWR,124.34
2025-04-14,POWR,126.68
2025-04-15,POWR,125.94
2025-04-16,POWR,127.51
2025-04-17,POWR,125.68
2025-04-18,POWR,124.71
2025-04-21,POWR,127.93
2025-04-22,POWR,127.37
2025-04-23,POWR,123.35
2025-04-24,POWR,123.26
2025-04-25,POWR,123.13
2025-04-28,POWR,125.67
2025-04-29,POWR,125.74
2025-04-30,POWR,124.87
2025-05-01,POWR,127.13
2025-05-02,POWR,127.42
2025-05-05,POWR,125.83
2025-05-06,POWR,128.34
2025-05-07,POWR,128.8
2025-05-08,POWR,128.84
2025-05-09,POWR,129.27
2025-05-12,POWR,126.95
2025-05-13,POWR,125.85
2025-05-14,POWR,125.89
2025-05-15,POWR,125.51
2025-05-16,POWR,128.26
2025-05-19,POWR,128.77
2025-05-20,POWR,130.68
2025-05-21,POWR,130.74
2025-05-22,POWR,133.13
2025-05-23,POWR,134.07
2025-05-26,POWR,134.13
2025-05-27,POWR,134.14
2025-05-28,POWR,132.0
2025-05-29,POWR,133.18
2025-05-30,POWR,133.12
2025-06-02,POWR,132.02
2025-06-03,POWR,134.55
2025-06-04,POWR,131.72
2025-06-05,POWR,130.81
2025-06-06,POWR,133.13
2025-06-09,POWR,133.89
2025-06-10,POWR,133.82
2025-06-11,POWR,134.43
2025-06-12,POWR,134.87
2025-06-13,POWR,131.43
2025-06-16,POWR,130.69
2025-06-17,POWR,134.32
2025-06-18,POWR,132.85
2025-06-19,POWR,132.17
2025-06-20,POWR,130.98
2025-06-23,POWR,130.83
2025-06-24,POWR,129.57
2025-06-25,POWR,130.68
2025-06-26,POWR,131.15
2025-06-27,POWR,132.91
2025-06-30,POWR,130.57
2025-07-01,POWR,129.85
2025-07-02,POWR,129.39
2025-07-03,POWR,130.43
2025-07-04,POWR,128.71
2025-07-07,POWR,130.75
2025-07-08,POWR,133.43
2025-07-09,POWR,131.22
2025-07-10,POWR,130.16
2025-07-11,POWR,129.02
2025-07-14,POWR,134.83
2025-07-15,POWR,133.89
2025-07-16,POWR,137.75
2025-07-17,POWR,134.82
2025-07-18,POWR,132.58
2025-07-21,POWR,131.07
2025-07-22,POWR,129.22
2025-07-23,POWR,128.67
2025-07-24,POWR,127.15
2025-07-25,POWR,125.41
2025-07-28,POWR,127.92
2025-07-29,POWR,130.62
2025-07-30,POWR,132.77
2025-07-31,POWR,133.99
2025-08-01,POWR,134.24
2025-08-04,POWR,133.14
2025-08-05,POWR,131.02
2025-08-06,POWR,131.87
2025-08-07,POWR,129.27
2025-08-08,POWR,127.12
2025-08-11,POWR,129.65
2025-08-12,POWR,133.88
2025-08-13,POWR,134.81
2025-08-14,POWR,137.39
2025-08-15,POWR,136.85
2025-08-18,POWR,133.78
2025-08-19,POWR,135.21
2025-08-20,POWR,136.56
2025-08-21,POWR,136.76
2025-08-22,POWR,136.24
2025-08-25,POWR,138.5
2025-08-26,POWR,136.22
2025-08-27,POWR,134.46
2025-08-28,POWR,132.19
2025-08-29,POWR,132.42
2025-09-01,POWR,130.01
2025-09-02,POWR,128.53
2025-09-03,POWR,127.02
2025-09-04,POWR,126.49
2025-09-05,POWR,123.33
2025-09-08,POWR,123.55
2025-09-09,POWR,126.2
2025-09-10,POWR,126.53
2025-09-11,POWR,129.88
2025-09-12,POWR,132.87
2025-09-15,POWR,134.67
2025-09-16,POWR,134.88
2025-09-17,POWR,134.97
2025-09-18,POWR,136.76
2025-09-19,POWR,135.88
2025-09-22,POWR,131.57
2025-09-23,POWR,132.71
2025-09-24,POWR,130.19
2025-09-25,POWR,128.09
2025-09-26,POWR,128.13
2025-09-29,POWR,127.96
2025-09-30,POWR,124.92
2025-10-01,POWR,125.31
2025-10-02,POWR,127.4
2025-10-03,POWR,124.99
2025-10-06,POWR,127.73
2025-10-07,POWR,124.38
2025-10-08,POWR,128.9
2025-10-09,POWR,128.03
2025-10-10,POWR,128.38
2025-10-13,POWR,124.28
2025-10-14,POWR,124.19
2025-10-15,POWR,124.71
2025-10-16,POWR,124.56
2025-10-17,POWR,123.4
2025-10-20,POWR,121.45
2025-10-21,POWR,123.82
2025-10-22,POWR,123.92
2025-10-23,POWR,127.2
2025-10-24,POWR,126.1
2025-10-27,POWR,125.2
2025-10-28,POWR,126.97
2025-10-29,POWR,123.5
2025-10-30,POWR,120.98
2025-10-31,POWR,123.28
2025-11-03,POWR,120.85
2025-11-04,POWR,117.15
2025-11-05,POWR,120.9
2025-11-06,POWR,118.07
2025-11-07,POWR,118.47
2025-11-10,POWR,118.65
2025-11-11,POWR,113.0
2025-11-12,POWR,112.52
2025-11-13,POWR,113.41
2025-11-14,POWR,114.13
2025-11-17,POWR,115.91
2025-11-18,POWR,115.18
2025-11-19,POWR,116.61
2025-11-20,POWR,115.28
2025-11-21,POWR,112.54
2025-11-24,POWR,110.09
2025-11-25,POWR,107.38
2025-11-26,POWR,109.25
2025-11-27,POWR,106.47
2025-11-28,POWR,106.99
2025-12-01,POWR,106.54
2025-12-02,POWR,106.38
2025-12-03,POWR,108.88
2025-12-04,POWR,108.1
2025-12-05,POWR,109.26
2025-12-08,POWR,109.36
2025-12-09,POWR,109.11
2025-12-10,POWR,113.41
2025-12-11,POWR,110.66
2025-12-12,POWR,113.12
2025-12-15,POWR,114.41
2025-12-16,POWR,113.51
2025-12-17,POWR,116.69
2025-12-18,POWR,113.05
2025-12-19,POWR,112.08
2025-12-22,POWR,109.81
2025-12-23,POWR,110.61
2025-12-24,POWR,108.54
2025-12-25,POWR,109.37
2025-12-26,POWR,109.06
2025-12-29,POWR,108.2
2025-12-30,POWR,108.94
2025-12-31,POWR,108.48
2024-01-01,RETL,73.91
2024-01-02,RETL,73.89
2024-01-03,RETL,72.27
2024-01-04,RETL,74.17
2024-01-05,RETL,71.86
2024-01-08,RETL,71.59
2024-01-09,RETL,73.27
2024-01-10,RETL,71.51
2024-01-11,RETL,71.39
2024-01-12,RETL,71.58
2024-01-15,RETL,70.54
2024-01-16,RETL,70.45
2024-01-17,RETL,71.19
2024-01-18,RETL,70.6
2024-01-19,RETL,71.6
2024-01-22,RETL,72.13
2024-01-23,RETL,71.38
2024-01-24,RETL,72.86
2024-01-25,RETL,71.89
2024-01-26,RETL,73.03
2024-01-29,RETL,72.09
2024-01-30,RETL,71.69
2024-01-31,RETL,71.49
2024-02-01,RETL,71.95
2024-02-02,RETL,68.8
2024-02-05,RETL,69.39
2024-02-06,RETL,69.27
2024-02-07,RETL,69.65
2024-02-08,RETL,70.3
2024-02-09,RETL,70.82
2024-02-12,RETL,68.25
2024-02-13,RETL,66.94
2024-02-14,RETL,67.36
2024-02-15,RETL,67.62
2024-02-16,RETL,66.67
2024-02-19,RETL,67.58
2024-02-20,RETL,67.28
2024-02-21,RETL,68.38
2024-02-22,RETL,69.9
2024-02-23,RETL,70.27
2024-02-26,RETL,71.0
2024-02-27,RETL,70.23
2024-02-28,RETL,71.39
2024-02-29,RETL,71.69
2024-03-01,RETL,71.32
2024-03-04,RETL,69.75
2024-03-05,RETL,69.15
2024-03-06,RETL,67.76
2024-03-07,RETL,68.72
2024-03-08,RETL,70.26
2024-03-11,RETL,71.45
2024-03-12,RETL,74.71
2024-03-13,RETL,74.1
2024-03-14,RETL,74.92
2024-03-15,RETL,73.32
2024-03-18,RETL,73.08
2024-03-19,RETL,71.12
2024-03-20,RETL,71.88
2024-03-21,RETL,71.43
2024-03-22,RETL,68.77
2024-03-25,RETL,67.92
2024-03-26,RETL,70.16
2024-03-27,RETL,70.7
2024-03-28,RETL,71.71
2024-03-29,RETL,71.89
2024-04-01,RETL,71.66
2024-04-02,RETL,71.7
2024-04-03,RETL,72.04
2024-04-04,RETL,70.61
2024-04-05,RETL,71.61
2024-04-08,RETL,73.09
2024-04-09,RETL,72.85
2024-04-10,RETL,72.17
2024-04-11,RETL,71.21
2024-04-12,RETL,73.51
2024-04-15,RETL,72.92
2024-04-16,RETL,73.8
2024-04-17,RETL,73.57
2024-04-18,RETL,73.25
2024-04-19,RETL,72.25
2024-04-22,RETL,70.99
2024-04-23,RETL,71.96
2024-04-24,RETL,70.67
2024-04-25,RETL,71.29
2024-04-26,RETL,71.42
2024-04-29,RETL,72.42
2024-04-30,RETL,71.63
2024-05-01,RETL,73.05
2024-05-02,RETL,72.88
2024-05-03,RETL,76.34
2024-05-06,RETL,74.11
2024-05-07,RETL,77.41
2024-05-08,RETL,77.25
2024-05-09,RETL,77.58
2024-05-10,RETL,76.74
2024-05-13,RETL,74.57
2024-05-14,RETL,73.86
2024-05-15,RETL,73.39
2024-05-16,RETL,73.65
2024-05-17,RETL,75.17
2024-05-20,RETL,75.45
2024-05-21,RETL,75.75
2024-05-22,RETL,76.3
2024-05-23,RETL,73.88
2024-05-24,RETL,71.65
2024-05-27,RETL,69.71
2024-05-28,RETL,69.26
2024-05-29,RETL,66.91
2024-05-30,RETL,66.08
2024-05-31,RETL,64.45
2024-06-03,RETL,65.03
2024-06-04,RETL,65.57
2024-06-05,RETL,65.22
2024-06-06,RETL,62.98
2024-06-07,RETL,62.72
2024-06-10,RETL,63.11
2024-06-11,RETL,64.06
2024-06-12,RETL,66.12
2024-06-13,RETL,67.48
2024-06-14,RETL,67.7
2024-06-17,RETL,67.36
2024-06-18,RETL,66.47
2024-06-19,RETL,68.12
2024-06-20,RETL,68.35
2024-06-21,RETL,69.15
2024-06-24,RETL,68.42
2024-06-25,RETL,66.89
2024-06-26,RETL,66.41
2024-06-27,RETL,66.06
2024-06-28,RETL,66.31
2024-07-01,RETL,65.43
2024-07-02,RETL,65.47
2024-07-03,RETL,66.89
2024-07-04,RETL,64.87
2024-07-05,RETL,62.38
2024-07-08,RETL,63.81
2024-07-09,RETL,62.12
2024-07-10,RETL,61.71
2024-07-11,RETL,62.4
2024-07-12,RETL,62.35
2024-07-15,RETL,62.28
2024-07-16,RETL,62.38
2024-07-17,RETL,65.26
2024-07-18,RETL,67.39
2024-07-19,RETL,66.55
2024-07-22,RETL,67.84
2024-07-23,RETL,68.48
2024-07-24,RETL,68.47
2024-07-25,RETL,67.35
2024-07-26,RETL,67.92
2024-07-29,RETL,67.56
2024-07-30,RETL,67.11
2024-07-31,RETL,66.18
2024-08-01,RETL,67.41
2024-08-02,RETL,66.48
2024-08-05,RETL,65.57
2024-08-06,RETL,66.51
2024-08-07,RETL,66.35
2024-08-08,RETL,66.23
2024-08-09,RETL,67.49
2024-08-12,RETL,69.12
2024-08-13,RETL,66.45
2024-08-14,RETL,66.31
2024-08-15,RETL,64.62
2024-08-16,RETL,64.18
2024-08-19,RETL,64.19
2024-08-20,RETL,63.79
2024-08-21,RETL,62.61
2024-08-22,RETL,61.39
2024-08-23,RETL,62.22
2024-08-26,RETL,63.98
2024-08-27,RETL,61.59
2024-08-28,RETL,61.24
2024-08-29,RETL,62.07
2024-08-30,RETL,62.04
2024-09-02,RETL,60.8
2024-09-03,RETL,60.28
2024-09-04,RETL,60.63
2024-09-05,RETL,60.3
2024-09-06,RETL,60.26
2024-09-09,RETL,60.25
2024-09-10,RETL,59.69
2024-09-11,RETL,60.59
2024-09-12,RETL,60.08
2024-09-13,RETL,58.99
2024-09-16,RETL,61.4
2024-09-17,RETL,61.33
2024-09-18,RETL,58.44
2024-09-19,RETL,59.79
2024-09-20,RETL,61.16
2024-09-23,RETL,61.69
2024-09-24,RETL,62.41
2024-09-25,RETL,64.88
2024-09-26,RETL,63.76
2024-09-27,RETL,63.93
2024-09-30,RETL,66.24
2024-10-01,RETL,68.89
2024-10-02,RETL,68.44
2024-10-03,RETL,70.97
2024-10-04,RETL,72.02
2024-10-07,RETL,74.0
2024-10-08,RETL,75.05
2024-10-09,RETL,75.49
2024-10-10,RETL,78.55
2024-10-11,RETL,77.81
2024-10-14,RETL,80.52
2024-10-15,RETL,83.57
2024-10-16,RETL,85.66
2024-10-17,RETL,85.57
2024-10-18,RETL,85.97
2024-10-21,RETL,83.99
2024-10-22,RETL,83.32
2024-10-23,RETL,84.28
2024-10-24,RETL,82.1
2024-10-25,RETL,81.68
2024-10-28,RETL,84.59
2024-10-29,RETL,84.37
2024-10-30,RETL,85.98
2024-10-31,RETL,86.89
2024-11-01,RETL,86.42
2024-11-04,RETL,86.19
2024-11-05,RETL,86.48
2024-11-06,RETL,83.26
2024-11-07,RETL,84.72
2024-11-08,RETL,84.55
2024-11-11,RETL,86.09
2024-11-12,RETL,86.71
2024-11-13,RETL,86.48
2024-11-14,RETL,86.81
2024-11-15,RETL,87.15
2024-11-18,RETL,89.51
2024-11-19,RETL,89.63
2024-11-20,RETL,90.12
2024-11-21,RETL,88.07
2024-11-22,RETL,88.01
2024-11-25,RETL,90.37
2024-11-26,RETL,91.09
2024-11-27,RETL,89.32
2024-11-28,RETL,87.75
2024-11-29,RETL,86.59
2024-12-02,RETL,88.18
2024-12-03,RETL,89.61
2024-12-04,RETL,83.99
2024-12-05,RETL,83.88
2024-12-06,RETL,84.13
2024-12-09,RETL,82.67
2024-12-10,RETL,82.1
2024-12-11,RETL,84.11
2024-12-12,RETL,84.76
2024-12-13,RETL,84.0
2024-12-16,RETL,83.74
2024-12-17,RETL,83.41
2024-12-18,RETL,83.86
2024-12-19,RETL,81.69
2024-12-20,RETL,80.71
2024-12-23,RETL,82.25
2024-12-24,RETL,82.16
2024-12-25,RETL,80.91
2024-12-26,RETL,79.73
2024-12-27,RETL,80.8
2024-12-30,RETL,80.05
2024-12-31,RETL,80.82
2025-01-01,RETL,79.91
2025-01-02,RETL,78.28
2025-01-03,RETL,78.65
2025-01-06,RETL,78.53
2025-01-07,RETL,79.52
2025-01-08,RETL,80.82
2025-01-09,RETL,80.31
2025-01-10,RETL,80.84
2025-01-13,RETL,80.29
2025-01-14,RETL,81.23
2025-01-15,RETL,81.6
2025-01-16,RETL,80.69
2025-01-17,RETL,79.66
2025-01-20,RETL,80.07
2025-01-21,RETL,81.79
2025-01-22,RETL,83.15
2025-01-23,RETL,81.74
2025-01-24,RETL,80.51
2025-01-27,RETL,79.51
2025-01-28,RETL,78.67
2025-01-29,RETL,76.08
2025-01-30,RETL,77.19
2025-01-31,RETL,76.57
2025-02-03,RETL,77.23
2025-02-04,RETL,76.8
2025-02-05,RETL,76.79
2025-02-06,RETL,75.84
2025-02-07,RETL,75.82
2025-02-10,RETL,74.64
2025-02-11,RETL,74.62
2025-02-12,RETL,76.62
2025-02-13,RETL,77.37
2025-02-14,RETL,77.79
2025-02-17,RETL,75.94
2025-02-18,RETL,76.74
2025-02-19,RETL,77.69
2025-02-20,RETL,78.09
2025-02-21,RETL,78.41
2025-02-24,RETL,78.23
2025-02-25,RETL,79.17
2025-02-26,RETL,81.2
2025-02-27,RETL,81.71
2025-02-28,RETL,80.28
2025-03-03,RETL,78.99
2025-03-04,RETL,80.05
2025-03-05,RETL,78.67
2025-03-06,RETL,78.97
2025-03-07,RETL,78.49
2025-03-10,RETL,76.97
2025-03-11,RETL,78.16
2025-03-12,RETL,79.18
2025-03-13,RETL,77.25
2025-03-14,RETL,77.94
2025-03-17,RETL,78.43
2025-03-18,RETL,79.65
2025-03-19,RETL,79.91
2025-03-20,RETL,82.01
2025-03-21,RETL,81.83
2025-03-24,RETL,81.45
2025-03-25,RETL,80.02
2025-03-26,RETL,78.67
2025-03-27,RETL,77.22
2025-03-28,RETL,77.55
2025-03-31,RETL,77.18
2025-04-01,RETL,77.67
2025-04-02,RETL,75.97
2025-04-03,RETL,74.8
2025-04-04,RETL,73.63
2025-04-07,RETL,76.56
2025-04-08,RETL,76.34
2025-04-09,RETL,76.27
2025-04-10,RETL,76.18
2025-04-11,RETL,78.35
2025-04-14,RETL,76.06
2025-04-15,RETL,76.0
2025-04-16,RETL,73.77
2025-04-17,RETL,70.58
2025-04-18,RETL,69.65
2025-04-21,RETL,70.19
2025-04-22,RETL,69.19
2025-04-23,RETL,69.7
2025-04-24,RETL,69.85
2025-04-25,RETL,69.69
2025-04-28,RETL,71.31
2025-04-29,RETL,70.56
2025-04-30,RETL,71.06
2025-05-01,RETL,68.74
2025-05-02,RETL,68.88
2025-05-05,RETL,68.57
2025-05-06,RETL,67.11
2025-05-07,RETL,67.61
2025-05-08,RETL,66.72
2025-05-09,RETL,68.84
2025-05-12,RETL,65.8
2025-05-13,RETL,66.11
2025-05-14,RETL,66.18
2025-05-15,RETL,65.85
2025-05-16,RETL,65.23
2025-05-19,RETL,65.33
2025-05-20,RETL,66.61
2025-05-21,RETL,64.59
2025-05-22,RETL,63.66
2025-05-23,RETL,62.45
2025-05-26,RETL,61.22
2025-05-27,RETL,61.62
2025-05-28,RETL,62.29
2025-05-29,RETL,63.51
2025-05-30,RETL,64.23
2025-06-02,RETL,65.05
2025-06-03,RETL,63.39
2025-06-04,RETL,65.12
2025-06-05,RETL,64.88
2025-06-06,RETL,66.12
2025-06-09,RETL,64.47
2025-06-10,RETL,64.2
2025-06-11,RETL,65.32
2025-06-12,RETL,65.37
2025-06-13,RETL,64.49
2025-06-16,RETL,66.04
2025-06-17,RETL,64.65
2025-06-18,RETL,64.64
2025-06-19,RETL,65.4
2025-06-20,RETL,67.92
2025-06-23,RETL,67.37
2025-06-24,RETL,67.04
2025-06-25,RETL,66.51
2025-06-26,RETL,66.82
2025-06-27,RETL,67.55
2025-06-30,RETL,68.91
2025-07-01,RETL,69.87
2025-07-02,RETL,69.26
2025-07-03,RETL,70.3
2025-07-04,RETL,70.43
2025-07-07,RETL,71.4
2025-07-08,RETL,72.47
2025-07-09,RETL,74.64
2025-07-10,RETL,74.17
2025-07-11,RETL,73.45
2025-07-14,RETL,74.06
2025-07-15,RETL,75.68
2025-07-16,RETL,75.77
2025-07-17,RETL,77.51
2025-07-18,RETL,78.51
2025-07-21,RETL,78.24
2025-07-22,RETL,79.06
2025-07-23,RETL,78.45
2025-07-24,RETL,78.81
2025-07-25,RETL,77.28
2025-07-28,RETL,77.2
2025-07-29,RETL,78.63
2025-07-30,RETL,79.75
2025-07-31,RETL,80.67
2025-08-01,RETL,81.11
2025-08-04,RETL,81.36
2025-08-05,RETL,79.5
2025-08-06,RETL,79.22
2025-08-07,RETL,79.5
2025-08-08,RETL,77.89
2025-08-11,RETL,75.42
2025-08-12,RETL,76.99
2025-08-13,RETL,77.08
2025-08-14,RETL,77.39
2025-08-15,RETL,78.19
2025-08-18,RETL,76.81
2025-08-19,RETL,76.26
2025-08-20,RETL,78.37
2025-08-21,RETL,77.69
2025-08-22,RETL,77.33
2025-08-25,RETL,76.4
2025-08-26,RETL,75.39
2025-08-27,RETL,76.92
2025-08-28,RETL,73.47
2025-08-29,RETL,72.87
2025-09-01,RETL,73.19
2025-09-02,RETL,75.47
2025-09-03,RETL,73.92
2025-09-04,RETL,72.18
2025-09-05,RETL,71.06
2025-09-08,RETL,71.99
2025-09-09,RETL,72.17
2025-09-10,RETL,70.29
2025-09-11,RETL,70.43
2025-09-12,RETL,72.44
2025-09-15,RETL,72.8
2025-09-16,RETL,73.04
2025-09-17,RETL,73.35
2025-09-18,RETL,73.92
2025-09-19,RETL,72.23
2025-09-22,RETL,71.94
2025-09-23,RETL,71.72
2025-09-24,RETL,71.11
2025-09-25,RETL,72.01
2025-09-26,RETL,71.2
2025-09-29,RETL,70.75
2025-09-30,RETL,69.14
2025-10-01,RETL,69.63
2025-10-02,RETL,70.84
2025-10-03,RETL,70.39
2025-10-06,RETL,71.44
2025-10-07,RETL,71.27
2025-10-08,RETL,68.0
2025-10-09,RETL,67.95
2025-10-10,RETL,67.75
2025-10-13,RETL,67.89
2025-10-14,RETL,68.22
2025-10-15,RETL,67.38
2025-10-16,RETL,69.21
2025-10-17,RETL,69.14
2025-10-20,RETL,68.9
2025-10-21,RETL,69.85
2025-10-22,RETL,69.89
2025-10-23,RETL,73.18
2025-10-24,RETL,72.91
2025-10-27,RETL,73.4
2025-10-28,RETL,72.41
2025-10-29,RETL,73.58
2025-10-30,RETL,74.01
2025-10-31,RETL,73.57
2025-11-03,RETL,72.41
2025-11-04,RETL,70.7
2025-11-05,RETL,71.25
2025-11-06,RETL,69.47
2025-11-07,RETL,71.14
2025-11-10,RETL,69.52
2025-11-11,RETL,69.31
2025-11-12,RETL,68.21
2025-11-13,RETL,68.27
2025-11-14,RETL,68.32
2025-11-17,RETL,68.88
2025-11-18,RETL,66.98
2025-11-19,RETL,66.07
2025-11-20,RETL,67.25
2025-11-21,RETL,68.07
2025-11-24,RETL,64.99
2025-11-25,RETL,65.45
2025-11-26,RETL,64.23
2025-11-27,RETL,63.55
2025-11-28,RETL,63.3
2025-12-01,RETL,65.11
2025-12-02,RETL,63.89
2025-12-03,RETL,62.27
2025-12-04,RETL,62.79
2025-12-05,RETL,62.78
2025-12-08,RETL,64.17
2025-12-09,RETL,63.77
2025-12-10,RETL,65.19
2025-12-11,RETL,65.23
2025-12-12,RETL,65.87
2025-12-15,RETL,67.84
2025-12-16,RETL,67.65
2025-12-17,RETL,68.95
2025-12-18,RETL,68.19
2025-12-19,RETL,68.49
2025-12-22,RETL,66.7
2025-12-23,RETL,66.1
2025-12-24,RETL,64.84
2025-12-25,RETL,66.3
2025-12-26,RETL,68.42
2025-12-29,RETL,67.99
2025-12-30,RETL,67.05
2025-12-31,RETL,65.46
2024-01-01,FOOD,412.04
2024-01-02,FOOD,411.31
2024-01-03,FOOD,404.34
2024-01-04,FOOD,400.11
2024-01-05,FOOD,405.53
2024-01-08,FOOD,406.02
2024-01-09,FOOD,404.28
2024-01-10,FOOD,403.98
2024-01-11,FOOD,406.91
2024-01-12,FOOD,409.59
2024-01-15,FOOD,409.51
2024-01-16,FOOD,415.74
2024-01-17,FOOD,421.4
2024-01-18,FOOD,424.03
2024-01-19,FOOD,424.67
2024-01-22,FOOD,428.69
2024-01-23,FOOD,430.81
2024-01-24,FOOD,437.19
2024-01-25,FOOD,442.73
2024-01-26,FOOD,437.11
2024-01-29,FOOD,431.18
2024-01-30,FOOD,427.52
2024-01-31,FOOD,433.37
2024-02-01,FOOD,424.68
2024-02-02,FOOD,427.22
2024-02-05,FOOD,429.6
2024-02-06,FOOD,436.54
2024-02-07,FOOD,437.93
2024-02-08,FOOD,430.49
2024-02-09,FOOD,425.37
2024-02-12,FOOD,419.05
2024-02-13,FOOD,416.4
2024-02-14,FOOD,415.72
2024-02-15,FOOD,409.63
2024-02-16,FOOD,417.92
2024-02-19,FOOD,410.92
2024-02-20,FOOD,418.56
2024-02-21,FOOD,425.44
2024-02-22,FOOD,430.83
2024-02-23,FOOD,427.21
2024-02-26,FOOD,429.48
2024-02-27,FOOD,422.56
2024-02-28,FOOD,427.98
2024-02-29,FOOD,427.89
2024-03-01,FOOD,425.91
2024-03-04,FOOD,419.35
2024-03-05,FOOD,405.95
2024-03-06,FOOD,400.69
2024-03-07,FOOD,406.9
2024-03-08,FOOD,405.05
2024-03-11,FOOD,404.46
2024-03-12,FOOD,408.28
2024-03-13,FOOD,418.34
2024-03-14,FOOD,426.0
2024-03-15,FOOD,420.85
2024-03-18,FOOD,410.37
2024-03-19,FOOD,423.5
2024-03-20,FOOD,436.53
2024-03-21,FOOD,437.96
2024-03-22,FOOD,430.95
2024-03-25,FOOD,436.77
2024-03-26,FOOD,436.49
2024-03-27,FOOD,436.18
2024-03-28,FOOD,441.67
2024-03-29,FOOD,443.97
2024-04-01,FOOD,437.36
2024-04-02,FOOD,435.82
2024-04-03,FOOD,439.97
2024-04-04,FOOD,443.28
2024-04-05,FOOD,445.16
2024-04-08,FOOD,451.01
2024-04-09,FOOD,449.2
2024-04-10,FOOD,450.61
2024-04-11,FOOD,430.85
2024-04-12,FOOD,428.63
2024-04-15,FOOD,433.29
2024-04-16,FOOD,431.39
2024-04-17,FOOD,429.07
2024-04-18,FOOD,423.5
2024-04-19,FOOD,429.45
2024-04-22,FOOD,432.9
2024-04-23,FOOD,437.96
2024-04-24,FOOD,428.3
2024-04-25,FOOD,427.73
2024-04-26,FOOD,426.48
2024-04-29,FOOD,425.23
2024-04-30,FOOD,422.1
2024-05-01,FOOD,420.5
2024-05-02,FOOD,425.55
2024-05-03,FOOD,415.12
2024-05-06,FOOD,425.2
2024-05-07,FOOD,428.25
2024-05-08,FOOD,428.34
2024-05-09,FOOD,433.81
2024-05-10,FOOD,425.82
2024-05-13,FOOD,422.41
2024-05-14,FOOD,422.07
2024-05-15,FOOD,430.02
2024-05-16,FOOD,430.09
2024-05-17,FOOD,432.98
2024-05-20,FOOD,429.95
2024-05-21,FOOD,433.05
2024-05-22,FOOD,442.99
2024-05-23,FOOD,449.17
2024-05-24,FOOD,449.03
2024-05-27,FOOD,453.4
2024-05-28,FOOD,457.21
2024-05-29,FOOD,460.63
2024-05-30,FOOD,467.76
2024-05-31,FOOD,474.96
2024-06-03,FOOD,474.53
2024-06-04,FOOD,478.93
2024-06-05,FOOD,476.88
2024-06-06,FOOD,471.43
2024-06-07,FOOD,470.12
2024-06-10,FOOD,470.01
2024-06-11,FOOD,460.05
2024-06-12,FOOD,465.64
2024-06-13,FOOD,448.97
2024-06-14,FOOD,465.43
2024-06-17,FOOD,475.04
2024-06-18,FOOD,473.77
2024-06-19,FOOD,474.2
2024-06-20,FOOD,476.47
2024-06-21,FOOD,473.13
2024-06-24,FOOD,474.7
2024-06-25,FOOD,474.17
2024-06-26,FOOD,473.95
2024-06-27,FOOD,475.46
2024-06-28,FOOD,467.57
2024-07-01,FOOD,468.18
2024-07-02,FOOD,469.56
2024-07-03,FOOD,470.72
2024-07-04,FOOD,469.75
2024-07-05,FOOD,477.18
2024-07-08,FOOD,475.32
2024-07-09,FOOD,477.12
2024-07-10,FOOD,485.68
2024-07-11,FOOD,485.55
2024-07-12,FOOD,487.3
2024-07-15,FOOD,487.06
2024-07-16,FOOD,495.41
2024-07-17,FOOD,494.11
2024-07-18,FOOD,502.88
2024-07-19,FOOD,502.58
2024-07-22,FOOD,497.26
2024-07-23,FOOD,502.12
2024-07-24,FOOD,500.49
2024-07-25,FOOD,504.99
2024-07-26,FOOD,487.16
2024-07-29,FOOD,487.57
2024-07-30,FOOD,484.99
2024-07-31,FOOD,478.55
2024-08-01,FOOD,475.42
2024-08-02,FOOD,472.19
2024-08-05,FOOD,472.26
2024-08-06,FOOD,464.09
2024-08-07,FOOD,466.39
2024-08-08,FOOD,475.18
2024-08-09,FOOD,477.31
2024-08-12,FOOD,482.79
2024-08-13,FOOD,490.16
2024-08-14,FOOD,498.55
2024-08-15,FOOD,511.27
2024-08-16,FOOD,508.29
2024-08-19,FOOD,503.86
2024-08-20,FOOD,509.47
2024-08-21,FOOD,514.64
2024-08-22,FOOD,520.32
2024-08-23,FOOD,533.72
2024-08-26,FOOD,534.22
2024-08-27,FOOD,537.65
2024-08-28,FOOD,531.1
2024-08-29,FOOD,546.51
2024-08-30,FOOD,544.5
2024-09-02,FOOD,542.71
2024-09-03,FOOD,540.64
2024-09-04,FOOD,536.46
2024-09-05,FOOD,531.7
2024-09-06,FOOD,528.43
2024-09-09,FOOD,519.3
2024-09-10,FOOD,514.32
2024-09-11,FOOD,527.97
2024-09-12,FOOD,533.52
2024-09-13,FOOD,540.47
2024-09-16,FOOD,549.3
2024-09-17,FOOD,563.05
2024-09-18,FOOD,550.3
2024-09-19,FOOD,541.78
2024-09-20,FOOD,536.45
2024-09-23,FOOD,533.54
2024-09-24,FOOD,531.83
2024-09-25,FOOD,529.1
2024-09-26,FOOD,531.05
2024-09-27,FOOD,531.71
2024-09-30,FOOD,527.05
2024-10-01,FOOD,512.3
2024-10-02,FOOD,505.97
2024-10-03,FOOD,502.69
2024-10-04,FOOD,501.44
2024-10-07,FOOD,494.35
2024-10-08,FOOD,491.52
2024-10-09,FOOD,484.56
2024-10-10,FOOD,484.13
2024-10-11,FOOD,477.64
2024-10-14,FOOD,472.65
2024-10-15,FOOD,464.84
2024-10-16,FOOD,464.26
2024-10-17,FOOD,459.31
2024-10-18,FOOD,465.17
2024-10-21,FOOD,468.03
2024-10-22,FOOD,467.96
2024-10-23,FOOD,463.39
2024-10-24,FOOD,466.09
2024-10-25,FOOD,470.71
2024-10-28,FOOD,471.96
2024-10-29,FOOD,482.34
2024-10-30,FOOD,485.65
2024-10-31,FOOD,491.89
2024-11-01,FOOD,493.14
2024-11-04,FOOD,497.93
2024-11-05,FOOD,493.08
2024-11-06,FOOD,490.47
2024-11-07,FOOD,493.12
2024-11-08,FOOD,495.74
2024-11-11,FOOD,499.45
2024-11-12,FOOD,507.11
2024-11-13,FOOD,497.95
2024-11-14,FOOD,491.92
2024-11-15,FOOD,493.8
2024-11-18,FOOD,489.46
2024-11-19,FOOD,511.7
2024-11-20,FOOD,515.58
2024-11-21,FOOD,515.45
2024-11-22,FOOD,512.34
2024-11-25,FOOD,509.49
2024-11-26,FOOD,510.09
2024-11-27,FOOD,511.24
2024-11-28,FOOD,508.56
2024-11-29,FOOD,507.12
2024-12-02,FOOD,516.53
2024-12-03,FOOD,526.38
2024-12-04,FOOD,528.55
2024-12-05,FOOD,519.59
2024-12-06,FOOD,523.69
2024-12-09,FOOD,534.86
2024-12-10,FOOD,544.97
2024-12-11,FOOD,550.68
2024-12-12,FOOD,561.47
2024-12-13,FOOD,562.31
2024-12-16,FOOD,567.41
2024-12-17,FOOD,562.75
2024-12-18,FOOD,565.36
2024-12-19,FOOD,575.74
2024-12-20,FOOD,571.71
2024-12-23,FOOD,565.64
2024-12-24,FOOD,566.81
2024-12-25,FOOD,565.55
2024-12-26,FOOD,570.85
2024-12-27,FOOD,567.87
2024-12-30,FOOD,581.22
2024-12-31,FOOD,571.76
2025-01-01,FOOD,581.69
2025-01-02,FOOD,576.26
2025-01-03,FOOD,563.02
2025-01-06,FOOD,565.24
2025-01-07,FOOD,563.77
2025-01-08,FOOD,555.94
2025-01-09,FOOD,544.02
2025-01-10,FOOD,544.38
2025-01-13,FOOD,551.83
2025-01-14,FOOD,556.53
2025-01-15,FOOD,557.38
2025-01-16,FOOD,561.34
2025-01-17,FOOD,561.58
2025-01-20,FOOD,551.4
2025-01-21,FOOD,541.48
2025-01-22,FOOD,540.44
2025-01-23,FOOD,539.72
2025-01-24,FOOD,546.21
2025-01-27,FOOD,552.11
2025-01-28,FOOD,556.95
2025-01-29,FOOD,555.33
2025-01-30,FOOD,545.62
2025-01-31,FOOD,549.02
2025-02-03,FOOD,553.26
2025-02-04,FOOD,536.22
2025-02-05,FOOD,530.72
2025-02-06,FOOD,526.29
2025-02-07,FOOD,527.52
2025-02-10,FOOD,522.33
2025-02-11,FOOD,522.48
2025-02-12,FOOD,521.43
2025-02-13,FOOD,520.74
2025-02-14,FOOD,516.21
2025-02-17,FOOD,512.26
2025-02-18,FOOD,505.34
2025-02-19,FOOD,508.27
2025-02-20,FOOD,512.51
2025-02-21,FOOD,507.69
2025-02-24,FOOD,518.29
2025-02-25,FOOD,516.54
2025-02-26,FOOD,527.39
2025-02-27,FOOD,523.33
2025-02-28,FOOD,509.71
2025-03-03,FOOD,512.82
2025-03-04,FOOD,514.91
2025-03-05,FOOD,515.54
2025-03-06,FOOD,511.57
2025-03-07,FOOD,511.73
2025-03-10,FOOD,508.67
2025-03-11,FOOD,507.04
2025-03-12,FOOD,513.07
2025-03-13,FOOD,514.72
2025-03-14,FOOD,519.28
2025-03-17,FOOD,518.09
2025-03-18,FOOD,516.15
2025-03-19,FOOD,508.68
2025-03-20,FOOD,506.59
2025-03-21,FOOD,484.74
2025-03-24,FOOD,481.34
2025-03-25,FOOD,481.19
2025-03-26,FOOD,485.15
2025-03-27,FOOD,483.81
2025-03-28,FOOD,486.41
2025-03-31,FOOD,472.77
2025-04-01,FOOD,472.79
2025-04-02,FOOD,462.66
2025-04-03,FOOD,455.63
2025-04-04,FOOD,454.85
2025-04-07,FOOD,462.88
2025-04-08,FOOD,465.52
2025-04-09,FOOD,465.99
2025-04-10,FOOD,466.24
2025-04-11,FOOD,462.2
2025-04-14,FOOD,459.24
2025-04-15,FOOD,462.19
2025-04-16,FOOD,454.09
2025-04-17,FOOD,458.0
2025-04-18,FOOD,456.01
2025-04-21,FOOD,461.34
2025-04-22,FOOD,467.56
2025-04-23,FOOD,457.58
2025-04-24,FOOD,454.42
2025-04-25,FOOD,449.64
2025-04-28,FOOD,439.21
2025-04-29,FOOD,433.56
2025-04-30,FOOD,447.89
2025-05-01,FOOD,451.85
2025-05-02,FOOD,463.66
2025-05-05,FOOD,469.1
2025-05-06,FOOD,464.87
2025-05-07,FOOD,462.88
2025-05-08,FOOD,466.85
2025-05-09,FOOD,469.91
2025-05-12,FOOD,466.69
2025-05-13,FOOD,457.74
2025-05-14,FOOD,477.99
2025-05-15,FOOD,477.47
2025-05-16,FOOD,475.79
2025-05-19,FOOD,476.87
2025-05-20,FOOD,475.72
2025-05-21,FOOD,476.86
2025-05-22,FOOD,485.34
2025-05-23,FOOD,484.92
2025-05-26,FOOD,477.85
2025-05-27,FOOD,477.2
2025-05-28,FOOD,474.64
2025-05-29,FOOD,483.95
2025-05-30,FOOD,491.82
2025-06-02,FOOD,492.9
2025-06-03,FOOD,484.95
2025-06-04,FOOD,477.47
2025-06-05,FOOD,477.94
2025-06-06,FOOD,480.44
2025-06-09,FOOD,478.43
2025-06-10,FOOD,475.77
2025-06-11,FOOD,472.41
2025-06-12,FOOD,472.63
2025-06-13,FOOD,458.11
2025-06-16,FOOD,451.8
2025-06-17,FOOD,448.41
2025-06-18,FOOD,455.92
2025-06-19,FOOD,451.37
2025-06-20,FOOD,452.8
2025-06-23,FOOD,454.51
2025-06-24,FOOD,462.66
2025-06-25,FOOD,470.74
2025-06-26,FOOD,470.75
2025-06-27,FOOD,468.16
2025-06-30,FOOD,464.42
2025-07-01,FOOD,463.3
2025-07-02,FOOD,461.0
2025-07-03,FOOD,464.74
2025-07-04,FOOD,467.68
2025-07-07,FOOD,471.71
2025-07-08,FOOD,479.93
2025-07-09,FOOD,492.12
2025-07-10,FOOD,493.32
2025-07-11,FOOD,500.88
2025-07-14,FOOD,498.94
2025-07-15,FOOD,507.14
2025-07-16,FOOD,514.66
2025-07-17,FOOD,521.92
2025-07-18,FOOD,522.98
2025-07-21,FOOD,518.77
2025-07-22,FOOD,509.61
2025-07-23,FOOD,509.73
2025-07-24,FOOD,520.46
2025-07-25,FOOD,518.74
2025-07-28,FOOD,524.53
2025-07-29,FOOD,530.79
2025-07-30,FOOD,529.21
2025-07-31,FOOD,538.84
2025-08-01,FOOD,518.53
2025-08-04,FOOD,510.56
2025-08-05,FOOD,504.77
2025-08-06,FOOD,499.7
2025-08-07,FOOD,502.31
2025-08-08,FOOD,504.63
2025-08-11,FOOD,507.65
2025-08-12,FOOD,512.05
2025-08-13,FOOD,506.01
2025-08-14,FOOD,498.26
2025-08-15,FOOD,501.26
2025-08-18,FOOD,497.47
2025-08-19,FOOD,487.53
2025-08-20,FOOD,494.17
2025-08-21,FOOD,503.67
2025-08-22,FOOD,514.44
2025-08-25,FOOD,516.11
2025-08-26,FOOD,520.78
2025-08-27,FOOD,530.62
2025-08-28,FOOD,526.54
2025-08-29,FOOD,534.68
2025-09-01,FOOD,537.04
2025-09-02,FOOD,543.95
2025-09-03,FOOD,545.71
2025-09-04,FOOD,555.49
2025-09-05,FOOD,557.57
2025-09-08,FOOD,547.06
2025-09-09,FOOD,557.99
2025-09-10,FOOD,551.44
2025-09-11,FOOD,561.0
2025-09-12,FOOD,560.77
2025-09-15,FOOD,569.93
2025-09-16,FOOD,578.93
2025-09-17,FOOD,582.67
2025-09-18,FOOD,587.04
2025-09-19,FOOD,590.78
2025-09-22,FOOD,575.51
2025-09-23,FOOD,576.86
2025-09-24,FOOD,568.8
2025-09-25,FOOD,570.53
2025-09-26,FOOD,562.35
2025-09-29,FOOD,553.98
2025-09-30,FOOD,566.17
2025-10-01,FOOD,574.62
2025-10-02,FOOD,575.03
2025-10-03,FOOD,576.89
2025-10-06,FOOD,575.45
2025-10-07,FOOD,580.23
2025-10-08,FOOD,575.5
2025-10-09,FOOD,583.51
2025-10-10,FOOD,582.01
2025-10-13,FOOD,579.24
2025-10-14,FOOD,579.85
2025-10-15,FOOD,575.78
2025-10-16,FOOD,578.73
2025-10-17,FOOD,575.07
2025-10-20,FOOD,579.08
2025-10-21,FOOD,588.84
2025-10-22,FOOD,583.7
2025-10-23,FOOD,583.15
2025-10-24,FOOD,587.16
2025-10-27,FOOD,584.23
2025-10-28,FOOD,588.28
2025-10-29,FOOD,593.06
2025-10-30,FOOD,602.01
2025-10-31,FOOD,597.66
2025-11-03,FOOD,590.68
2025-11-04,FOOD,588.73
2025-11-05,FOOD,581.66
2025-11-06,FOOD,586.46
2025-11-07,FOOD,577.91
2025-11-10,FOOD,596.18
2025-11-11,FOOD,606.86
2025-11-12,FOOD,607.44
2025-11-13,FOOD,614.88
2025-11-14,FOOD,602.05
2025-11-17,FOOD,622.61
2025-11-18,FOOD,618.24
2025-11-19,FOOD,617.73
2025-11-20,FOOD,603.06
2025-11-21,FOOD,607.4
2025-11-24,FOOD,598.99
2025-11-25,FOOD,600.27
2025-11-26,FOOD,596.42
2025-11-27,FOOD,588.38
2025-11-28,FOOD,582.58
2025-12-01,FOOD,584.78
2025-12-02,FOOD,575.33
2025-12-03,FOOD,570.08
2025-12-04,FOOD,575.52
2025-12-05,FOOD,595.78
2025-12-08,FOOD,600.0
2025-12-09,FOOD,593.2
2025-12-10,FOOD,590.78
2025-12-11,FOOD,591.49
2025-12-12,FOOD,589.22
2025-12-15,FOOD,596.71
2025-12-16,FOOD,598.89
2025-12-17,FOOD,606.55
2025-12-18,FOOD,604.5
2025-12-19,FOOD,615.57
2025-12-22,FOOD,614.69
2025-12-23,FOOD,607.28
2025-12-24,FOOD,625.23
2025-12-25,FOOD,610.64
2025-12-26,FOOD,605.15
2025-12-29,FOOD,600.6
2025-12-30,FOOD,620.99
2025-12-31,FOOD,636.31
2024-01-01,LUXE,254.67
2024-01-02,LUXE,258.16
2024-01-03,LUXE,258.59
2024-01-04,LUXE,256.93
2024-01-05,LUXE,260.38
2024-01-08,LUXE,259.8
2024-01-09,LUXE,257.25
2024-01-10,LUXE,247.84
2024-01-11,LUXE,247.63
2024-01-12,LUXE,252.61
2024-01-15,LUXE,258.42
2024-01-16,LUXE,258.83
2024-01-17,LUXE,254.91
2024-01-18,LUXE,259.16
2024-01-19,LUXE,259.25
2024-01-22,LUXE,257.74
2024-01-23,LUXE,251.24
2024-01-24,LUXE,260.78
2024-01-25,LUXE,264.37
2024-01-26,LUXE,268.51
2024-01-29,LUXE,264.57
2024-01-30,LUXE,265.11
2024-01-31,LUXE,264.9
2024-02-01,LUXE,268.74
2024-02-02,LUXE,275.4
2024-02-05,LUXE,268.57
2024-02-06,LUXE,263.62
2024-02-07,LUXE,266.81
2024-02-08,LUXE,264.57
2024-02-09,LUXE,268.57
2024-02-12,LUXE,266.96
2024-02-13,LUXE,261.22
2024-02-14,LUXE,253.23
2024-02-15,LUXE,255.56
2024-02-16,LUXE,258.03
2024-02-19,LUXE,262.64
2024-02-20,LUXE,264.34
2024-02-21,LUXE,246.88
2024-02-22,LUXE,249.24
2024-02-23,LUXE,242.96
2024-02-26,LUXE,235.06
2024-02-27,LUXE,226.91
2024-02-28,LUXE,218.68
2024-02-29,LUXE,219.9
2024-03-01,LUXE,217.19
2024-03-04,LUXE,211.47
2024-03-05,LUXE,211.69
2024-03-06,LUXE,207.67
2024-03-07,LUXE,211.42
2024-03-08,LUXE,217.0
2024-03-11,LUXE,216.3
2024-03-12,LUXE,221.73
2024-03-13,LUXE,227.28
2024-03-14,LUXE,227.77
2024-03-15,LUXE,234.92
2024-03-18,LUXE,232.48
2024-03-19,LUXE,224.56
2024-03-20,LUXE,218.51
2024-03-21,LUXE,216.06
2024-03-22,LUXE,218.25
2024-03-25,LUXE,213.92
2024-03-26,LUXE,211.49
2024-03-27,LUXE,206.93
2024-03-28,LUXE,204.67
2024-03-29,LUXE,209.67
2024-04-01,LUXE,211.14
2024-04-02,LUXE,209.11
2024-04-03,LUXE,213.78
2024-04-04,LUXE,214.01
2024-04-05,LUXE,214.66
2024-04-08,LUXE,219.15
2024-04-09,LUXE,217.95
2024-04-10,LUXE,221.64
2024-04-11,LUXE,225.1
2024-04-12,LUXE,224.67
2024-04-15,LUXE,219.24
2024-04-16,LUXE,219.43
2024-04-17,LUXE,224.0
2024-04-18,LUXE,227.41
2024-04-19,LUXE,234.45
2024-04-22,LUXE,232.56
2024-04-23,LUXE,235.93
2024-04-24,LUXE,231.87
2024-04-25,LUXE,232.84
2024-04-26,LUXE,237.56
2024-04-29,LUXE,241.54
2024-04-30,LUXE,242.13
2024-05-01,LUXE,241.14
2024-05-02,LUXE,237.03
2024-05-03,LUXE,236.23
2024-05-06,LUXE,230.89
2024-05-07,LUXE,229.63
2024-05-08,LUXE,222.42
2024-05-09,LUXE,217.35
2024-05-10,LUXE,220.78
2024-05-13,LUXE,223.83
2024-05-14,LUXE,222.83
2024-05-15,LUXE,223.23
2024-05-16,LUXE,224.16
2024-05-17,LUXE,226.13
2024-05-20,LUXE,227.69
2024-05-21,LUXE,222.44
2024-05-22,LUXE,212.93
2024-05-23,LUXE,209.23
2024-05-24,LUXE,208.79
2024-05-27,LUXE,212.48
2024-05-28,LUXE,213.5
2024-05-29,LUXE,215.66
2024-05-30,LUXE,212.37
2024-05-31,LUXE,212.24
2024-06-03,LUXE,212.62
2024-06-04,LUXE,209.9
2024-06-05,LUXE,206.05
2024-06-06,LUXE,205.36
2024-06-07,LUXE,207.9
2024-06-10,LUXE,204.69
2024-06-11,LUXE,204.07
2024-06-12,LUXE,209.1
2024-06-13,LUXE,207.31
2024-06-14,LUXE,207.47
2024-06-17,LUXE,207.21
2024-06-18,LUXE,206.66
2024-06-19,LUXE,212.91
2024-06-20,LUXE,214.2
2024-06-21,LUXE,208.37
2024-06-24,LUXE,214.15
2024-06-25,LUXE,215.34
2024-06-26,LUXE,214.05
2024-06-27,LUXE,219.31
2024-06-28,LUXE,216.42
2024-07-01,LUXE,223.15
2024-07-02,LUXE,223.66
2024-07-03,LUXE,227.8
2024-07-04,LUXE,240.34
2024-07-05,LUXE,241.27
2024-07-08,LUXE,241.01
2024-07-09,LUXE,236.6
2024-07-10,LUXE,236.24
2024-07-11,LUXE,232.05
2024-07-12,LUXE,231.43
2024-07-15,LUXE,243.46
2024-07-16,LUXE,244.14
2024-07-17,LUXE,241.89
2024-07-18,LUXE,241.15
2024-07-19,LUXE,239.54
2024-07-22,LUXE,244.15
2024-07-23,LUXE,243.92
2024-07-24,LUXE,251.04
2024-07-25,LUXE,249.79
2024-07-26,LUXE,248.84
2024-07-29,LUXE,245.03
2024-07-30,LUXE,243.52
2024-07-31,LUXE,236.19
2024-08-01,LUXE,227.41
2024-08-02,LUXE,230.08
2024-08-05,LUXE,223.09
2024-08-06,LUXE,224.85
2024-08-07,LUXE,222.99
2024-08-08,LUXE,226.85
2024-08-09,LUXE,220.06
2024-08-12,LUXE,222.54
2024-08-13,LUXE,223.99
2024-08-14,LUXE,225.57
2024-08-15,LUXE,230.22
2024-08-16,LUXE,230.65
2024-08-19,LUXE,220.78
2024-08-20,LUXE,222.68
2024-08-21,LUXE,224.09
2024-08-22,LUXE,223.26
2024-08-23,LUXE,220.06
2024-08-26,LUXE,218.8
2024-08-27,LUXE,224.6
2024-08-28,LUXE,221.07
2024-08-29,LUXE,214.39
2024-08-30,LUXE,208.94
2024-09-02,LUXE,208.94
2024-09-03,LUXE,215.27
2024-09-04,LUXE,223.83
2024-09-05,LUXE,226.56
2024-09-06,LUXE,222.76
2024-09-09,LUXE,219.44
2024-09-10,LUXE,222.99
2024-09-11,LUXE,228.41
2024-09-12,LUXE,225.95
2024-09-13,LUXE,231.81
2024-09-16,LUXE,231.01
2024-09-17,LUXE,234.09
2024-09-18,LUXE,239.0
2024-09-19,LUXE,232.86
2024-09-20,LUXE,234.88
2024-09-23,LUXE,240.99
2024-09-24,LUXE,238.74
2024-09-25,LUXE,234.42
2024-09-26,LUXE,236.63
2024-09-27,LUXE,237.34
2024-09-30,LUXE,236.11
2024-10-01,LUXE,236.25
2024-10-02,LUXE,229.4
2024-10-03,LUXE,231.19
2024-10-04,LUXE,237.88
2024-10-07,LUXE,235.01
2024-10-08,LUXE,231.71
2024-10-09,LUXE,232.57
2024-10-10,LUXE,244.46
2024-10-11,LUXE,249.39
2024-10-14,LUXE,249.13
2024-10-15,LUXE,249.47
2024-10-16,LUXE,254.94
2024-10-17,LUXE,250.98
2024-10-18,LUXE,253.87
2024-10-21,LUXE,249.0
2024-10-22,LUXE,253.25
2024-10-23,LUXE,252.09
2024-10-24,LUXE,253.15
2024-10-25,LUXE,251.69
2024-10-28,LUXE,254.98
2024-10-29,LUXE,254.35
2024-10-30,LUXE,264.26
2024-10-31,LUXE,271.08
2024-11-01,LUXE,264.98
2024-11-04,LUXE,266.05
2024-11-05,LUXE,269.69
2024-11-06,LUXE,267.67
2024-11-07,LUXE,273.6
2024-11-08,LUXE,279.09
2024-11-11,LUXE,278.86
2024-11-12,LUXE,283.89
2024-11-13,LUXE,271.93
2024-11-14,LUXE,278.65
2024-11-15,LUXE,283.22
2024-11-18,LUXE,277.93
2024-11-19,LUXE,279.35
2024-11-20,LUXE,269.48
2024-11-21,LUXE,266.0
2024-11-22,LUXE,271.35
2024-11-25,LUXE,271.46
2024-11-26,LUXE,271.3
2024-11-27,LUXE,271.7
2024-11-28,LUXE,271.53
2024-11-29,LUXE,276.46
2024-12-02,LUXE,273.6
2024-12-03,LUXE,275.81
2024-12-04,LUXE,270.38
2024-12-05,LUXE,274.11
2024-12-06,LUXE,272.72
2024-12-09,LUXE,272.7
2024-12-10,LUXE,271.12
2024-12-11,LUXE,270.16
2024-12-12,LUXE,265.52
2024-12-13,LUXE,267.24
2024-12-16,LUXE,270.04
2024-12-17,LUXE,263.84
2024-12-18,LUXE,261.21
2024-12-19,LUXE,261.52
2024-12-20,LUXE,258.91
2024-12-23,LUXE,258.05
2024-12-24,LUXE,265.62
2024-12-25,LUXE,260.99
2024-12-26,LUXE,250.44
2024-12-27,LUXE,247.94
2024-12-30,LUXE,246.65
2024-12-31,LUXE,244.67
2025-01-01,LUXE,245.99
2025-01-02,LUXE,241.66
2025-01-03,LUXE,236.77
2025-01-06,LUXE,234.09
2025-01-07,LUXE,231.52
2025-01-08,LUXE,240.39
2025-01-09,LUXE,247.17
2025-01-10,LUXE,240.0
2025-01-13,LUXE,231.93
2025-01-14,LUXE,231.73
2025-01-15,LUXE,239.74
2025-01-16,LUXE,242.73
2025-01-17,LUXE,242.74
2025-01-20,LUXE,240.93
2025-01-21,LUXE,245.69
2025-01-22,LUXE,246.63
2025-01-23,LUXE,254.36
2025-01-24,LUXE,246.91
2025-01-27,LUXE,248.92
2025-01-28,LUXE,246.59
2025-01-29,LUXE,248.56
2025-01-30,LUXE,249.83
2025-01-31,LUXE,252.25
2025-02-03,LUXE,256.79
2025-02-04,LUXE,263.29
2025-02-05,LUXE,272.58
2025-02-06,LUXE,272.83
2025-02-07,LUXE,270.38
2025-02-10,LUXE,264.67
2025-02-11,LUXE,266.88
2025-02-12,LUXE,271.0
2025-02-13,LUXE,264.69
2025-02-14,LUXE,270.24
2025-02-17,LUXE,269.93
2025-02-18,LUXE,264.08
2025-02-19,LUXE,260.27
2025-02-20,LUXE,256.08
2025-02-21,LUXE,252.04
2025-02-24,LUXE,254.75
2025-02-25,LUXE,258.82
2025-02-26,LUXE,266.79
2025-02-27,LUXE,263.66
2025-02-28,LUXE,265.43
2025-03-03,LUXE,262.55
2025-03-04,LUXE,262.81
2025-03-05,LUXE,256.08
2025-03-06,LUXE,251.14
2025-03-07,LUXE,254.88
2025-03-10,LUXE,248.33
2025-03-11,LUXE,251.2
2025-03-12,LUXE,248.34
2025-03-13,LUXE,240.01
2025-03-14,LUXE,229.35
2025-03-17,LUXE,235.46
2025-03-18,LUXE,227.65
2025-03-19,LUXE,227.53
2025-03-20,LUXE,229.11
2025-03-21,LUXE,223.91
2025-03-24,LUXE,221.86
2025-03-25,LUXE,223.88
2025-03-26,LUXE,225.19
2025-03-27,LUXE,223.5
2025-03-28,LUXE,224.58
2025-03-31,LUXE,224.32
2025-04-01,LUXE,220.59
2025-04-02,LUXE,225.44
2025-04-03,LUXE,226.41
2025-04-04,LUXE,219.15
2025-04-07,LUXE,221.32
2025-04-08,LUXE,219.05
2025-04-09,LUXE,218.06
2025-04-10,LUXE,218.23
2025-04-11,LUXE,215.3
2025-04-14,LUXE,222.33
2025-04-15,LUXE,216.58
2025-04-16,LUXE,216.94
2025-04-17,LUXE,218.54
2025-04-18,LUXE,218.84
2025-04-21,LUXE,218.24
2025-04-22,LUXE,216.92
2025-04-23,LUXE,213.97
2025-04-24,LUXE,210.99
2025-04-25,LUXE,215.46
2025-04-28,LUXE,213.91
2025-04-29,LUXE,222.14
2025-04-30,LUXE,224.92
2025-05-01,LUXE,214.41
2025-05-02,LUXE,217.91
2025-05-05,LUXE,217.85
2025-05-06,LUXE,212.61
2025-05-07,LUXE,217.67
2025-05-08,LUXE,216.13
2025-05-09,LUXE,214.27
2025-05-12,LUXE,215.83
2025-05-13,LUXE,220.35
2025-05-14,LUXE,220.93
2025-05-15,LUXE,221.24
2025-05-16,LUXE,218.64
2025-05-19,LUXE,223.15
2025-05-20,LUXE,223.78
2025-05-21,LUXE,223.03
2025-05-22,LUXE,221.79
2025-05-23,LUXE,225.97
2025-05-26,LUXE,225.06
2025-05-27,LUXE,229.32
2025-05-28,LUXE,227.55
2025-05-29,LUXE,230.61
2025-05-30,LUXE,231.61
2025-06-02,LUXE,227.85
2025-06-03,LUXE,227.64
2025-06-04,LUXE,218.93
2025-06-05,LUXE,216.18
2025-06-06,LUXE,210.27
2025-06-09,LUXE,217.86
2025-06-10,LUXE,211.94
2025-06-11,LUXE,221.8
2025-06-12,LUXE,223.97
2025-06-13,LUXE,222.05
2025-06-16,LUXE,225.37
2025-06-17,LUXE,222.94
2025-06-18,LUXE,217.5
2025-06-19,LUXE,217.95
2025-06-20,LUXE,220.8
2025-06-23,LUXE,225.95
2025-06-24,LUXE,228.09
2025-06-25,LUXE,226.09
2025-06-26,LUXE,231.8
2025-06-27,LUXE,236.73
2025-06-30,LUXE,238.01
2025-07-01,LUXE,243.28
2025-07-02,LUXE,252.87
2025-07-03,LUXE,250.59
2025-07-04,LUXE,246.75
2025-07-07,LUXE,244.4
2025-07-08,LUXE,238.7
2025-07-09,LUXE,241.36
2025-07-10,LUXE,234.62
2025-07-11,LUXE,240.04
2025-07-14,LUXE,237.33
2025-07-15,LUXE,243.2
2025-07-16,LUXE,232.32
2025-07-17,LUXE,230.88
2025-07-18,LUXE,225.73
2025-07-21,LUXE,231.3
2025-07-22,LUXE,238.34
2025-07-23,LUXE,228.57
2025-07-24,LUXE,232.23
2025-07-25,LUXE,236.79
2025-07-28,LUXE,238.31
2025-07-29,LUXE,240.95
2025-07-30,LUXE,243.31
2025-07-31,LUXE,247.22
2025-08-01,LUXE,242.59
2025-08-04,LUXE,247.91
2025-08-05,LUXE,248.99
2025-08-06,LUXE,249.81
2025-08-07,LUXE,252.48
2025-08-08,LUXE,246.95
2025-08-11,LUXE,240.3
2025-08-12,LUXE,239.93
2025-08-13,LUXE,246.66
2025-08-14,LUXE,241.63
2025-08-15,LUXE,242.54
2025-08-18,LUXE,239.61
2025-08-19,LUXE,236.14
2025-08-20,LUXE,238.39
2025-08-21,LUXE,241.76
2025-08-22,LUXE,238.53
2025-08-25,LUXE,244.56
2025-08-26,LUXE,246.55
2025-08-27,LUXE,245.65
2025-08-28,LUXE,247.32
2025-08-29,LUXE,256.42
2025-09-01,LUXE,260.01
2025-09-02,LUXE,256.95
2025-09-03,LUXE,257.03
2025-09-04,LUXE,257.8
2025-09-05,LUXE,261.01
2025-09-08,LUXE,262.28
2025-09-09,LUXE,271.28
2025-09-10,LUXE,270.36
2025-09-11,LUXE,262.23
2025-09-12,LUXE,263.4
2025-09-15,LUXE,261.5
2025-09-16,LUXE,254.69
2025-09-17,LUXE,251.67
2025-09-18,LUXE,250.23
2025-09-19,LUXE,255.45
2025-09-22,LUXE,248.89
2025-09-23,LUXE,250.6
2025-09-24,LUXE,260.63
2025-09-25,LUXE,259.99
2025-09-26,LUXE,259.22
2025-09-29,LUXE,262.69
2025-09-30,LUXE,265.3
2025-10-01,LUXE,272.14
2025-10-02,LUXE,271.51
2025-10-03,LUXE,275.07
2025-10-06,LUXE,278.75
2025-10-07,LUXE,277.27
2025-10-08,LUXE,276.88
2025-10-09,LUXE,277.01
2025-10-10,LUXE,271.1
2025-10-13,LUXE,269.4
2025-10-14,LUXE,276.73
2025-10-15,LUXE,282.0
2025-10-16,LUXE,279.28
2025-10-17,LUXE,279.38
2025-10-20,LUXE,284.38
2025-10-21,LUXE,286.8
2025-10-22,LUXE,291.05
2025-10-23,LUXE,294.0
2025-10-24,LUXE,295.31
2025-10-27,LUXE,294.63
2025-10-28,LUXE,288.57
2025-10-29,LUXE,292.3
2025-10-30,LUXE,291.34
2025-10-31,LUXE,283.0
2025-11-03,LUXE,280.44
2025-11-04,LUXE,284.86
2025-11-05,LUXE,275.36
2025-11-06,LUXE,270.5
2025-11-07,LUXE,271.33
2025-11-10,LUXE,278.28
2025-11-11,LUXE,283.39
2025-11-12,LUXE,291.13
2025-11-13,LUXE,292.39
2025-11-14,LUXE,291.49
2025-11-17,LUXE,296.04
2025-11-18,LUXE,291.5
2025-11-19,LUXE,286.63
2025-11-20,LUXE,280.94
2025-11-21,LUXE,286.55
2025-11-24,LUXE,282.49
2025-11-25,LUXE,287.69
2025-11-26,LUXE,288.63
2025-11-27,LUXE,294.46
2025-11-28,LUXE,288.87
2025-12-01,LUXE,285.85
2025-12-02,LUXE,288.33
2025-12-03,LUXE,286.31
2025-12-04,LUXE,273.83
2025-12-05,LUXE,267.33
2025-12-08,LUXE,262.22
2025-12-09,LUXE,257.55
2025-12-10,LUXE,260.83
2025-12-11,LUXE,262.56
2025-12-12,LUXE,263.48
2025-12-15,LUXE,273.05
2025-12-16,LUXE,278.92
2025-12-17,LUXE,283.07
2025-12-18,LUXE,275.73
2025-12-19,LUXE,276.2
2025-12-22,LUXE,277.84
2025-12-23,LUXE,275.97
2025-12-24,LUXE,284.51
2025-12-25,LUXE,284.95
2025-12-26,LUXE,278.92
2025-12-29,LUXE,274.16
2025-12-30,LUXE,285.44
2025-12-31,LUXE,283.5
2024-01-01,AUTO,184.13
2024-01-02,AUTO,179.9
2024-01-03,AUTO,181.04
2024-01-04,AUTO,181.11
2024-01-05,AUTO,182.03
2024-01-08,AUTO,181.81
2024-01-09,AUTO,177.99
2024-01-10,AUTO,179.46
2024-01-11,AUTO,184.84
2024-01-12,AUTO,186.08
2024-01-15,AUTO,184.94
2024-01-16,AUTO,180.95
2024-01-17,AUTO,178.5
2024-01-18,AUTO,179.81
2024-01-19,AUTO,182.86
2024-01-22,AUTO,183.66
2024-01-23,AUTO,186.0
2024-01-24,AUTO,188.1
2024-01-25,AUTO,189.64
2024-01-26,AUTO,187.8
2024-01-29,AUTO,188.38
2024-01-30,AUTO,186.0
2024-01-31,AUTO,186.12
2024-02-01,AUTO,187.14
2024-02-02,AUTO,192.05
2024-02-05,AUTO,188.26
2024-02-06,AUTO,189.73
2024-02-07,AUTO,194.13
2024-02-08,AUTO,196.48
2024-02-09,AUTO,199.08
2024-02-12,AUTO,200.96
2024-02-13,AUTO,205.05
2024-02-14,AUTO,201.71
2024-02-15,AUTO,197.49
2024-02-16,AUTO,197.55
2024-02-19,AUTO,191.06
2024-02-20,AUTO,194.76
2024-02-21,AUTO,198.49
2024-02-22,AUTO,197.25
2024-02-23,AUTO,196.2
2024-02-26,AUTO,196.07
2024-02-27,AUTO,196.3
2024-02-28,AUTO,196.77
2024-02-29,AUTO,198.54
2024-03-01,AUTO,198.09
2024-03-04,AUTO,201.04
2024-03-05,AUTO,202.51
2024-03-06,AUTO,200.7
2024-03-07,AUTO,204.9
2024-03-08,AUTO,200.7
2024-03-11,AUTO,200.5
2024-03-12,AUTO,203.56
2024-03-13,AUTO,201.38
2024-03-14,AUTO,202.42
2024-03-15,AUTO,204.2
2024-03-18,AUTO,201.58
2024-03-19,AUTO,201.43
2024-03-20,AUTO,201.03
2024-03-21,AUTO,199.41
2024-03-22,AUTO,206.55
2024-03-25,AUTO,204.21
2024-03-26,AUTO,207.45
2024-03-27,AUTO,206.28
2024-03-28,AUTO,202.91
2024-03-29,AUTO,203.32
2024-04-01,AUTO,205.43
2024-04-02,AUTO,208.42
2024-04-03,AUTO,213.52
2024-04-04,AUTO,223.28
2024-04-05,AUTO,224.23
2024-04-08,AUTO,222.03
2024-04-09,AUTO,223.67
2024-04-10,AUTO,222.85
2024-04-11,AUTO,226.11
2024-04-12,AUTO,221.69
2024-04-15,AUTO,229.86
2024-04-16,AUTO,232.98
2024-04-17,AUTO,227.04
2024-04-18,AUTO,224.65
2024-04-19,AUTO,227.56
2024-04-22,AUTO,231.78
2024-04-23,AUTO,227.33
2024-04-24,AUTO,229.92
2024-04-25,AUTO,223.13
2024-04-26,AUTO,222.91
2024-04-29,AUTO,226.81
2024-04-30,AUTO,224.98
2024-05-01,AUTO,219.86
2024-05-02,AUTO,220.44
2024-05-03,AUTO,218.48
2024-05-06,AUTO,220.68
2024-05-07,AUTO,217.77
2024-05-08,AUTO,215.27
2024-05-09,AUTO,208.66
2024-05-10,AUTO,209.29
2024-05-13,AUTO,208.86
2024-05-14,AUTO,205.13
2024-05-15,AUTO,205.82
2024-05-16,AUTO,209.16
2024-05-17,AUTO,208.55
2024-05-20,AUTO,209.5
2024-05-21,AUTO,210.46
2024-05-22,AUTO,206.65
2024-05-23,AUTO,213.27
2024-05-24,AUTO,211.81
2024-05-27,AUTO,214.04
2024-05-28,AUTO,216.66
2024-05-29,AUTO,216.28
2024-05-30,AUTO,218.38
2024-05-31,AUTO,219.3
2024-06-03,AUTO,214.61
2024-06-04,AUTO,213.6
2024-06-05,AUTO,211.67
2024-06-06,AUTO,210.25
2024-06-07,AUTO,206.12
2024-06-10,AUTO,209.78
2024-06-11,AUTO,215.03
2024-06-12,AUTO,218.35
2024-06-13,AUTO,222.71
2024-06-14,AUTO,221.62
2024-06-17,AUTO,219.54
2024-06-18,AUTO,217.0
2024-06-19,AUTO,219.24
2024-06-20,AUTO,220.09
2024-06-21,AUTO,219.92
2024-06-24,AUTO,224.39
2024-06-25,AUTO,225.88
2024-06-26,AUTO,223.06
2024-06-27,AUTO,220.81
2024-06-28,AUTO,223.22
2024-07-01,AUTO,226.89
2024-07-02,AUTO,228.91
2024-07-03,AUTO,235.68
2024-07-04,AUTO,241.7
2024-07-05,AUTO,243.44
2024-07-08,AUTO,240.4
2024-07-09,AUTO,235.65
2024-07-10,AUTO,234.35
2024-07-11,AUTO,237.16
2024-07-12,AUTO,243.92
2024-07-15,AUTO,245.58
2024-07-16,AUTO,250.1
2024-07-17,AUTO,249.26
2024-07-18,AUTO,251.74
2024-07-19,AUTO,255.04
2024-07-22,AUTO,247.37
2024-07-23,AUTO,245.9
2024-07-24,AUTO,249.59
2024-07-25,AUTO,250.75
2024-07-26,AUTO,246.23
2024-07-29,AUTO,237.13
2024-07-30,AUTO,235.89
2024-07-31,AUTO,235.73
2024-08-01,AUTO,232.62
2024-08-02,AUTO,233.22
2024-08-05,AUTO,235.14
2024-08-06,AUTO,237.66
2024-08-07,AUTO,229.14
2024-08-08,AUTO,224.6
2024-08-09,AUTO,223.64
2024-08-12,AUTO,225.7
2024-08-13,AUTO,227.49
2024-08-14,AUTO,229.23
2024-08-15,AUTO,227.98
2024-08-16,AUTO,226.92
2024-08-19,AUTO,224.47
2024-08-20,AUTO,227.21
2024-08-21,AUTO,224.09
2024-08-22,AUTO,227.11
2024-08-23,AUTO,227.93
2024-08-26,AUTO,227.86
2024-08-27,AUTO,225.65
2024-08-28,AUTO,221.04
2024-08-29,AUTO,218.93
2024-08-30,AUTO,217.9
2024-09-02,AUTO,210.05
2024-09-03,AUTO,209.5
2024-09-04,AUTO,212.56
2024-09-05,AUTO,214.5
2024-09-06,AUTO,212.95
2024-09-09,AUTO,213.2
2024-09-10,AUTO,211.46
2024-09-11,AUTO,212.03
2024-09-12,AUTO,217.14
2024-09-13,AUTO,220.46
2024-09-16,AUTO,222.32
2024-09-17,AUTO,220.72
2024-09-18,AUTO,223.36
2024-09-19,AUTO,217.65
2024-09-20,AUTO,216.9
2024-09-23,AUTO,218.93
2024-09-24,AUTO,221.51
2024-09-25,AUTO,223.89
2024-09-26,AUTO,224.99
2024-09-27,AUTO,224.41
2024-09-30,AUTO,226.36
2024-10-01,AUTO,223.13
2024-10-02,AUTO,220.32
2024-10-03,AUTO,220.62
2024-10-04,AUTO,221.3
2024-10-07,AUTO,215.17
2024-10-08,AUTO,216.77
2024-10-09,AUTO,219.43
2024-10-10,AUTO,219.26
2024-10-11,AUTO,227.36
2024-10-14,AUTO,225.06
2024-10-15,AUTO,223.9
2024-10-16,AUTO,222.63
2024-10-17,AUTO,222.46
2024-10-18,AUTO,221.43
2024-10-21,AUTO,216.73
2024-10-22,AUTO,214.99
2024-10-23,AUTO,214.76
2024-10-24,AUTO,218.9
2024-10-25,AUTO,226.41
2024-10-28,AUTO,231.15
2024-10-29,AUTO,228.49
2024-10-30,AUTO,226.14
2024-10-31,AUTO,225.67
2024-11-01,AUTO,231.96
2024-11-04,AUTO,231.47
2024-11-05,AUTO,226.83
2024-11-06,AUTO,225.18
2024-11-07,AUTO,227.89
2024-11-08,AUTO,230.4
2024-11-11,AUTO,229.79
2024-11-12,AUTO,232.29
2024-11-13,AUTO,224.27
2024-11-14,AUTO,224.72
2024-11-15,AUTO,227.78
2024-11-18,AUTO,224.96
2024-11-19,AUTO,222.15
2024-11-20,AUTO,215.87
2024-11-21,AUTO,221.23
2024-11-22,AUTO,218.87
2024-11-25,AUTO,219.77
2024-11-26,AUTO,221.9
2024-11-27,AUTO,227.16
2024-11-28,AUTO,226.71
2024-11-29,AUTO,224.92
2024-12-02,AUTO,225.61
2024-12-03,AUTO,230.16
2024-12-04,AUTO,229.65
2024-12-05,AUTO,226.37
2024-12-06,AUTO,221.1
2024-12-09,AUTO,217.03
2024-12-10,AUTO,220.01
2024-12-11,AUTO,219.01
2024-12-12,AUTO,217.05
2024-12-13,AUTO,214.75
2024-12-16,AUTO,215.12
2024-12-17,AUTO,214.42
2024-12-18,AUTO,213.6
2024-12-19,AUTO,218.12
2024-12-20,AUTO,223.37
2024-12-23,AUTO,217.93
2024-12-24,AUTO,219.12
2024-12-25,AUTO,216.59
2024-12-26,AUTO,215.85
2024-12-27,AUTO,216.96
2024-12-30,AUTO,216.34
2024-12-31,AUTO,217.2
2025-01-01,AUTO,219.53
2025-01-02,AUTO,220.62
2025-01-03,AUTO,218.51
2025-01-06,AUTO,216.49
2025-01-07,AUTO,211.78
2025-01-08,AUTO,209.08
2025-01-09,AUTO,215.48
2025-01-10,AUTO,212.94
2025-01-13,AUTO,209.12
2025-01-14,AUTO,210.23
2025-01-15,AUTO,209.96
2025-01-16,AUTO,209.41
2025-01-17,AUTO,214.04
2025-01-20,AUTO,215.93
2025-01-21,AUTO,214.26
2025-01-22,AUTO,212.95
2025-01-23,AUTO,211.39
2025-01-24,AUTO,214.32
2025-01-27,AUTO,213.39
2025-01-28,AUTO,207.59
2025-01-29,AUTO,207.52
2025-01-30,AUTO,202.7
2025-01-31,AUTO,209.59
2025-02-03,AUTO,206.56
2025-02-04,AUTO,206.13
2025-02-05,AUTO,207.04
2025-02-06,AUTO,206.2
2025-02-07,AUTO,205.37
2025-02-10,AUTO,206.78
2025-02-11,AUTO,211.72
2025-02-12,AUTO,214.31
2025-02-13,AUTO,219.27
2025-02-14,AUTO,215.83
2025-02-17,AUTO,216.97
2025-02-18,AUTO,217.58
2025-02-19,AUTO,218.84
2025-02-20,AUTO,223.56
2025-02-21,AUTO,222.89
2025-02-24,AUTO,221.59
2025-02-25,AUTO,223.5
2025-02-26,AUTO,217.48
2025-02-27,AUTO,216.78
2025-02-28,AUTO,216.42
2025-03-03,AUTO,213.44
2025-03-04,AUTO,217.0
2025-03-05,AUTO,213.54
2025-03-06,AUTO,213.18
2025-03-07,AUTO,214.23
2025-03-10,AUTO,218.78
2025-03-11,AUTO,218.83
2025-03-12,AUTO,222.07
2025-03-13,AUTO,224.55
2025-03-14,AUTO,225.07
2025-03-17,AUTO,221.39
2025-03-18,AUTO,216.6
2025-03-19,AUTO,217.04
2025-03-20,AUTO,215.31
2025-03-21,AUTO,218.45
2025-03-24,AUTO,221.04
2025-03-25,AUTO,220.5
2025-03-26,AUTO,216.67
2025-03-27,AUTO,218.46
2025-03-28,AUTO,215.13
2025-03-31,AUTO,212.7
2025-04-01,AUTO,209.58
2025-04-02,AUTO,209.22
2025-04-03,AUTO,213.07
2025-04-04,AUTO,213.14
2025-04-07,AUTO,211.78
2025-04-08,AUTO,206.89
2025-04-09,AUTO,208.74
2025-04-10,AUTO,206.31
2025-04-11,AUTO,206.77
2025-04-14,AUTO,205.73
2025-04-15,AUTO,208.46
2025-04-16,AUTO,208.05
2025-04-17,AUTO,207.94
2025-04-18,AUTO,209.58
2025-04-21,AUTO,216.46
2025-04-22,AUTO,219.5
2025-04-23,AUTO,219.29
2025-04-24,AUTO,219.39
2025-04-25,AUTO,217.71
2025-04-28,AUTO,214.62
2025-04-29,AUTO,212.88
2025-04-30,AUTO,210.44
2025-05-01,AUTO,212.64
2025-05-02,AUTO,209.22
2025-05-05,AUTO,213.6
2025-05-06,AUTO,216.16
2025-05-07,AUTO,216.31
2025-05-08,AUTO,216.4
2025-05-09,AUTO,214.63
2025-05-12,AUTO,215.61
2025-05-13,AUTO,219.31
2025-05-14,AUTO,217.03
2025-05-15,AUTO,212.0
2025-05-16,AUTO,214.38
2025-05-19,AUTO,215.53
2025-05-20,AUTO,211.91
2025-05-21,AUTO,209.6
2025-05-22,AUTO,206.92
2025-05-23,AUTO,204.69
2025-05-26,AUTO,203.76
2025-05-27,AUTO,203.01
2025-05-28,AUTO,201.06
2025-05-29,AUTO,198.79
2025-05-30,AUTO,198.17
2025-06-02,AUTO,198.77
2025-06-03,AUTO,197.88
2025-06-04,AUTO,201.49
2025-06-05,AUTO,203.14
2025-06-06,AUTO,198.25
2025-06-09,AUTO,199.93
2025-06-10,AUTO,201.88
2025-06-11,AUTO,200.61
2025-06-12,AUTO,196.08
2025-06-13,AUTO,196.18
2025-06-16,AUTO,196.24
2025-06-17,AUTO,192.93
2025-06-18,AUTO,188.7
2025-06-19,AUTO,188.52
2025-06-20,AUTO,187.92
2025-06-23,AUTO,186.79
2025-06-24,AUTO,186.63
2025-06-25,AUTO,183.54
2025-06-26,AUTO,182.39
2025-06-27,AUTO,183.96
2025-06-30,AUTO,183.04
2025-07-01,AUTO,178.41
2025-07-02,AUTO,177.18
2025-07-03,AUTO,174.34
2025-07-04,AUTO,175.13
2025-07-07,AUTO,176.06
2025-07-08,AUTO,171.64
2025-07-09,AUTO,173.71
2025-07-10,AUTO,170.81
2025-07-11,AUTO,174.97
2025-07-14,AUTO,174.91
2025-07-15,AUTO,171.63
2025-07-16,AUTO,168.69
2025-07-17,AUTO,169.66
2025-07-18,AUTO,168.71
2025-07-21,AUTO,168.52
2025-07-22,AUTO,172.77
2025-07-23,AUTO,170.99
2025-07-24,AUTO,171.21
2025-07-25,AUTO,175.02
2025-07-28,AUTO,175.82
2025-07-29,AUTO,171.55
2025-07-30,AUTO,172.95
2025-07-31,AUTO,169.93
2025-08-01,AUTO,173.67
2025-08-04,AUTO,171.55
2025-08-05,AUTO,179.45
2025-08-06,AUTO,183.58
2025-08-07,AUTO,181.4
2025-08-08,AUTO,181.53
2025-08-11,AUTO,183.71
2025-08-12,AUTO,186.0
2025-08-13,AUTO,187.34
2025-08-14,AUTO,191.02
2025-08-15,AUTO,190.74
2025-08-18,AUTO,189.74
2025-08-19,AUTO,188.81
2025-08-20,AUTO,191.38
2025-08-21,AUTO,192.53
2025-08-22,AUTO,193.47
2025-08-25,AUTO,195.92
2025-08-26,AUTO,189.81
2025-08-27,AUTO,190.8
2025-08-28,AUTO,191.52
2025-08-29,AUTO,196.51
2025-09-01,AUTO,191.97
2025-09-02,AUTO,196.65
2025-09-03,AUTO,196.95
2025-09-04,AUTO,198.52
2025-09-05,AUTO,203.72
2025-09-08,AUTO,205.56
2025-09-09,AUTO,206.91
2025-09-10,AUTO,207.76
2025-09-11,AUTO,206.3
2025-09-12,AUTO,206.29
2025-09-15,AUTO,204.11
2025-09-16,AUTO,204.05
2025-09-17,AUTO,196.8
2025-09-18,AUTO,198.18
2025-09-19,AUTO,197.89
2025-09-22,AUTO,196.95
2025-09-23,AUTO,197.69
2025-09-24,AUTO,193.41
2025-09-25,AUTO,199.23
2025-09-26,AUTO,199.0
2025-09-29,AUTO,198.63
2025-09-30,AUTO,195.76
2025-10-01,AUTO,195.91
2025-10-02,AUTO,200.17
2025-10-03,AUTO,203.45
2025-10-06,AUTO,206.2
2025-10-07,AUTO,208.02
2025-10-08,AUTO,206.96
2025-10-09,AUTO,202.42
2025-10-10,AUTO,201.88
2025-10-13,AUTO,201.23
2025-10-14,AUTO,204.56
2025-10-15,AUTO,205.61
2025-10-16,AUTO,210.8
2025-10-17,AUTO,214.77
2025-10-20,AUTO,213.35
2025-10-21,AUTO,207.54
2025-10-22,AUTO,212.05
2025-10-23,AUTO,216.57
2025-10-24,AUTO,212.11
2025-10-27,AUTO,217.12
2025-10-28,AUTO,218.48
2025-10-29,AUTO,219.11
2025-10-30,AUTO,224.64
2025-10-31,AUTO,229.38
2025-11-03,AUTO,231.77
2025-11-04,AUTO,233.55
2025-11-05,AUTO,235.86
2025-11-06,AUTO,234.51
2025-11-07,AUTO,234.41
2025-11-10,AUTO,231.25
2025-11-11,AUTO,230.16
2025-11-12,AUTO,228.95
2025-11-13,AUTO,226.81
2025-11-14,AUTO,227.38
2025-11-17,AUTO,226.34
2025-11-18,AUTO,228.18
2025-11-19,AUTO,222.57
2025-11-20,AUTO,222.28
2025-11-21,AUTO,222.82
2025-11-24,AUTO,221.84
2025-11-25,AUTO,221.35
2025-11-26,AUTO,216.04
2025-11-27,AUTO,217.31
2025-11-28,AUTO,219.56
2025-12-01,AUTO,221.32
2025-12-02,AUTO,224.95
2025-12-03,AUTO,225.73
2025-12-04,AUTO,227.49
2025-12-05,AUTO,228.13
2025-12-08,AUTO,230.63
2025-12-09,AUTO,225.13
2025-12-10,AUTO,222.13
2025-12-11,AUTO,227.64
2025-12-12,AUTO,219.12
2025-12-15,AUTO,218.73
2025-12-16,AUTO,222.77
2025-12-17,AUTO,222.54
2025-12-18,AUTO,221.24
2025-12-19,AUTO,221.77
2025-12-22,AUTO,220.66
2025-12-23,AUTO,220.85
2025-12-24,AUTO,218.62
2025-12-25,AUTO,222.44
2025-12-26,AUTO,227.4
2025-12-29,AUTO,227.02
2025-12-30,AUTO,222.28
2025-12-31,AUTO,220.57
2024-01-01,HOME,196.42
2024-01-02,HOME,192.17
2024-01-03,HOME,195.04
2024-01-04,HOME,192.97
2024-01-05,HOME,188.34
2024-01-08,HOME,191.67
2024-01-09,HOME,192.38
2024-01-10,HOME,182.35
2024-01-11,HOME,186.56
2024-01-12,HOME,187.01
2024-01-15,HOME,190.39
2024-01-16,HOME,189.58
2024-01-17,HOME,196.54
2024-01-18,HOME,195.02
2024-01-19,HOME,183.67
2024-01-22,HOME,180.16
2024-01-23,HOME,182.33
2024-01-24,HOME,183.12
2024-01-25,HOME,182.77
2024-01-26,HOME,178.88
2024-01-29,HOME,179.09
2024-01-30,HOME,179.18
2024-01-31,HOME,179.22
2024-02-01,HOME,181.52
2024-02-02,HOME,182.41
2024-02-05,HOME,181.52
2024-02-06,HOME,177.59
2024-02-07,HOME,183.14
2024-02-08,HOME,191.41
2024-02-09,HOME,199.03
2024-02-12,HOME,202.31
2024-02-13,HOME,194.88
2024-02-14,HOME,187.2
2024-02-15,HOME,185.05
2024-02-16,HOME,184.97
2024-02-19,HOME,184.72
2024-02-20,HOME,185.67
2024-02-21,HOME,180.04
2024-02-22,HOME,186.66
2024-02-23,HOME,193.09
2024-02-26,HOME,187.58
2024-02-27,HOME,179.91
2024-02-28,HOME,179.7
2024-02-29,HOME,184.92
2024-03-01,HOME,184.93
2024-03-04,HOME,186.15
2024-03-05,HOME,184.47
2024-03-06,HOME,185.22
2024-03-07,HOME,189.29
2024-03-08,HOME,191.18
2024-03-11,HOME,193.8
2024-03-12,HOME,186.74
2024-03-13,HOME,195.83
2024-03-14,HOME,188.74
2024-03-15,HOME,189.56
2024-03-18,HOME,189.07
2024-03-19,HOME,188.77
2024-03-20,HOME,192.59
2024-03-21,HOME,189.7
2024-03-22,HOME,188.01
2024-03-25,HOME,183.34
2024-03-26,HOME,188.09
2024-03-27,HOME,189.36
2024-03-28,HOME,192.21
2024-03-29,HOME,195.86
2024-04-01,HOME,204.74
2024-04-02,HOME,213.23
2024-04-03,HOME,214.94
2024-04-04,HOME,215.87
2024-04-05,HOME,213.48
2024-04-08,HOME,217.2
2024-04-09,HOME,220.81
2024-04-10,HOME,217.38
2024-04-11,HOME,221.06
2024-04-12,HOME,226.23
2024-04-15,HOME,220.73
2024-04-16,HOME,221.84
2024-04-17,HOME,221.69
2024-04-18,HOME,221.84
2024-04-19,HOME,217.29
2024-04-22,HOME,208.58
2024-04-23,HOME,205.22
2024-04-24,HOME,201.27
2024-04-25,HOME,203.02
2024-04-26,HOME,204.86
2024-04-29,HOME,206.46
2024-04-30,HOME,200.17
2024-05-01,HOME,195.32
2024-05-02,HOME,192.78
2024-05-03,HOME,193.03
2024-05-06,HOME,191.74
2024-05-07,HOME,193.22
2024-05-08,HOME,197.6
2024-05-09,HOME,193.33
2024-05-10,HOME,189.33
2024-05-13,HOME,190.05
2024-05-14,HOME,189.86
2024-05-15,HOME,193.17
2024-05-16,HOME,193.35
2024-05-17,HOME,201.04
2024-05-20,HOME,194.06
2024-05-21,HOME,197.86
2024-05-22,HOME,198.9
2024-05-23,HOME,192.82
2024-05-24,HOME,184.04
2024-05-27,HOME,179.56
2024-05-28,HOME,184.56
2024-05-29,HOME,189.23
2024-05-30,HOME,188.84
2024-05-31,HOME,187.46
2024-06-03,HOME,184.02
2024-06-04,HOME,183.39
2024-06-05,HOME,181.59
2024-06-06,HOME,188.69
2024-06-07,HOME,183.61
2024-06-10,HOME,185.37
2024-06-11,HOME,192.81
2024-06-12,HOME,196.31
2024-06-13,HOME,191.53
2024-06-14,HOME,185.07
2024-06-17,HOME,186.35
2024-06-18,HOME,187.13
2024-06-19,HOME,192.44
2024-06-20,HOME,194.96
2024-06-21,HOME,193.0
2024-06-24,HOME,190.76
2024-06-25,HOME,185.34
2024-06-26,HOME,186.02
2024-06-27,HOME,180.32
2024-06-28,HOME,184.14
2024-07-01,HOME,186.72
2024-07-02,HOME,189.19
2024-07-03,HOME,183.75
2024-07-04,HOME,183.28
2024-07-05,HOME,181.83
2024-07-08,HOME,182.39
2024-07-09,HOME,184.69
2024-07-10,HOME,182.72
2024-07-11,HOME,180.92
2024-07-12,HOME,183.82
2024-07-15,HOME,179.32
2024-07-16,HOME,176.46
2024-07-17,HOME,176.63
2024-07-18,HOME,180.32
2024-07-19,HOME,176.56
2024-07-22,HOME,183.77
2024-07-23,HOME,178.36
2024-07-24,HOME,184.69
2024-07-25,HOME,189.8
2024-07-26,HOME,183.88
2024-07-29,HOME,177.31
2024-07-30,HOME,180.31
2024-07-31,HOME,178.93
2024-08-01,HOME,175.04
2024-08-02,HOME,182.27
2024-08-05,HOME,177.55
2024-08-06,HOME,174.8
2024-08-07,HOME,172.56
2024-08-08,HOME,161.89
2024-08-09,HOME,162.35
2024-08-12,HOME,159.17
2024-08-13,HOME,162.18
2024-08-14,HOME,165.73
2024-08-15,HOME,166.72
2024-08-16,HOME,167.76
2024-08-19,HOME,168.51
2024-08-20,HOME,166.0
2024-08-21,HOME,163.85
2024-08-22,HOME,168.83
2024-08-23,HOME,171.74
2024-08-26,HOME,172.67
2024-08-27,HOME,175.13
2024-08-28,HOME,175.03
2024-08-29,HOME,175.89
2024-08-30,HOME,178.38
2024-09-02,HOME,170.24
2024-09-03,HOME,173.83
2024-09-04,HOME,177.21
2024-09-05,HOME,174.26
2024-09-06,HOME,179.25
2024-09-09,HOME,170.49
2024-09-10,HOME,171.98
2024-09-11,HOME,172.27
2024-09-12,HOME,171.21
2024-09-13,HOME,171.42
2024-09-16,HOME,173.8
2024-09-17,HOME,166.91
2024-09-18,HOME,170.79
2024-09-19,HOME,169.35
2024-09-20,HOME,173.34
2024-09-23,HOME,175.97
2024-09-24,HOME,174.42
2024-09-25,HOME,174.24
2024-09-26,HOME,174.3
2024-09-27,HOME,180.71
2024-09-30,HOME,176.24
2024-10-01,HOME,174.65
2024-10-02,HOME,168.61
2024-10-03,HOME,169.21
2024-10-04,HOME,166.98
2024-10-07,HOME,165.24
2024-10-08,HOME,170.86
2024-10-09,HOME,167.85
2024-10-10,HOME,167.39
2024-10-11,HOME,165.8
2024-10-14,HOME,164.47
2024-10-15,HOME,174.8
2024-10-16,HOME,168.15
2024-10-17,HOME,170.71
2024-10-18,HOME,180.12
2024-10-21,HOME,184.61
2024-10-22,HOME,184.96
2024-10-23,HOME,180.25
2024-10-24,HOME,185.66
2024-10-25,HOME,189.7
2024-10-28,HOME,183.36
2024-10-29,HOME,182.19
2024-10-30,HOME,177.42
2024-10-31,HOME,166.2
2024-11-01,HOME,161.76
2024-11-04,HOME,162.27
2024-11-05,HOME,164.51
2024-11-06,HOME,163.45
2024-11-07,HOME,168.61
2024-11-08,HOME,172.63
2024-11-11,HOME,172.28
2024-11-12,HOME,171.45
2024-11-13,HOME,173.05
2024-11-14,HOME,173.12
2024-11-15,HOME,167.74
2024-11-18,HOME,166.76
2024-11-19,HOME,169.38
2024-11-20,HOME,174.5
2024-11-21,HOME,178.39
2024-11-22,HOME,179.86
2024-11-25,HOME,185.87
2024-11-26,HOME,187.79
2024-11-27,HOME,187.56
2024-11-28,HOME,193.92
2024-11-29,HOME,197.2
2024-12-02,HOME,203.11
2024-12-03,HOME,197.87
2024-12-04,HOME,194.22
2024-12-05,HOME,190.82
2024-12-06,HOME,191.75
2024-12-09,HOME,199.73
2024-12-10,HOME,194.8
2024-12-11,HOME,198.9
2024-12-12,HOME,193.71
2024-12-13,HOME,203.04
2024-12-16,HOME,195.95
2024-12-17,HOME,199.35
2024-12-18,HOME,203.44
2024-12-19,HOME,206.43
2024-12-20,HOME,202.54
2024-12-23,HOME,197.91
2024-12-24,HOME,203.7
2024-12-25,HOME,208.65
2024-12-26,HOME,213.65
2024-12-27,HOME,219.34
2024-12-30,HOME,211.98
2024-12-31,HOME,204.72
2025-01-01,HOME,201.81
2025-01-02,HOME,199.8
2025-01-03,HOME,197.34
2025-01-06,HOME,198.72
2025-01-07,HOME,203.84
2025-01-08,HOME,202.66
2025-01-09,HOME,199.13
2025-01-10,HOME,202.91
2025-01-13,HOME,201.79
2025-01-14,HOME,202.44
2025-01-15,HOME,201.09
2025-01-16,HOME,202.78
2025-01-17,HOME,198.34
2025-01-20,HOME,201.72
2025-01-21,HOME,201.74
2025-01-22,HOME,198.45
2025-01-23,HOME,200.96
2025-01-24,HOME,197.68
2025-01-27,HOME,194.65
2025-01-28,HOME,189.57
2025-01-29,HOME,182.5
2025-01-30,HOME,184.82
2025-01-31,HOME,189.79
2025-02-03,HOME,188.03
2025-02-04,HOME,184.82
2025-02-05,HOME,177.47
2025-02-06,HOME,168.98
2025-02-07,HOME,171.86
2025-02-10,HOME,164.41
2025-02-11,HOME,160.33
2025-02-12,HOME,161.48
2025-02-13,HOME,161.93
2025-02-14,HOME,163.24
2025-02-17,HOME,163.39
2025-02-18,HOME,162.22
2025-02-19,HOME,158.21
2025-02-20,HOME,156.1
2025-02-21,HOME,155.21
2025-02-24,HOME,148.77
2025-02-25,HOME,146.27
2025-02-26,HOME,145.17
2025-02-27,HOME,143.04
2025-02-28,HOME,142.06
2025-03-03,HOME,144.3
2025-03-04,HOME,146.97
2025-03-05,HOME,152.06
2025-03-06,HOME,147.05
2025-03-07,HOME,145.78
2025-03-10,HOME,149.91
2025-03-11,HOME,144.17
2025-03-12,HOME,140.49
2025-03-13,HOME,138.66
2025-03-14,HOME,145.12
2025-03-17,HOME,142.07
2025-03-18,HOME,145.63
2025-03-19,HOME,145.66
2025-03-20,HOME,142.03
2025-03-21,HOME,151.05
2025-03-24,HOME,151.83
2025-03-25,HOME,153.23
2025-03-26,HOME,155.18
2025-03-27,HOME,156.89
2025-03-28,HOME,164.58
2025-03-31,HOME,171.28
2025-04-01,HOME,167.85
2025-04-02,HOME,175.57
2025-04-03,HOME,172.96
2025-04-04,HOME,174.34
2025-04-07,HOME,168.82
2025-04-08,HOME,172.87
2025-04-09,HOME,171.82
2025-04-10,HOME,167.54
2025-04-11,HOME,172.13
2025-04-14,HOME,177.8
2025-04-15,HOME,183.79
2025-04-16,HOME,177.67
2025-04-17,HOME,184.07
2025-04-18,HOME,182.98
2025-04-21,HOME,191.53
2025-04-22,HOME,194.36
2025-04-23,HOME,195.61
2025-04-24,HOME,195.8
2025-04-25,HOME,195.9
2025-04-28,HOME,193.07
2025-04-29,HOME,188.61
2025-04-30,HOME,187.23
2025-05-01,HOME,192.37
2025-05-02,HOME,186.51
2025-05-05,HOME,192.26
2025-05-06,HOME,193.03
2025-05-07,HOME,196.56
2025-05-08,HOME,200.38
2025-05-09,HOME,204.7
2025-05-12,HOME,204.97
2025-05-13,HOME,205.37
2025-05-14,HOME,209.65
2025-05-15,HOME,204.93
2025-05-16,HOME,199.62
2025-05-19,HOME,197.7
2025-05-20,HOME,199.13
2025-05-21,HOME,207.85
2025-05-22,HOME,208.24
2025-05-23,HOME,217.73
2025-05-26,HOME,220.41
2025-05-27,HOME,218.35
2025-05-28,HOME,224.13
2025-05-29,HOME,223.09
2025-05-30,HOME,224.53
2025-06-02,HOME,217.99
2025-06-03,HOME,210.8
2025-06-04,HOME,213.58
2025-06-05,HOME,219.03
2025-06-06,HOME,228.74
2025-06-09,HOME,224.78
2025-06-10,HOME,232.33
2025-06-11,HOME,239.35
2025-06-12,HOME,236.91
2025-06-13,HOME,244.46
2025-06-16,HOME,249.82
2025-06-17,HOME,256.4
2025-06-18,HOME,269.05
2025-06-19,HOME,275.89
2025-06-20,HOME,262.91
2025-06-23,HOME,265.02
2025-06-24,HOME,255.94
2025-06-25,HOME,257.01
2025-06-26,HOME,257.76
2025-06-27,HOME,254.6
2025-06-30,HOME,248.94
2025-07-01,HOME,246.19
2025-07-02,HOME,244.53
2025-07-03,HOME,244.0
2025-07-04,HOME,244.77
2025-07-07,HOME,248.17
2025-07-08,HOME,246.63
2025-07-09,HOME,253.9
2025-07-10,HOME,253.88
2025-07-11,HOME,259.34
2025-07-14,HOME,257.78
2025-07-15,HOME,273.81
2025-07-16,HOME,276.89
2025-07-17,HOME,287.25
2025-07-18,HOME,283.02
2025-07-21,HOME,280.41
2025-07-22,HOME,279.05
2025-07-23,HOME,294.72
2025-07-24,HOME,293.55
2025-07-25,HOME,288.38
2025-07-28,HOME,297.0
2025-07-29,HOME,297.63
2025-07-30,HOME,296.42
2025-07-31,HOME,292.61
2025-08-01,HOME,296.04
2025-08-04,HOME,303.32
2025-08-05,HOME,308.91
2025-08-06,HOME,305.84
2025-08-07,HOME,299.33
2025-08-08,HOME,272.64
2025-08-11,HOME,267.09
2025-08-12,HOME,265.08
2025-08-13,HOME,264.94
2025-08-14,HOME,263.54
2025-08-15,HOME,280.28
2025-08-18,HOME,283.58
2025-08-19,HOME,275.95
2025-08-20,HOME,280.22
2025-08-21,HOME,282.9
2025-08-22,HOME,276.48
2025-08-25,HOME,278.49
2025-08-26,HOME,282.01
2025-08-27,HOME,288.71
2025-08-28,HOME,277.46
2025-08-29,HOME,281.71
2025-09-01,HOME,290.82
2025-09-02,HOME,303.34
2025-09-03,HOME,295.26
2025-09-04,HOME,294.53
2025-09-05,HOME,294.44
2025-09-08,HOME,299.13
2025-09-09,HOME,298.27
2025-09-10,HOME,293.73
2025-09-11,HOME,295.39
2025-09-12,HOME,293.4
2025-09-15,HOME,297.32
2025-09-16,HOME,292.17
2025-09-17,HOME,285.72
2025-09-18,HOME,294.36
2025-09-19,HOME,309.57
2025-09-22,HOME,322.44
2025-09-23,HOME,322.18
2025-09-24,HOME,330.05
2025-09-25,HOME,325.24
2025-09-26,HOME,329.2
2025-09-29,HOME,325.16
2025-09-30,HOME,334.57
2025-10-01,HOME,343.24
2025-10-02,HOME,359.47
2025-10-03,HOME,357.91
2025-10-06,HOME,370.84
2025-10-07,HOME,375.34
2025-10-08,HOME,376.28
2025-10-09,HOME,379.42
2025-10-10,HOME,394.14
2025-10-13,HOME,393.29
2025-10-14,HOME,392.89
2025-10-15,HOME,375.04
2025-10-16,HOME,374.1
2025-10-17,HOME,376.62
2025-10-20,HOME,370.49
2025-10-21,HOME,362.43
2025-10-22,HOME,347.7
2025-10-23,HOME,343.43
2025-10-24,HOME,354.63
2025-10-27,HOME,343.15
2025-10-28,HOME,349.48
2025-10-29,HOME,356.64
2025-10-30,HOME,376.51
2025-10-31,HOME,385.56
2025-11-03,HOME,394.1
2025-11-04,HOME,397.66
2025-11-05,HOME,397.99
2025-11-06,HOME,405.89
2025-11-07,HOME,417.56
2025-11-10,HOME,419.49
2025-11-11,HOME,431.95
2025-11-12,HOME,460.17
2025-11-13,HOME,461.27
2025-11-14,HOME,462.66
2025-11-17,HOME,462.08
2025-11-18,HOME,463.83
2025-11-19,HOME,476.9
2025-11-20,HOME,478.21
2025-11-21,HOME,480.61
2025-11-24,HOME,478.31
2025-11-25,HOME,483.93
2025-11-26,HOME,478.86
2025-11-27,HOME,466.11
2025-11-28,HOME,471.15
2025-12-01,HOME,492.4
2025-12-02,HOME,489.59
2025-12-03,HOME,478.58
2025-12-04,HOME,499.48
2025-12-05,HOME,500.39
2025-12-08,HOME,511.36
2025-12-09,HOME,503.43
2025-12-10,HOME,503.94
2025-12-11,HOME,520.14
2025-12-12,HOME,522.08
2025-12-15,HOME,524.17
2025-12-16,HOME,507.12
2025-12-17,HOME,516.46
2025-12-18,HOME,507.79
2025-12-19,HOME,520.92
2025-12-22,HOME,523.7
2025-12-23,HOME,527.53
2025-12-24,HOME,537.07
2025-12-25,HOME,542.01
2025-12-26,HOME,563.29
2025-12-29,HOME,583.41
2025-12-30,HOME,567.98
2025-12-31,HOME,566.26
2024-01-01,INDU,194.2
2024-01-02,INDU,194.27
2024-01-03,INDU,191.78
2024-01-04,INDU,200.17
2024-01-05,INDU,199.69
2024-01-08,INDU,204.03
2024-01-09,INDU,198.82
2024-01-10,INDU,197.15
2024-01-11,INDU,197.54
2024-01-12,INDU,194.64
2024-01-15,INDU,193.36
2024-01-16,INDU,192.73
2024-01-17,INDU,192.06
2024-01-18,INDU,198.02
2024-01-19,INDU,199.33
2024-01-22,INDU,200.99
2024-01-23,INDU,202.85
2024-01-24,INDU,204.98
2024-01-25,INDU,204.78
2024-01-26,INDU,203.77
2024-01-29,INDU,204.41
2024-01-30,INDU,208.39
2024-01-31,INDU,212.35
2024-02-01,INDU,211.59
2024-02-02,INDU,214.35
2024-02-05,INDU,213.74
2024-02-06,INDU,213.94
2024-02-07,INDU,212.34
2024-02-08,INDU,211.79
2024-02-09,INDU,216.56
2024-02-12,INDU,216.97
2024-02-13,INDU,217.54
2024-02-14,INDU,212.41
2024-02-15,INDU,211.41
2024-02-16,INDU,210.64
2024-02-19,INDU,207.83
2024-02-20,INDU,207.99
2024-02-21,INDU,206.59
2024-02-22,INDU,206.94
2024-02-23,INDU,207.43
2024-02-26,INDU,204.23
2024-02-27,INDU,202.96
2024-02-28,INDU,203.29
2024-02-29,INDU,207.35
2024-03-01,INDU,208.31
2024-03-04,INDU,206.11
2024-03-05,INDU,207.54
2024-03-06,INDU,213.48
2024-03-07,INDU,216.79
2024-03-08,INDU,218.83
2024-03-11,INDU,221.54
2024-03-12,INDU,226.9
2024-03-13,INDU,231.02
2024-03-14,INDU,233.27
2024-03-15,INDU,237.47
2024-03-18,INDU,233.32
2024-03-19,INDU,227.61
2024-03-20,INDU,228.28
2024-03-21,INDU,228.63
2024-03-22,INDU,226.66
2024-03-25,INDU,229.84
2024-03-26,INDU,222.84
2024-03-27,INDU,220.96
2024-03-28,INDU,219.27
2024-03-29,INDU,213.42
2024-04-01,INDU,218.77
2024-04-02,INDU,213.94
2024-04-03,INDU,211.94
2024-04-04,INDU,215.19
2024-04-05,INDU,217.57
2024-04-08,INDU,213.67
2024-04-09,INDU,216.16
2024-04-10,INDU,217.27
2024-04-11,INDU,225.73
2024-04-12,INDU,227.33
2024-04-15,INDU,226.88
2024-04-16,INDU,223.75
2024-04-17,INDU,221.08
2024-04-18,INDU,218.15
2024-04-19,INDU,223.17
2024-04-22,INDU,223.32
2024-04-23,INDU,225.49
2024-04-24,INDU,231.22
2024-04-25,INDU,222.29
2024-04-26,INDU,227.07
2024-04-29,INDU,227.37
2024-04-30,INDU,229.09
2024-05-01,INDU,226.03
2024-05-02,INDU,223.3
2024-05-03,INDU,225.18
2024-05-06,INDU,234.14
2024-05-07,INDU,238.11
2024-05-08,INDU,243.18
2024-05-09,INDU,242.5
2024-05-10,INDU,240.19
2024-05-13,INDU,237.18
2024-05-14,INDU,235.35
2024-05-15,INDU,227.45
2024-05-16,INDU,224.81
2024-05-17,INDU,222.81
2024-05-20,INDU,222.25
2024-05-21,INDU,222.81
2024-05-22,INDU,224.23
2024-05-23,INDU,224.26
2024-05-24,INDU,222.19
2024-05-27,INDU,215.06
2024-05-28,INDU,213.09
2024-05-29,INDU,209.75
2024-05-30,INDU,211.44
2024-05-31,INDU,214.7
2024-06-03,INDU,218.11
2024-06-04,INDU,220.92
2024-06-05,INDU,220.51
2024-06-06,INDU,218.69
2024-06-07,INDU,216.07
2024-06-10,INDU,210.77
2024-06-11,INDU,214.3
2024-06-12,INDU,213.77
2024-06-13,INDU,209.44
2024-06-14,INDU,206.66
2024-06-17,INDU,203.77
2024-06-18,INDU,203.99
2024-06-19,INDU,207.67
2024-06-20,INDU,206.55
2024-06-21,INDU,198.94
2024-06-24,INDU,198.39
2024-06-25,INDU,197.95
2024-06-26,INDU,197.29
2024-06-27,INDU,195.31
2024-06-28,INDU,196.09
2024-07-01,INDU,196.38
2024-07-02,INDU,196.37
2024-07-03,INDU,197.78
2024-07-04,INDU,196.45
2024-07-05,INDU,194.94
2024-07-08,INDU,199.46
2024-07-09,INDU,201.38
2024-07-10,INDU,204.21
2024-07-11,INDU,208.42
2024-07-12,INDU,210.31
2024-07-15,INDU,213.62
2024-07-16,INDU,208.12
2024-07-17,INDU,208.9
2024-07-18,INDU,208.35
2024-07-19,INDU,214.2
2024-07-22,INDU,217.57
2024-07-23,INDU,215.38
2024-07-24,INDU,216.79
2024-07-25,INDU,217.47
2024-07-26,INDU,219.18
2024-07-29,INDU,215.57
2024-07-30,INDU,216.94
2024-07-31,INDU,216.2
2024-08-01,INDU,217.29
2024-08-02,INDU,214.77
2024-08-05,INDU,212.77
2024-08-06,INDU,216.98
2024-08-07,INDU,213.29
2024-08-08,INDU,209.92
2024-08-09,INDU,209.82
2024-08-12,INDU,207.22
2024-08-13,INDU,204.27
2024-08-14,INDU,204.7
2024-08-15,INDU,199.68
2024-08-16,INDU,196.43
2024-08-19,INDU,203.17
2024-08-20,INDU,204.79
2024-08-21,INDU,202.34
2024-08-22,INDU,203.81
2024-08-23,INDU,205.8
2024-08-26,INDU,209.26
2024-08-27,INDU,208.9
2024-08-28,INDU,212.35
2024-08-29,INDU,205.27
2024-08-30,INDU,201.76
2024-09-02,INDU,202.38
2024-09-03,INDU,203.56
2024-09-04,INDU,200.57
2024-09-05,INDU,201.5
2024-09-06,INDU,199.5
2024-09-09,INDU,198.66
2024-09-10,INDU,202.1
2024-09-11,INDU,205.21
2024-09-12,INDU,201.91
2024-09-13,INDU,198.45
2024-09-16,INDU,197.18
2024-09-17,INDU,197.16
2024-09-18,INDU,195.09
2024-09-19,INDU,198.52
2024-09-20,INDU,199.73
2024-09-23,INDU,201.15
2024-09-24,INDU,197.01
2024-09-25,INDU,200.89
2024-09-26,INDU,191.6
2024-09-27,INDU,194.31
2024-09-30,INDU,197.38
2024-10-01,INDU,196.05
2024-10-02,INDU,200.24
2024-10-03,INDU,200.11
2024-10-04,INDU,200.39
2024-10-07,INDU,201.59
2024-10-08,INDU,212.28
2024-10-09,INDU,217.08
2024-10-10,INDU,219.68
2024-10-11,INDU,216.45
2024-10-14,INDU,217.04
2024-10-15,INDU,214.2
2024-10-16,INDU,217.19
2024-10-17,INDU,217.78
2024-10-18,INDU,213.81
2024-10-21,INDU,214.18
2024-10-22,INDU,211.25
2024-10-23,INDU,211.86
2024-10-24,INDU,208.93
2024-10-25,INDU,209.1
2024-10-28,INDU,211.77
2024-10-29,INDU,211.66
2024-10-30,INDU,210.38
2024-10-31,INDU,211.16
2024-11-01,INDU,213.67
2024-11-04,INDU,209.84
2024-11-05,INDU,210.82
2024-11-06,INDU,215.49
2024-11-07,INDU,217.62
2024-11-08,INDU,217.91
2024-11-11,INDU,220.29
2024-11-12,INDU,222.02
2024-11-13,INDU,224.87
2024-11-14,INDU,217.43
2024-11-15,INDU,211.93
2024-11-18,INDU,215.53
2024-11-19,INDU,210.24
2024-11-20,INDU,211.72
2024-11-21,INDU,210.56
2024-11-22,INDU,207.17
2024-11-25,INDU,208.45
2024-11-26,INDU,209.22
2024-11-27,INDU,216.6
2024-11-28,INDU,214.44
2024-11-29,INDU,219.62
2024-12-02,INDU,220.98
2024-12-03,INDU,218.65
2024-12-04,INDU,221.62
2024-12-05,INDU,223.78
2024-12-06,INDU,223.99
2024-12-09,INDU,225.06
2024-12-10,INDU,222.93
2024-12-11,INDU,219.97
2024-12-12,INDU,222.81
2024-12-13,INDU,222.07
2024-12-16,INDU,221.86
2024-12-17,INDU,222.96
2024-12-18,INDU,224.02
2024-12-19,INDU,218.81
2024-12-20,INDU,223.55
2024-12-23,INDU,224.08
2024-12-24,INDU,223.41
2024-12-25,INDU,225.09
2024-12-26,INDU,226.05
2024-12-27,INDU,229.0
2024-12-30,INDU,231.12
2024-12-31,INDU,233.95
2025-01-01,INDU,239.26
2025-01-02,INDU,242.85
2025-01-03,INDU,242.29
2025-01-06,INDU,237.89
2025-01-07,INDU,244.53
2025-01-08,INDU,243.66
2025-01-09,INDU,241.85
2025-01-10,INDU,234.99
2025-01-13,INDU,236.4
2025-01-14,INDU,237.07
2025-01-15,INDU,231.22
2025-01-16,INDU,233.04
2025-01-17,INDU,231.2
2025-01-20,INDU,241.57
2025-01-21,INDU,239.39
2025-01-22,INDU,237.75
2025-01-23,INDU,234.4
2025-01-24,INDU,239.44
2025-01-27,INDU,238.06
2025-01-28,INDU,235.29
2025-01-29,INDU,238.13
2025-01-30,INDU,232.78
2025-01-31,INDU,235.28
2025-02-03,INDU,242.29
2025-02-04,INDU,244.65
2025-02-05,INDU,247.32
2025-02-06,INDU,250.97
2025-02-07,INDU,258.16
2025-02-10,INDU,263.42
2025-02-11,INDU,265.43
2025-02-12,INDU,269.5
2025-02-13,INDU,265.65
2025-02-14,INDU,269.16
2025-02-17,INDU,264.78
2025-02-18,INDU,263.27
2025-02-19,INDU,249.96
2025-02-20,INDU,251.71
2025-02-21,INDU,249.12
2025-02-24,INDU,253.79
2025-02-25,INDU,255.52
2025-02-26,INDU,260.37
2025-02-27,INDU,255.8
2025-02-28,INDU,260.29
2025-03-03,INDU,269.44
2025-03-04,INDU,272.95
2025-03-05,INDU,276.61
2025-03-06,INDU,277.49
2025-03-07,INDU,275.19
2025-03-10,INDU,278.75
2025-03-11,INDU,271.92
2025-03-12,INDU,270.14
2025-03-13,INDU,262.33
2025-03-14,INDU,259.38
2025-03-17,INDU,262.23
2025-03-18,INDU,264.52
2025-03-19,INDU,264.84
2025-03-20,INDU,265.68
2025-03-21,INDU,257.5
2025-03-24,INDU,256.01
2025-03-25,INDU,253.22
2025-03-26,INDU,250.56
2025-03-27,INDU,253.13
2025-03-28,INDU,249.63
2025-03-31,INDU,247.22
2025-04-01,INDU,238.79
2025-04-02,INDU,237.71
2025-04-03,INDU,233.53
2025-04-04,INDU,233.92
2025-04-07,INDU,230.33
2025-04-08,INDU,230.81
2025-04-09,INDU,230.35
2025-04-10,INDU,236.8
2025-04-11,INDU,238.83
2025-04-14,INDU,231.66
2025-04-15,INDU,226.9
2025-04-16,INDU,227.19
2025-04-17,INDU,223.78
2025-04-18,INDU,212.89
2025-04-21,INDU,217.72
2025-04-22,INDU,220.39
2025-04-23,INDU,222.37
2025-04-24,INDU,220.22
2025-04-25,INDU,221.86
2025-04-28,INDU,219.36
2025-04-29,INDU,220.18
2025-04-30,INDU,216.91
2025-05-01,INDU,222.43
2025-05-02,INDU,216.74
2025-05-05,INDU,221.23
2025-05-06,INDU,221.46
2025-05-07,INDU,219.75
2025-05-08,INDU,220.44
2025-05-09,INDU,223.19
2025-05-12,INDU,228.32
2025-05-13,INDU,229.58
2025-05-14,INDU,226.29
2025-05-15,INDU,226.58
2025-05-16,INDU,233.47
2025-05-19,INDU,238.76
2025-05-20,INDU,242.44
2025-05-21,INDU,245.71
2025-05-22,INDU,248.65
2025-05-23,INDU,253.5
2025-05-26,INDU,251.68
2025-05-27,INDU,246.14
2025-05-28,INDU,246.51
2025-05-29,INDU,243.27
2025-05-30,INDU,239.12
2025-06-02,INDU,236.36
2025-06-03,INDU,246.16
2025-06-04,INDU,246.8
2025-06-05,INDU,248.37
2025-06-06,INDU,243.45
2025-06-09,INDU,236.12
2025-06-10,INDU,233.01
2025-06-11,INDU,238.63
2025-06-12,INDU,240.04
2025-06-13,INDU,242.51
2025-06-16,INDU,245.56
2025-06-17,INDU,243.25
2025-06-18,INDU,248.92
2025-06-19,INDU,246.41
2025-06-20,INDU,252.23
2025-06-23,INDU,254.17
2025-06-24,INDU,246.74
2025-06-25,INDU,243.78
2025-06-26,INDU,236.68
2025-06-27,INDU,241.32
2025-06-30,INDU,241.31
2025-07-01,INDU,232.51
2025-07-02,INDU,234.04
2025-07-03,INDU,232.05
2025-07-04,INDU,226.45
2025-07-07,INDU,232.81
2025-07-08,INDU,233.31
2025-07-09,INDU,232.27
2025-07-10,INDU,230.82
2025-07-11,INDU,225.13
2025-07-14,INDU,220.36
2025-07-15,INDU,225.12
2025-07-16,INDU,223.44
2025-07-17,INDU,223.61
2025-07-18,INDU,216.13
2025-07-21,INDU,211.5
2025-07-22,INDU,213.72
2025-07-23,INDU,215.13
2025-07-24,INDU,221.44
2025-07-25,INDU,226.44
2025-07-28,INDU,225.66
2025-07-29,INDU,227.51
2025-07-30,INDU,226.41
2025-07-31,INDU,234.18
2025-08-01,INDU,238.72
2025-08-04,INDU,239.47
2025-08-05,INDU,240.36
2025-08-06,INDU,246.19
2025-08-07,INDU,248.64
2025-08-08,INDU,255.14
2025-08-11,INDU,245.98
2025-08-12,INDU,247.95
2025-08-13,INDU,245.93
2025-08-14,INDU,253.16
2025-08-15,INDU,259.72
2025-08-18,INDU,259.96
2025-08-19,INDU,266.66
2025-08-20,INDU,274.62
2025-08-21,INDU,275.06
2025-08-22,INDU,286.4
2025-08-25,INDU,286.36
2025-08-26,INDU,285.45
2025-08-27,INDU,289.64
2025-08-28,INDU,288.05
2025-08-29,INDU,288.57
2025-09-01,INDU,295.4
2025-09-02,INDU,295.6
2025-09-03,INDU,287.43
2025-09-04,INDU,289.28
2025-09-05,INDU,286.06
2025-09-08,INDU,290.26
2025-09-09,INDU,293.7
2025-09-10,INDU,300.96
2025-09-11,INDU,305.58
2025-09-12,INDU,311.21
2025-09-15,INDU,307.88
2025-09-16,INDU,312.09
2025-09-17,INDU,322.36
2025-09-18,INDU,318.81
2025-09-19,INDU,328.41
2025-09-22,INDU,325.55
2025-09-23,INDU,321.09
2025-09-24,INDU,322.78
2025-09-25,INDU,326.72
2025-09-26,INDU,331.76
2025-09-29,INDU,326.61
2025-09-30,INDU,329.08
2025-10-01,INDU,325.47
2025-10-02,INDU,317.58
2025-10-03,INDU,312.83
2025-10-06,INDU,309.06
2025-10-07,INDU,311.84
2025-10-08,INDU,317.89
2025-10-09,INDU,310.27
2025-10-10,INDU,312.19
2025-10-13,INDU,306.23
2025-10-14,INDU,309.53
2025-10-15,INDU,306.46
2025-10-16,INDU,301.25
2025-10-17,INDU,305.34
2025-10-20,INDU,302.49
2025-10-21,INDU,301.03
2025-10-22,INDU,290.09
2025-10-23,INDU,294.74
2025-10-24,INDU,298.85
2025-10-27,INDU,298.99
2025-10-28,INDU,291.55
2025-10-29,INDU,297.48
2025-10-30,INDU,294.32
2025-10-31,INDU,292.22
2025-11-03,INDU,303.5
2025-11-04,INDU,300.08
2025-11-05,INDU,303.88
2025-11-06,INDU,306.81
2025-11-07,INDU,308.91
2025-11-10,INDU,310.46
2025-11-11,INDU,312.51
2025-11-12,INDU,314.03
2025-11-13,INDU,313.88
2025-11-14,INDU,321.83
2025-11-17,INDU,314.97
2025-11-18,INDU,320.41
2025-11-19,INDU,324.88
2025-11-20,INDU,328.75
2025-11-21,INDU,334.95
2025-11-24,INDU,334.56
2025-11-25,INDU,324.34
2025-11-26,INDU,324.08
2025-11-27,INDU,318.89
2025-11-28,INDU,315.15
2025-12-01,INDU,308.79
2025-12-02,INDU,306.47
2025-12-03,INDU,303.56
2025-12-04,INDU,291.74
2025-12-05,INDU,295.23
2025-12-08,INDU,306.18
2025-12-09,INDU,309.36
2025-12-10,INDU,308.44
2025-12-11,INDU,308.27
2025-12-12,INDU,306.24
2025-12-15,INDU,306.81
2025-12-16,INDU,306.74
2025-12-17,INDU,302.59
2025-12-18,INDU,311.12
2025-12-19,INDU,303.58
2025-12-22,INDU,307.3
2025-12-23,INDU,306.9
2025-12-24,INDU,316.66
2025-12-25,INDU,318.56
2025-12-26,INDU,316.78
2025-12-29,INDU,315.61
2025-12-30,INDU,315.93
2025-12-31,INDU,310.08
2024-01-01,MACH,195.3
2024-01-02,MACH,189.55
2024-01-03,MACH,188.24
2024-01-04,MACH,185.29
2024-01-05,MACH,188.41
2024-01-08,MACH,188.68
2024-01-09,MACH,185.77
2024-01-10,MACH,185.11
2024-01-11,MACH,180.42
2024-01-12,MACH,179.03
2024-01-15,MACH,181.68
2024-01-16,MACH,175.76
2024-01-17,MACH,175.57
2024-01-18,MACH,172.38
2024-01-19,MACH,166.77
2024-01-22,MACH,174.53
2024-01-23,MACH,180.01
2024-01-24,MACH,177.42
2024-01-25,MACH,176.22
2024-01-26,MACH,167.47
2024-01-29,MACH,160.94
2024-01-30,MACH,156.51
2024-01-31,MACH,156.45
2024-02-01,MACH,156.06
2024-02-02,MACH,157.41
2024-02-05,MACH,160.11
2024-02-06,MACH,161.28
2024-02-07,MACH,157.03
2024-02-08,MACH,158.35
2024-02-09,MACH,160.9
2024-02-12,MACH,159.26
2024-02-13,MACH,152.05
2024-02-14,MACH,156.56
2024-02-15,MACH,156.97
2024-02-16,MACH,146.26
2024-02-19,MACH,153.81
2024-02-20,MACH,152.05
2024-02-21,MACH,161.29
2024-02-22,MACH,162.86
2024-02-23,MACH,162.1
2024-02-26,MACH,162.9
2024-02-27,MACH,160.11
2024-02-28,MACH,160.42
2024-02-29,MACH,168.46
2024-03-01,MACH,164.78
2024-03-04,MACH,167.02
2024-03-05,MACH,164.11
2024-03-06,MACH,163.49
2024-03-07,MACH,171.55
2024-03-08,MACH,173.86
2024-03-11,MACH,177.13
2024-03-12,MACH,177.51
2024-03-13,MACH,189.42
2024-03-14,MACH,185.04
2024-03-15,MACH,177.89
2024-03-18,MACH,185.38
2024-03-19,MACH,183.7
2024-03-20,MACH,185.64
2024-03-21,MACH,193.59
2024-03-22,MACH,195.7
2024-03-25,MACH,206.58
2024-03-26,MACH,207.35
2024-03-27,MACH,203.8
2024-03-28,MACH,192.02
2024-03-29,MACH,193.52
2024-04-01,MACH,182.89
2024-04-02,MACH,184.43
2024-04-03,MACH,191.17
2024-04-04,MACH,191.16
2024-04-05,MACH,192.14
2024-04-08,MACH,196.57
2024-04-09,MACH,199.9
2024-04-10,MACH,205.72
2024-04-11,MACH,205.7
2024-04-12,MACH,194.33
2024-04-15,MACH,200.06
2024-04-16,MACH,198.95
2024-04-17,MACH,194.71
2024-04-18,MACH,196.4
2024-04-19,MACH,197.39
2024-04-22,MACH,193.81
2024-04-23,MACH,187.72
2024-04-24,MACH,189.97
2024-04-25,MACH,186.05
2024-04-26,MACH,186.65
2024-04-29,MACH,188.45
2024-04-30,MACH,193.04
2024-05-01,MACH,203.23
2024-05-02,MACH,204.51
2024-05-03,MACH,202.44
2024-05-06,MACH,210.82
2024-05-07,MACH,216.37
2024-05-08,MACH,217.36
2024-05-09,MACH,218.72
2024-05-10,MACH,218.95
2024-05-13,MACH,219.91
2024-05-14,MACH,219.45
2024-05-15,MACH,214.24
2024-05-16,MACH,214.37
2024-05-17,MACH,223.78
2024-05-20,MACH,219.35
2024-05-21,MACH,217.96
2024-05-22,MACH,213.24
2024-05-23,MACH,219.43
2024-05-24,MACH,224.02
2024-05-27,MACH,217.03
2024-05-28,MACH,206.27
2024-05-29,MACH,210.77
2024-05-30,MACH,203.87
2024-05-31,MACH,208.13
2024-06-03,MACH,204.93
2024-06-04,MACH,208.53
2024-06-05,MACH,210.91
2024-06-06,MACH,208.19
2024-06-07,MACH,203.75
2024-06-10,MACH,206.73
2024-06-11,MACH,203.27
2024-06-12,MACH,208.93
2024-06-13,MACH,204.71
2024-06-14,MACH,206.56
2024-06-17,MACH,204.65
2024-06-18,MACH,204.76
2024-06-19,MACH,201.29
2024-06-20,MACH,200.49
2024-06-21,MACH,187.86
2024-06-24,MACH,184.16
2024-06-25,MACH,181.55
2024-06-26,MACH,181.3
2024-06-27,MACH,187.17
2024-06-28,MACH,184.02
2024-07-01,MACH,190.53
2024-07-02,MACH,186.54
2024-07-03,MACH,181.5
2024-07-04,MACH,173.11
2024-07-05,MACH,175.78
2024-07-08,MACH,176.23
2024-07-09,MACH,178.68
2024-07-10,MACH,179.33
2024-07-11,MACH,179.36
2024-07-12,MACH,180.7
2024-07-15,MACH,190.39
2024-07-16,MACH,188.23
2024-07-17,MACH,197.87
2024-07-18,MACH,202.13
2024-07-19,MACH,204.03
2024-07-22,MACH,206.91
2024-07-23,MACH,190.64
2024-07-24,MACH,189.48
2024-07-25,MACH,186.41
2024-07-26,MACH,196.23
2024-07-29,MACH,194.65
2024-07-30,MACH,194.58
2024-07-31,MACH,194.44
2024-08-01,MACH,188.23
2024-08-02,MACH,185.69
2024-08-05,MACH,189.52
2024-08-06,MACH,179.6
2024-08-07,MACH,181.06
2024-08-08,MACH,177.09
2024-08-09,MACH,182.85
2024-08-12,MACH,184.71
2024-08-13,MACH,177.84
2024-08-14,MACH,176.08
2024-08-15,MACH,178.13
2024-08-16,MACH,176.86
2024-08-19,MACH,177.56
2024-08-20,MACH,177.55
2024-08-21,MACH,181.43
2024-08-22,MACH,183.47
2024-08-23,MACH,183.33
2024-08-26,MACH,183.48
2024-08-27,MACH,178.64
2024-08-28,MACH,185.19
2024-08-29,MACH,198.84
2024-08-30,MACH,197.29
2024-09-02,MACH,197.6
2024-09-03,MACH,202.64
2024-09-04,MACH,207.78
2024-09-05,MACH,208.78
2024-09-06,MACH,203.82
2024-09-09,MACH,213.07
2024-09-10,MACH,216.74
2024-09-11,MACH,218.01
2024-09-12,MACH,214.2
2024-09-13,MACH,214.59
2024-09-16,MACH,205.05
2024-09-17,MACH,208.89
2024-09-18,MACH,214.06
2024-09-19,MACH,215.36
2024-09-20,MACH,210.33
2024-09-23,MACH,212.76
2024-09-24,MACH,216.99
2024-09-25,MACH,213.09
2024-09-26,MACH,218.1
2024-09-27,MACH,221.01
2024-09-30,MACH,219.6
2024-10-01,MACH,216.66
2024-10-02,MACH,215.79
2024-10-03,MACH,210.69
2024-10-04,MACH,212.13
2024-10-07,MACH,215.14
2024-10-08,MACH,221.45
2024-10-09,MACH,223.17
2024-10-10,MACH,225.41
2024-10-11,MACH,224.01
2024-10-14,MACH,219.25
2024-10-15,MACH,217.01
2024-10-16,MACH,224.76
2024-10-17,MACH,228.38
2024-10-18,MACH,230.77
2024-10-21,MACH,220.5
2024-10-22,MACH,222.29
2024-10-23,MACH,215.07
2024-10-24,MACH,208.46
2024-10-25,MACH,202.63
2024-10-28,MACH,198.83
2024-10-29,MACH,203.01
2024-10-30,MACH,204.23
2024-10-31,MACH,199.55
2024-11-01,MACH,196.76
2024-11-04,MACH,199.26
2024-11-05,MACH,202.78
2024-11-06,MACH,203.53
2024-11-07,MACH,197.84
2024-11-08,MACH,195.9
2024-11-11,MACH,207.51
2024-11-12,MACH,201.38
2024-11-13,MACH,203.32
2024-11-14,MACH,214.07
2024-11-15,MACH,212.71
2024-11-18,MACH,222.44
2024-11-19,MACH,218.75
2024-11-20,MACH,208.15
2024-11-21,MACH,205.25
2024-11-22,MACH,201.48
2024-11-25,MACH,193.24
2024-11-26,MACH,191.32
2024-11-27,MACH,196.08
2024-11-28,MACH,193.28
2024-11-29,MACH,191.56
2024-12-02,MACH,198.13
2024-12-03,MACH,194.54
2024-12-04,MACH,197.59
2024-12-05,MACH,189.33
2024-12-06,MACH,184.88
2024-12-09,MACH,183.97
2024-12-10,MACH,189.55
2024-12-11,MACH,185.35
2024-12-12,MACH,181.18
2024-12-13,MACH,182.47
2024-12-16,MACH,184.5
2024-12-17,MACH,179.85
2024-12-18,MACH,177.6
2024-12-19,MACH,182.44
2024-12-20,MACH,177.19
2024-12-23,MACH,178.75
2024-12-24,MACH,176.54
2024-12-25,MACH,182.73
2024-12-26,MACH,185.43
2024-12-27,MACH,189.54
2024-12-30,MACH,187.09
2024-12-31,MACH,190.98
2025-01-01,MACH,194.83
2025-01-02,MACH,197.41
2025-01-03,MACH,196.11
2025-01-06,MACH,196.98
2025-01-07,MACH,188.03
2025-01-08,MACH,196.28
2025-01-09,MACH,193.43
2025-01-10,MACH,191.9
2025-01-13,MACH,185.72
2025-01-14,MACH,188.89
2025-01-15,MACH,191.44
2025-01-16,MACH,190.11
2025-01-17,MACH,179.21
2025-01-20,MACH,176.13
2025-01-21,MACH,178.2
2025-01-22,MACH,179.38
2025-01-23,MACH,179.24
2025-01-24,MACH,177.44
2025-01-27,MACH,170.58
2025-01-28,MACH,174.71
2025-01-29,MACH,168.56
2025-01-30,MACH,167.77
2025-01-31,MACH,163.54
2025-02-03,MACH,167.63
2025-02-04,MACH,170.11
2025-02-05,MACH,168.67
2025-02-06,MACH,171.62
2025-02-07,MACH,165.36
2025-02-10,MACH,165.1
2025-02-11,MACH,160.86
2025-02-12,MACH,165.0
2025-02-13,MACH,166.59
2025-02-14,MACH,169.34
2025-02-17,MACH,167.09
2025-02-18,MACH,170.23
2025-02-19,MACH,165.59
2025-02-20,MACH,161.67
2025-02-21,MACH,161.04
2025-02-24,MACH,157.38
2025-02-25,MACH,160.2
2025-02-26,MACH,158.39
2025-02-27,MACH,154.22
2025-02-28,MACH,149.66
2025-03-03,MACH,152.3
2025-03-04,MACH,142.78
2025-03-05,MACH,139.26
2025-03-06,MACH,144.15
2025-03-07,MACH,142.98
2025-03-10,MACH,145.57
2025-03-11,MACH,147.17
2025-03-12,MACH,146.53
2025-03-13,MACH,140.58
2025-03-14,MACH,136.02
2025-03-17,MACH,131.56
2025-03-18,MACH,133.18
2025-03-19,MACH,135.44
2025-03-20,MACH,132.55
2025-03-21,MACH,132.34
2025-03-24,MACH,132.42
2025-03-25,MACH,132.73
2025-03-26,MACH,130.28
2025-03-27,MACH,135.61
2025-03-28,MACH,137.94
2025-03-31,MACH,138.24
2025-04-01,MACH,136.52
2025-04-02,MACH,133.76
2025-04-03,MACH,135.13
2025-04-04,MACH,133.6
2025-04-07,MACH,134.1
2025-04-08,MACH,127.85
2025-04-09,MACH,126.22
2025-04-10,MACH,125.93
2025-04-11,MACH,129.0
2025-04-14,MACH,126.11
2025-04-15,MACH,121.52
2025-04-16,MACH,122.91
2025-04-17,MACH,122.76
2025-04-18,MACH,117.58
2025-04-21,MACH,112.76
2025-04-22,MACH,111.0
2025-04-23,MACH,110.82
2025-04-24,MACH,114.67
2025-04-25,MACH,111.65
2025-04-28,MACH,113.18
2025-04-29,MACH,107.73
2025-04-30,MACH,108.74
2025-05-01,MACH,112.83
2025-05-02,MACH,113.27
2025-05-05,MACH,111.45
2025-05-06,MACH,114.89
2025-05-07,MACH,115.93
2025-05-08,MACH,116.41
2025-05-09,MACH,113.53
2025-05-12,MACH,114.59
2025-05-13,MACH,112.7
2025-05-14,MACH,113.61
2025-05-15,MACH,113.79
2025-05-16,MACH,116.89
2025-05-19,MACH,115.27
2025-05-20,MACH,114.89
2025-05-21,MACH,117.21
2025-05-22,MACH,116.57
2025-05-23,MACH,116.55
2025-05-26,MACH,115.42
2025-05-27,MACH,115.0
2025-05-28,MACH,116.96
2025-05-29,MACH,122.32
2025-05-30,MACH,117.29
2025-06-02,MACH,113.66
2025-06-03,MACH,113.31
2025-06-04,MACH,113.49
2025-06-05,MACH,112.93
2025-06-06,MACH,111.43
2025-06-09,MACH,108.07
2025-06-10,MACH,106.48
2025-06-11,MACH,108.68
2025-06-12,MACH,108.97
2025-06-13,MACH,110.84
2025-06-16,MACH,107.58
2025-06-17,MACH,111.47
2025-06-18,MACH,109.96
2025-06-19,MACH,111.3
2025-06-20,MACH,111.0
2025-06-23,MACH,109.56
2025-06-24,MACH,110.77
2025-06-25,MACH,112.46
2025-06-26,MACH,119.99
2025-06-27,MACH,121.93
2025-06-30,MACH,123.86
2025-07-01,MACH,127.42
2025-07-02,MACH,129.15
2025-07-03,MACH,129.07
2025-07-04,MACH,130.17
2025-07-07,MACH,132.97
2025-07-08,MACH,137.6
2025-07-09,MACH,132.51
2025-07-10,MACH,126.37
2025-07-11,MACH,130.63
2025-07-14,MACH,128.11
2025-07-15,MACH,122.9
2025-07-16,MACH,117.62
2025-07-17,MACH,122.91
2025-07-18,MACH,125.63
2025-07-21,MACH,123.21
2025-07-22,MACH,120.96
2025-07-23,MACH,121.17
2025-07-24,MACH,123.8
2025-07-25,MACH,122.95
2025-07-28,MACH,120.6
2025-07-29,MACH,124.04
2025-07-30,MACH,124.01
2025-07-31,MACH,123.47
2025-08-01,MACH,125.33
2025-08-04,MACH,118.75
2025-08-05,MACH,120.19
2025-08-06,MACH,121.46
2025-08-07,MACH,117.37
2025-08-08,MACH,111.78
2025-08-11,MACH,110.26
2025-08-12,MACH,110.8
2025-08-13,MACH,111.63
2025-08-14,MACH,116.38
2025-08-15,MACH,116.95
2025-08-18,MACH,112.95
2025-08-19,MACH,112.3
2025-08-20,MACH,108.73
2025-08-21,MACH,108.29
2025-08-22,MACH,112.11
2025-08-25,MACH,113.43
2025-08-26,MACH,111.45
2025-08-27,MACH,113.13
2025-08-28,MACH,111.0
2025-08-29,MACH,103.45
2025-09-01,MACH,100.34
2025-09-02,MACH,101.52
2025-09-03,MACH,103.5
2025-09-04,MACH,107.93
2025-09-05,MACH,108.89
2025-09-08,MACH,112.56
2025-09-09,MACH,114.36
2025-09-10,MACH,117.06
2025-09-11,MACH,120.29
2025-09-12,MACH,121.79
2025-09-15,MACH,125.08
2025-09-16,MACH,122.96
2025-09-17,MACH,115.63
2025-09-18,MACH,117.54
2025-09-19,MACH,118.67
2025-09-22,MACH,116.15
2025-09-23,MACH,112.57
2025-09-24,MACH,112.98
2025-09-25,MACH,115.03
2025-09-26,MACH,116.55
2025-09-29,MACH,113.66
2025-09-30,MACH,111.47
2025-10-01,MACH,113.36
2025-10-02,MACH,113.61
2025-10-03,MACH,116.63
2025-10-06,MACH,115.74
2025-10-07,MACH,117.91
2025-10-08,MACH,117.84
2025-10-09,MACH,115.78
2025-10-10,MACH,118.48
2025-10-13,MACH,115.62
2025-10-14,MACH,115.88
2025-10-15,MACH,116.43
2025-10-16,MACH,116.13
2025-10-17,MACH,119.03
2025-10-20,MACH,120.76
2025-10-21,MACH,122.16
2025-10-22,MACH,122.42
2025-10-23,MACH,128.09
2025-10-24,MACH,132.78
2025-10-27,MACH,135.85
2025-10-28,MACH,138.44
2025-10-29,MACH,136.43
2025-10-30,MACH,136.32
2025-10-31,MACH,138.52
2025-11-03,MACH,142.18
2025-11-04,MACH,145.37
2025-11-05,MACH,147.52
2025-11-06,MACH,154.88
2025-11-07,MACH,154.42
2025-11-10,MACH,158.35
2025-11-11,MACH,161.91
2025-11-12,MACH,163.75
2025-11-13,MACH,165.76
2025-11-14,MACH,167.71
2025-11-17,MACH,164.84
2025-11-18,MACH,166.54
2025-11-19,MACH,169.69
2025-11-20,MACH,171.11
2025-11-21,MACH,163.38
2025-11-24,MACH,157.03
2025-11-25,MACH,153.92
2025-11-26,MACH,153.55
2025-11-27,MACH,150.71
2025-11-28,MACH,153.18
2025-12-01,MACH,157.75
2025-12-02,MACH,163.02
2025-12-03,MACH,164.44
2025-12-04,MACH,168.92
2025-12-05,MACH,166.64
2025-12-08,MACH,166.08
2025-12-09,MACH,161.35
2025-12-10,MACH,166.23
2025-12-11,MACH,174.38
2025-12-12,MACH,172.94
2025-12-15,MACH,163.73
2025-12-16,MACH,159.92
2025-12-17,MACH,157.42
2025-12-18,MACH,152.31
2025-12-19,MACH,148.49
2025-12-22,MACH,149.3
2025-12-23,MACH,151.8
2025-12-24,MACH,144.11
2025-12-25,MACH,142.27
2025-12-26,MACH,142.46
2025-12-29,MACH,138.75
2025-12-30,MACH,139.62
2025-12-31,MACH,139.27
2024-01-01,LOGI,328.12
2024-01-02,LOGI,322.59
2024-01-03,LOGI,321.32
2024-01-04,LOGI,317.29
2024-01-05,LOGI,317.41
2024-01-08,LOGI,317.59
2024-01-09,LOGI,314.75
2024-01-10,LOGI,313.09
2024-01-11,LOGI,312.08
2024-01-12,LOGI,315.86
2024-01-15,LOGI,315.22
2024-01-16,LOGI,319.1
2024-01-17,LOGI,321.9
2024-01-18,LOGI,324.67
2024-01-19,LOGI,331.35
2024-01-22,LOGI,325.96
2024-01-23,LOGI,323.75
2024-01-24,LOGI,332.2
2024-01-25,LOGI,331.0
2024-01-26,LOGI,317.36
2024-01-29,LOGI,316.47
2024-01-30,LOGI,317.15
2024-01-31,LOGI,305.01
2024-02-01,LOGI,311.04
2024-02-02,LOGI,307.84
2024-02-05,LOGI,309.38
2024-02-06,LOGI,308.41
2024-02-07,LOGI,302.62
2024-02-08,LOGI,297.91
2024-02-09,LOGI,293.87
2024-02-12,LOGI,298.61
2024-02-13,LOGI,298.02
2024-02-14,LOGI,295.78
2024-02-15,LOGI,291.77
2024-02-16,LOGI,296.96
2024-02-19,LOGI,303.4
2024-02-20,LOGI,308.74
2024-02-21,LOGI,311.03
2024-02-22,LOGI,312.41
2024-02-23,LOGI,306.88
2024-02-26,LOGI,305.83
2024-02-27,LOGI,302.81
2024-02-28,LOGI,294.73
2024-02-29,LOGI,299.37
2024-03-01,LOGI,296.36
2024-03-04,LOGI,301.62
2024-03-05,LOGI,305.58
2024-03-06,LOGI,308.14
2024-03-07,LOGI,310.97
2024-03-08,LOGI,308.21
2024-03-11,LOGI,316.69
2024-03-12,LOGI,316.94
2024-03-13,LOGI,318.41
2024-03-14,LOGI,315.42
2024-03-15,LOGI,311.16
2024-03-18,LOGI,313.4
2024-03-19,LOGI,314.46
2024-03-20,LOGI,310.87
2024-03-21,LOGI,304.35
2024-03-22,LOGI,298.72
2024-03-25,LOGI,304.03
2024-03-26,LOGI,301.34
2024-03-27,LOGI,299.89
2024-03-28,LOGI,306.34
2024-03-29,LOGI,301.34
2024-04-01,LOGI,298.18
2024-04-02,LOGI,294.86
2024-04-03,LOGI,301.93
2024-04-04,LOGI,310.83
2024-04-05,LOGI,314.32
2024-04-08,LOGI,317.99
2024-04-09,LOGI,315.34
2024-04-10,LOGI,324.42
2024-04-11,LOGI,325.75
2024-04-12,LOGI,329.9
2024-04-15,LOGI,329.44
2024-04-16,LOGI,328.2
2024-04-17,LOGI,336.29
2024-04-18,LOGI,339.01
2024-04-19,LOGI,346.31
2024-04-22,LOGI,347.67
2024-04-23,LOGI,343.39
2024-04-24,LOGI,340.51
2024-04-25,LOGI,341.09
2024-04-26,LOGI,338.01
2024-04-29,LOGI,332.56
2024-04-30,LOGI,338.5
2024-05-01,LOGI,335.85
2024-05-02,LOGI,336.59
2024-05-03,LOGI,338.11
2024-05-06,LOGI,335.25
2024-05-07,LOGI,342.46
2024-05-08,LOGI,336.9
2024-05-09,LOGI,338.25
2024-05-10,LOGI,339.54
2024-05-13,LOGI,339.33
2024-05-14,LOGI,332.92
2024-05-15,LOGI,337.24
2024-05-16,LOGI,340.99
2024-05-17,LOGI,337.66
2024-05-20,LOGI,341.23
2024-05-21,LOGI,343.17
2024-05-22,LOGI,336.77
2024-05-23,LOGI,332.61
2024-05-24,LOGI,338.23
2024-05-27,LOGI,339.83
2024-05-28,LOGI,337.07
2024-05-29,LOGI,332.88
2024-05-30,LOGI,330.42
2024-05-31,LOGI,328.32
2024-06-03,LOGI,324.29
2024-06-04,LOGI,316.05
2024-06-05,LOGI,321.4
2024-06-06,LOGI,326.04
2024-06-07,LOGI,320.0
2024-06-10,LOGI,320.7
2024-06-11,LOGI,316.5
2024-06-12,LOGI,315.34
2024-06-13,LOGI,313.8
2024-06-14,LOGI,311.88
2024-06-17,LOGI,321.12
2024-06-18,LOGI,319.1
2024-06-19,LOGI,315.36
2024-06-20,LOGI,311.88
2024-06-21,LOGI,316.72
2024-06-24,LOGI,309.09
2024-06-25,LOGI,305.68
2024-06-26,LOGI,312.23
2024-06-27,LOGI,313.41
2024-06-28,LOGI,314.35
2024-07-01,LOGI,324.26
2024-07-02,LOGI,325.49
2024-07-03,LOGI,322.16
2024-07-04,LOGI,320.88
2024-07-05,LOGI,315.58
2024-07-08,LOGI,321.47
2024-07-09,LOGI,324.24
2024-07-10,LOGI,329.66
2024-07-11,LOGI,335.59
2024-07-12,LOGI,333.61
2024-07-15,LOGI,329.04
2024-07-16,LOGI,328.84
2024-07-17,LOGI,324.68
2024-07-18,LOGI,325.53
2024-07-19,LOGI,331.0
2024-07-22,LOGI,330.24
2024-07-23,LOGI,331.03
2024-07-24,LOGI,330.63
2024-07-25,LOGI,334.59
2024-07-26,LOGI,331.37
2024-07-29,LOGI,320.73
2024-07-30,LOGI,323.01
2024-07-31,LOGI,327.75
2024-08-01,LOGI,329.96
2024-08-02,LOGI,326.92
2024-08-05,LOGI,321.52
2024-08-06,LOGI,323.92
2024-08-07,LOGI,324.65
2024-08-08,LOGI,324.1
2024-08-09,LOGI,332.85
2024-08-12,LOGI,328.27
2024-08-13,LOGI,336.9
2024-08-14,LOGI,337.11
2024-08-15,LOGI,328.08
2024-08-16,LOGI,327.27
2024-08-19,LOGI,331.95
2024-08-20,LOGI,330.22
2024-08-21,LOGI,323.12
2024-08-22,LOGI,322.4
2024-08-23,LOGI,318.4
2024-08-26,LOGI,320.75
2024-08-27,LOGI,324.46
2024-08-28,LOGI,319.48
2024-08-29,LOGI,316.22
2024-08-30,LOGI,319.79
2024-09-02,LOGI,315.81
2024-09-03,LOGI,310.85
2024-09-04,LOGI,305.52
2024-09-05,LOGI,307.15
2024-09-06,LOGI,308.6
2024-09-09,LOGI,305.55
2024-09-10,LOGI,305.63
2024-09-11,LOGI,312.55
2024-09-12,LOGI,308.13
2024-09-13,LOGI,299.34
2024-09-16,LOGI,301.4
2024-09-17,LOGI,300.96
2024-09-18,LOGI,297.87
2024-09-19,LOGI,300.78
2024-09-20,LOGI,304.55
2024-09-23,LOGI,294.71
2024-09-24,LOGI,291.94
2024-09-25,LOGI,301.94
2024-09-26,LOGI,304.58
2024-09-27,LOGI,307.66
2024-09-30,LOGI,313.02
2024-10-01,LOGI,313.16
2024-10-02,LOGI,316.88
2024-10-03,LOGI,320.28
2024-10-04,LOGI,322.88
2024-10-07,LOGI,321.4
2024-10-08,LOGI,322.28
2024-10-09,LOGI,319.55
2024-10-10,LOGI,319.66
2024-10-11,LOGI,314.23
2024-10-14,LOGI,310.63
2024-10-15,LOGI,309.4
2024-10-16,LOGI,305.16
2024-10-17,LOGI,302.95
2024-10-18,LOGI,302.28
2024-10-21,LOGI,304.12
2024-10-22,LOGI,308.41
2024-10-23,LOGI,306.37
2024-10-24,LOGI,312.43
2024-10-25,LOGI,316.8
2024-10-28,LOGI,319.2
2024-10-29,LOGI,319.98
2024-10-30,LOGI,321.54
2024-10-31,LOGI,327.21
2024-11-01,LOGI,333.15
2024-11-04,LOGI,339.75
2024-11-05,LOGI,340.02
2024-11-06,LOGI,342.85
2024-11-07,LOGI,349.68
2024-11-08,LOGI,346.54
2024-11-11,LOGI,344.98
2024-11-12,LOGI,345.12
2024-11-13,LOGI,349.75
2024-11-14,LOGI,354.51
2024-11-15,LOGI,353.37
2024-11-18,LOGI,345.6
2024-11-19,LOGI,346.91
2024-11-20,LOGI,342.29
2024-11-21,LOGI,334.86
2024-11-22,LOGI,328.7
2024-11-25,LOGI,330.33
2024-11-26,LOGI,337.0
2024-11-27,LOGI,337.25
2024-11-28,LOGI,338.36
2024-11-29,LOGI,344.3
2024-12-02,LOGI,336.55
2024-12-03,LOGI,339.18
2024-12-04,LOGI,339.18
2024-12-05,LOGI,342.07
2024-12-06,LOGI,339.7
2024-12-09,LOGI,335.67
2024-12-10,LOGI,336.43
2024-12-11,LOGI,344.64
2024-12-12,LOGI,349.06
2024-12-13,LOGI,346.52
2024-12-16,LOGI,339.75
2024-12-17,LOGI,331.41
2024-12-18,LOGI,337.88
2024-12-19,LOGI,333.2
2024-12-20,LOGI,331.67
2024-12-23,LOGI,338.17
2024-12-24,LOGI,330.2
2024-12-25,LOGI,337.51
2024-12-26,LOGI,336.31
2024-12-27,LOGI,330.69
2024-12-30,LOGI,329.55
2024-12-31,LOGI,326.1
2025-01-01,LOGI,328.28
2025-01-02,LOGI,325.21
2025-01-03,LOGI,316.13
2025-01-06,LOGI,315.16
2025-01-07,LOGI,308.93
2025-01-08,LOGI,309.91
2025-01-09,LOGI,304.56
2025-01-10,LOGI,302.43
2025-01-13,LOGI,303.29
2025-01-14,LOGI,302.4
2025-01-15,LOGI,303.57
2025-01-16,LOGI,306.66
2025-01-17,LOGI,301.49
2025-01-20,LOGI,301.26
2025-01-21,LOGI,286.57
2025-01-22,LOGI,287.66
2025-01-23,LOGI,286.44
2025-01-24,LOGI,282.35
2025-01-27,LOGI,283.71
2025-01-28,LOGI,288.65
2025-01-29,LOGI,286.69
2025-01-30,LOGI,282.76
2025-01-31,LOGI,283.49
2025-02-03,LOGI,277.98
2025-02-04,LOGI,275.33
2025-02-05,LOGI,280.32
2025-02-06,LOGI,280.63
2025-02-07,LOGI,272.93
2025-02-10,LOGI,265.77
2025-02-11,LOGI,266.45
2025-02-12,LOGI,269.87
2025-02-13,LOGI,263.5
2025-02-14,LOGI,265.29
2025-02-17,LOGI,270.53
2025-02-18,LOGI,278.08
2025-02-19,LOGI,279.49
2025-02-20,LOGI,281.62
2025-02-21,LOGI,272.84
2025-02-24,LOGI,281.31
2025-02-25,LOGI,278.98
2025-02-26,LOGI,275.2
2025-02-27,LOGI,274.22
2025-02-28,LOGI,280.36
2025-03-03,LOGI,289.51
2025-03-04,LOGI,290.09
2025-03-05,LOGI,294.4
2025-03-06,LOGI,294.64
2025-03-07,LOGI,290.2
2025-03-10,LOGI,296.55
2025-03-11,LOGI,293.89
2025-03-12,LOGI,300.58
2025-03-13,LOGI,306.37
2025-03-14,LOGI,309.19
2025-03-17,LOGI,317.56
2025-03-18,LOGI,328.03
2025-03-19,LOGI,327.25
2025-03-20,LOGI,323.41
2025-03-21,LOGI,314.61
2025-03-24,LOGI,325.05
2025-03-25,LOGI,323.0
2025-03-26,LOGI,328.45
2025-03-27,LOGI,324.93
2025-03-28,LOGI,332.34
2025-03-31,LOGI,328.97
2025-04-01,LOGI,323.27
2025-04-02,LOGI,322.34
2025-04-03,LOGI,319.87
2025-04-04,LOGI,322.74
2025-04-07,LOGI,322.55
2025-04-08,LOGI,325.58
2025-04-09,LOGI,324.25
2025-04-10,LOGI,321.14
2025-04-11,LOGI,318.44
2025-04-14,LOGI,328.07
2025-04-15,LOGI,329.21
2025-04-16,LOGI,319.67
2025-04-17,LOGI,317.28
2025-04-18,LOGI,317.79
2025-04-21,LOGI,326.47
2025-04-22,LOGI,331.46
2025-04-23,LOGI,327.03
2025-04-24,LOGI,338.72
2025-04-25,LOGI,338.62
2025-04-28,LOGI,344.89
2025-04-29,LOGI,339.09
2025-04-30,LOGI,327.2
2025-05-01,LOGI,320.48
2025-05-02,LOGI,305.23
2025-05-05,LOGI,314.76
2025-05-06,LOGI,315.81
2025-05-07,LOGI,311.57
2025-05-08,LOGI,313.7
2025-05-09,LOGI,314.63
2025-05-12,LOGI,317.56
2025-05-13,LOGI,323.26
2025-05-14,LOGI,321.94
2025-05-15,LOGI,317.83
2025-05-16,LOGI,321.76
2025-05-19,LOGI,325.61
2025-05-20,LOGI,326.15
2025-05-21,LOGI,336.65
2025-05-22,LOGI,334.54
2025-05-23,LOGI,330.17
2025-05-26,LOGI,332.26
2025-05-27,LOGI,329.02
2025-05-28,LOGI,331.48
2025-05-29,LOGI,327.48
2025-05-30,LOGI,325.61
2025-06-02,LOGI,334.72
2025-06-03,LOGI,332.78
2025-06-04,LOGI,328.94
2025-06-05,LOGI,334.66
2025-06-06,LOGI,329.54
2025-06-09,LOGI,326.25
2025-06-10,LOGI,329.07
2025-06-11,LOGI,333.67
2025-06-12,LOGI,339.71
2025-06-13,LOGI,336.04
2025-06-16,LOGI,339.05
2025-06-17,LOGI,336.78
2025-06-18,LOGI,333.85
2025-06-19,LOGI,339.81
2025-06-20,LOGI,337.13
2025-06-23,LOGI,338.56
2025-06-24,LOGI,339.4
2025-06-25,LOGI,334.12
2025-06-26,LOGI,338.92
2025-06-27,LOGI,341.77
2025-06-30,LOGI,331.86
2025-07-01,LOGI,333.27
2025-07-02,LOGI,329.54
2025-07-03,LOGI,334.91
2025-07-04,LOGI,327.86
2025-07-07,LOGI,326.2
2025-07-08,LOGI,327.99
2025-07-09,LOGI,328.31
2025-07-10,LOGI,332.05
2025-07-11,LOGI,324.7
2025-07-14,LOGI,332.64
2025-07-15,LOGI,335.27
2025-07-16,LOGI,342.03
2025-07-17,LOGI,346.49
2025-07-18,LOGI,346.49
2025-07-21,LOGI,340.01
2025-07-22,LOGI,337.26
2025-07-23,LOGI,345.2
2025-07-24,LOGI,352.29
2025-07-25,LOGI,349.14
2025-07-28,LOGI,334.74
2025-07-29,LOGI,333.75
2025-07-30,LOGI,332.4
2025-07-31,LOGI,331.24
2025-08-01,LOGI,333.87
2025-08-04,LOGI,338.23
2025-08-05,LOGI,343.22
2025-08-06,LOGI,345.53
2025-08-07,LOGI,336.44
2025-08-08,LOGI,334.81
2025-08-11,LOGI,346.21
2025-08-12,LOGI,348.18
2025-08-13,LOGI,350.12
2025-08-14,LOGI,352.04
2025-08-15,LOGI,354.25
2025-08-18,LOGI,341.9
2025-08-19,LOGI,340.76
2025-08-20,LOGI,340.63
2025-08-21,LOGI,347.11
2025-08-22,LOGI,347.41
2025-08-25,LOGI,339.07
2025-08-26,LOGI,341.27
2025-08-27,LOGI,337.3
2025-08-28,LOGI,331.33
2025-08-29,LOGI,327.32
2025-09-01,LOGI,329.99
2025-09-02,LOGI,336.16
2025-09-03,LOGI,338.6
2025-09-04,LOGI,341.81
2025-09-05,LOGI,344.25
2025-09-08,LOGI,344.82
2025-09-09,LOGI,348.41
2025-09-10,LOGI,336.09
2025-09-11,LOGI,336.7
2025-09-12,LOGI,331.59
2025-09-15,LOGI,337.31
2025-09-16,LOGI,336.64
2025-09-17,LOGI,336.86
2025-09-18,LOGI,329.46
2025-09-19,LOGI,334.45
2025-09-22,LOGI,337.59
2025-09-23,LOGI,340.41
2025-09-24,LOGI,336.41
2025-09-25,LOGI,332.64
2025-09-26,LOGI,333.79
2025-09-29,LOGI,330.45
2025-09-30,LOGI,332.62
2025-10-01,LOGI,322.11
2025-10-02,LOGI,319.86
2025-10-03,LOGI,328.36
2025-10-06,LOGI,330.54
2025-10-07,LOGI,331.41
2025-10-08,LOGI,341.14
2025-10-09,LOGI,329.49
2025-10-10,LOGI,325.6
2025-10-13,LOGI,323.74
2025-10-14,LOGI,327.88
2025-10-15,LOGI,332.16
2025-10-16,LOGI,327.99
2025-10-17,LOGI,332.86
2025-10-20,LOGI,330.95
2025-10-21,LOGI,336.9
2025-10-22,LOGI,331.85
2025-10-23,LOGI,331.3
2025-10-24,LOGI,328.98
2025-10-27,LOGI,334.14
2025-10-28,LOGI,331.63
2025-10-29,LOGI,331.49
2025-10-30,LOGI,334.01
2025-10-31,LOGI,336.75
2025-11-03,LOGI,341.2
2025-11-04,LOGI,342.32
2025-11-05,LOGI,340.28
2025-11-06,LOGI,338.59
2025-11-07,LOGI,338.78
2025-11-10,LOGI,340.08
2025-11-11,LOGI,339.41
2025-11-12,LOGI,339.56
2025-11-13,LOGI,332.05
2025-11-14,LOGI,335.37
2025-11-17,LOGI,336.32
2025-11-18,LOGI,341.33
2025-11-19,LOGI,341.39
2025-11-20,LOGI,332.73
2025-11-21,LOGI,331.04
2025-11-24,LOGI,330.12
2025-11-25,LOGI,333.79
2025-11-26,LOGI,323.69
2025-11-27,LOGI,323.94
2025-11-28,LOGI,326.45
2025-12-01,LOGI,323.33
2025-12-02,LOGI,323.74
2025-12-03,LOGI,320.82
2025-12-04,LOGI,317.43
2025-12-05,LOGI,315.58
2025-12-08,LOGI,312.34
2025-12-09,LOGI,315.54
2025-12-10,LOGI,312.18
2025-12-11,LOGI,308.1
2025-12-12,LOGI,316.16
2025-12-15,LOGI,320.68
2025-12-16,LOGI,311.96
2025-12-17,LOGI,308.51
2025-12-18,LOGI,309.66
2025-12-19,LOGI,311.19
2025-12-22,LOGI,304.43
2025-12-23,LOGI,309.67
2025-12-24,LOGI,313.48
2025-12-25,LOGI,315.76
2025-12-26,LOGI,322.11
2025-12-29,LOGI,324.31
2025-12-30,LOGI,326.51
2025-12-31,LOGI,334.04
2024-01-01,CHEM,192.21
2024-01-02,CHEM,193.81
2024-01-03,CHEM,193.65
2024-01-04,CHEM,197.11
2024-01-05,CHEM,198.55
2024-01-08,CHEM,199.51
2024-01-09,CHEM,197.19
2024-01-10,CHEM,198.34
2024-01-11,CHEM,203.6
2024-01-12,CHEM,200.02
2024-01-15,CHEM,202.06
2024-01-16,CHEM,204.45
2024-01-17,CHEM,209.2
2024-01-18,CHEM,211.32
2024-01-19,CHEM,211.48
2024-01-22,CHEM,212.78
2024-01-23,CHEM,212.17
2024-01-24,CHEM,215.69
2024-01-25,CHEM,211.45
2024-01-26,CHEM,210.23
2024-01-29,CHEM,211.59
2024-01-30,CHEM,214.96
2024-01-31,CHEM,215.06
2024-02-01,CHEM,212.99
2024-02-02,CHEM,212.53
2024-02-05,CHEM,211.64
2024-02-06,CHEM,210.88
2024-02-07,CHEM,209.81
2024-02-08,CHEM,208.75
2024-02-09,CHEM,204.19
2024-02-12,CHEM,205.12
2024-02-13,CHEM,207.06
2024-02-14,CHEM,211.25
2024-02-15,CHEM,213.76
2024-02-16,CHEM,216.16
2024-02-19,CHEM,217.14
2024-02-20,CHEM,212.26
2024-02-21,CHEM,213.17
2024-02-22,CHEM,213.61
2024-02-23,CHEM,216.63
2024-02-26,CHEM,218.37
2024-02-27,CHEM,218.14
2024-02-28,CHEM,223.87
2024-02-29,CHEM,226.5
2024-03-01,CHEM,227.65
2024-03-04,CHEM,229.15
2024-03-05,CHEM,229.47
2024-03-06,CHEM,229.67
2024-03-07,CHEM,223.28
2024-03-08,CHEM,220.74
2024-03-11,CHEM,219.31
2024-03-12,CHEM,220.74
2024-03-13,CHEM,216.11
2024-03-14,CHEM,214.76
2024-03-15,CHEM,213.07
2024-03-18,CHEM,213.53
2024-03-19,CHEM,214.93
2024-03-20,CHEM,213.24
2024-03-21,CHEM,211.77
2024-03-22,CHEM,210.02
2024-03-25,CHEM,209.07
2024-03-26,CHEM,209.06
2024-03-27,CHEM,212.8
2024-03-28,CHEM,210.11
2024-03-29,CHEM,215.06
2024-04-01,CHEM,211.71
2024-04-02,CHEM,214.49
2024-04-03,CHEM,213.29
2024-04-04,CHEM,210.88
2024-04-05,CHEM,214.65
2024-04-08,CHEM,215.01
2024-04-09,CHEM,215.27
2024-04-10,CHEM,214.62
2024-04-11,CHEM,213.12
2024-04-12,CHEM,212.76
2024-04-15,CHEM,203.89
2024-04-16,CHEM,199.07
2024-04-17,CHEM,200.22
2024-04-18,CHEM,203.44
2024-04-19,CHEM,207.2
2024-04-22,CHEM,204.73
2024-04-23,CHEM,205.38
2024-04-24,CHEM,199.6
2024-04-25,CHEM,198.81
2024-04-26,CHEM,201.08
2024-04-29,CHEM,201.16
2024-04-30,CHEM,200.41
2024-05-01,CHEM,200.5
2024-05-02,CHEM,203.99
2024-05-03,CHEM,203.47
2024-05-06,CHEM,203.79
2024-05-07,CHEM,207.97
2024-05-08,CHEM,207.48
2024-05-09,CHEM,203.16
2024-05-10,CHEM,206.93
2024-05-13,CHEM,209.81
2024-05-14,CHEM,203.85
2024-05-15,CHEM,203.62
2024-05-16,CHEM,203.69
2024-05-17,CHEM,207.47
2024-05-20,CHEM,207.56
2024-05-21,CHEM,208.14
2024-05-22,CHEM,208.81
2024-05-23,CHEM,207.66
2024-05-24,CHEM,211.32
2024-05-27,CHEM,209.26
2024-05-28,CHEM,208.06
2024-05-29,CHEM,208.17
2024-05-30,CHEM,204.65
2024-05-31,CHEM,209.51
2024-06-03,CHEM,209.64
2024-06-04,CHEM,212.04
2024-06-05,CHEM,209.51
2024-06-06,CHEM,211.59
2024-06-07,CHEM,213.93
2024-06-10,CHEM,216.7
2024-06-11,CHEM,222.25
2024-06-12,CHEM,220.76
2024-06-13,CHEM,220.36
2024-06-14,CHEM,218.05
2024-06-17,CHEM,217.91
2024-06-18,CHEM,219.95
2024-06-19,CHEM,221.84
2024-06-20,CHEM,226.75
2024-06-21,CHEM,228.35
2024-06-24,CHEM,228.49
2024-06-25,CHEM,225.36
2024-06-26,CHEM,228.06
2024-06-27,CHEM,227.74
2024-06-28,CHEM,230.53
2024-07-01,CHEM,229.39
2024-07-02,CHEM,233.14
2024-07-03,CHEM,234.47
2024-07-04,CHEM,237.66
2024-07-05,CHEM,239.01
2024-07-08,CHEM,236.26
2024-07-09,CHEM,235.28
2024-07-10,CHEM,231.48
2024-07-11,CHEM,232.18
2024-07-12,CHEM,227.88
2024-07-15,CHEM,228.89
2024-07-16,CHEM,218.18
2024-07-17,CHEM,220.63
2024-07-18,CHEM,217.58
2024-07-19,CHEM,215.0
2024-07-22,CHEM,218.99
2024-07-23,CHEM,220.05
2024-07-24,CHEM,222.62
2024-07-25,CHEM,219.83
2024-07-26,CHEM,222.74
2024-07-29,CHEM,222.48
2024-07-30,CHEM,222.96
2024-07-31,CHEM,227.45
2024-08-01,CHEM,224.12
2024-08-02,CHEM,226.95
2024-08-05,CHEM,228.23
2024-08-06,CHEM,227.74
2024-08-07,CHEM,224.61
2024-08-08,CHEM,224.09
2024-08-09,CHEM,221.83
2024-08-12,CHEM,225.42
2024-08-13,CHEM,225.83
2024-08-14,CHEM,223.97
2024-08-15,CHEM,219.89
2024-08-16,CHEM,218.69
2024-08-19,CHEM,222.37
2024-08-20,CHEM,222.83
2024-08-21,CHEM,222.44
2024-08-22,CHEM,227.53
2024-08-23,CHEM,226.44
2024-08-26,CHEM,224.18
2024-08-27,CHEM,225.51
2024-08-28,CHEM,226.89
2024-08-29,CHEM,225.28
2024-08-30,CHEM,223.07
2024-09-02,CHEM,227.44
2024-09-03,CHEM,226.29
2024-09-04,CHEM,222.13
2024-09-05,CHEM,222.82
2024-09-06,CHEM,225.58
2024-09-09,CHEM,225.15
2024-09-10,CHEM,226.88
2024-09-11,CHEM,223.9
2024-09-12,CHEM,225.89
2024-09-13,CHEM,223.2
2024-09-16,CHEM,224.23
2024-09-17,CHEM,226.63
2024-09-18,CHEM,227.06
2024-09-19,CHEM,223.53
2024-09-20,CHEM,220.17
2024-09-23,CHEM,224.91
2024-09-24,CHEM,222.78
2024-09-25,CHEM,225.16
2024-09-26,CHEM,225.64
2024-09-27,CHEM,222.82
2024-09-30,CHEM,221.4
2024-10-01,CHEM,226.47
2024-10-02,CHEM,236.96
2024-10-03,CHEM,236.13
2024-10-04,CHEM,235.08
2024-10-07,CHEM,230.18
2024-10-08,CHEM,225.35
2024-10-09,CHEM,222.95
2024-10-10,CHEM,221.79
2024-10-11,CHEM,221.86
2024-10-14,CHEM,224.0
2024-10-15,CHEM,224.79
2024-10-16,CHEM,227.01
2024-10-17,CHEM,225.33
2024-10-18,CHEM,225.26
2024-10-21,CHEM,224.32
2024-10-22,CHEM,220.74
2024-10-23,CHEM,215.17
2024-10-24,CHEM,213.41
2024-10-25,CHEM,206.61
2024-10-28,CHEM,203.67
2024-10-29,CHEM,205.25
2024-10-30,CHEM,205.87
2024-10-31,CHEM,206.05
2024-11-01,CHEM,209.37
2024-11-04,CHEM,207.5
2024-11-05,CHEM,209.48
2024-11-06,CHEM,207.4
2024-11-07,CHEM,208.28
2024-11-08,CHEM,208.83
2024-11-11,CHEM,209.53
2024-11-12,CHEM,208.59
2024-11-13,CHEM,209.6
2024-11-14,CHEM,210.82
2024-11-15,CHEM,207.0
2024-11-18,CHEM,209.43
2024-11-19,CHEM,206.17
2024-11-20,CHEM,203.93
2024-11-21,CHEM,204.7
2024-11-22,CHEM,206.43
2024-11-25,CHEM,207.15
2024-11-26,CHEM,208.17
2024-11-27,CHEM,205.2
2024-11-28,CHEM,203.91
2024-11-29,CHEM,198.56
2024-12-02,CHEM,196.3
2024-12-03,CHEM,192.97
2024-12-04,CHEM,193.12
2024-12-05,CHEM,199.2
2024-12-06,CHEM,201.31
2024-12-09,CHEM,195.52
2024-12-10,CHEM,191.75
2024-12-11,CHEM,188.61
2024-12-12,CHEM,184.39
2024-12-13,CHEM,183.82
2024-12-16,CHEM,184.48
2024-12-17,CHEM,181.47
2024-12-18,CHEM,181.06
2024-12-19,CHEM,181.69
2024-12-20,CHEM,183.47
2024-12-23,CHEM,183.96
2024-12-24,CHEM,184.87
2024-12-25,CHEM,184.89
2024-12-26,CHEM,182.55
2024-12-27,CHEM,180.76
2024-12-30,CHEM,177.74
2024-12-31,CHEM,181.34
2025-01-01,CHEM,177.96
2025-01-02,CHEM,180.29
2025-01-03,CHEM,176.96
2025-01-06,CHEM,178.85
2025-01-07,CHEM,181.24
2025-01-08,CHEM,184.09
2025-01-09,CHEM,181.69
2025-01-10,CHEM,182.19
2025-01-13,CHEM,180.87
2025-01-14,CHEM,178.88
2025-01-15,CHEM,179.1
2025-01-16,CHEM,181.12
2025-01-17,CHEM,179.82
2025-01-20,CHEM,180.71
2025-01-21,CHEM,178.67
2025-01-22,CHEM,176.34
2025-01-23,CHEM,175.7
2025-01-24,CHEM,175.2
2025-01-27,CHEM,176.84
2025-01-28,CHEM,174.05
2025-01-29,CHEM,179.08
2025-01-30,CHEM,174.99
2025-01-31,CHEM,175.62
2025-02-03,CHEM,175.07
2025-02-04,CHEM,173.7
2025-02-05,CHEM,173.4
2025-02-06,CHEM,175.04
2025-02-07,CHEM,177.05
2025-02-10,CHEM,176.65
2025-02-11,CHEM,177.53
2025-02-12,CHEM,174.55
2025-02-13,CHEM,174.23
2025-02-14,CHEM,175.24
2025-02-17,CHEM,170.11
2025-02-18,CHEM,170.4
2025-02-19,CHEM,170.13
2025-02-20,CHEM,173.06
2025-02-21,CHEM,173.55
2025-02-24,CHEM,174.75
2025-02-25,CHEM,174.23
2025-02-26,CHEM,175.79
2025-02-27,CHEM,177.19
2025-02-28,CHEM,174.27
2025-03-03,CHEM,175.09
2025-03-04,CHEM,177.91
2025-03-05,CHEM,180.31
2025-03-06,CHEM,180.49
2025-03-07,CHEM,181.36
2025-03-10,CHEM,183.65
2025-03-11,CHEM,181.02
2025-03-12,CHEM,182.26
2025-03-13,CHEM,177.67
2025-03-14,CHEM,179.78
2025-03-17,CHEM,178.99
2025-03-18,CHEM,178.9
2025-03-19,CHEM,177.71
2025-03-20,CHEM,177.72
2025-03-21,CHEM,178.43
2025-03-24,CHEM,180.3
2025-03-25,CHEM,183.48
2025-03-26,CHEM,183.71
2025-03-27,CHEM,179.83
2025-03-28,CHEM,183.02
2025-03-31,CHEM,179.6
2025-04-01,CHEM,178.72
2025-04-02,CHEM,177.68
2025-04-03,CHEM,177.82
2025-04-04,CHEM,174.99
2025-04-07,CHEM,172.09
2025-04-08,CHEM,172.15
2025-04-09,CHEM,170.45
2025-04-10,CHEM,173.57
2025-04-11,CHEM,172.42
2025-04-14,CHEM,170.21
2025-04-15,CHEM,174.04
2025-04-16,CHEM,175.22
2025-04-17,CHEM,181.57
2025-04-18,CHEM,177.11
2025-04-21,CHEM,177.7
2025-04-22,CHEM,178.94
2025-04-23,CHEM,179.12
2025-04-24,CHEM,178.38
2025-04-25,CHEM,181.4
2025-04-28,CHEM,182.62
2025-04-29,CHEM,178.69
2025-04-30,CHEM,176.77
2025-05-01,CHEM,174.18
2025-05-02,CHEM,174.01
2025-05-05,CHEM,176.29
2025-05-06,CHEM,175.52
2025-05-07,CHEM,175.05
2025-05-08,CHEM,172.91
2025-05-09,CHEM,174.74
2025-05-12,CHEM,177.67
2025-05-13,CHEM,177.71
2025-05-14,CHEM,181.5
2025-05-15,CHEM,180.32
2025-05-16,CHEM,177.13
2025-05-19,CHEM,179.11
2025-05-20,CHEM,178.99
2025-05-21,CHEM,177.74
2025-05-22,CHEM,178.03
2025-05-23,CHEM,174.44
2025-05-26,CHEM,170.56
2025-05-27,CHEM,170.87
2025-05-28,CHEM,171.95
2025-05-29,CHEM,175.2
2025-05-30,CHEM,177.34
2025-06-02,CHEM,178.93
2025-06-03,CHEM,182.02
2025-06-04,CHEM,183.3
2025-06-05,CHEM,182.59
2025-06-06,CHEM,184.88
2025-06-09,CHEM,187.12
2025-06-10,CHEM,187.22
2025-06-11,CHEM,184.39
2025-06-12,CHEM,180.19
2025-06-13,CHEM,182.29
2025-06-16,CHEM,183.55
2025-06-17,CHEM,185.15
2025-06-18,CHEM,187.4
2025-06-19,CHEM,185.31
2025-06-20,CHEM,180.87
2025-06-23,CHEM,182.2
2025-06-24,CHEM,185.18
2025-06-25,CHEM,186.15
2025-06-26,CHEM,182.64
2025-06-27,CHEM,183.33
2025-06-30,CHEM,180.74
2025-07-01,CHEM,177.2
2025-07-02,CHEM,177.29
2025-07-03,CHEM,177.78
2025-07-04,CHEM,177.66
2025-07-07,CHEM,178.79
2025-07-08,CHEM,177.05
2025-07-09,CHEM,177.36
2025-07-10,CHEM,176.34
2025-07-11,CHEM,175.87
2025-07-14,CHEM,176.6
2025-07-15,CHEM,179.16
2025-07-16,CHEM,179.96
2025-07-17,CHEM,181.54
2025-07-18,CHEM,181.68
2025-07-21,CHEM,182.95
2025-07-22,CHEM,185.54
2025-07-23,CHEM,190.23
2025-07-24,CHEM,193.36
2025-07-25,CHEM,193.34
2025-07-28,CHEM,196.36
2025-07-29,CHEM,197.9
2025-07-30,CHEM,196.45
2025-07-31,CHEM,198.02
2025-08-01,CHEM,195.21
2025-08-04,CHEM,196.78
2025-08-05,CHEM,201.41
2025-08-06,CHEM,203.71
2025-08-07,CHEM,207.03
2025-08-08,CHEM,206.13
2025-08-11,CHEM,207.56
2025-08-12,CHEM,209.59
2025-08-13,CHEM,208.88
2025-08-14,CHEM,210.88
2025-08-15,CHEM,212.27
2025-08-18,CHEM,214.33
2025-08-19,CHEM,211.57
2025-08-20,CHEM,215.24
2025-08-21,CHEM,216.65
2025-08-22,CHEM,216.45
2025-08-25,CHEM,216.32
2025-08-26,CHEM,216.34
2025-08-27,CHEM,214.13
2025-08-28,CHEM,217.59
2025-08-29,CHEM,220.48
2025-09-01,CHEM,223.59
2025-09-02,CHEM,228.16
2025-09-03,CHEM,228.87
2025-09-04,CHEM,224.05
2025-09-05,CHEM,226.03
2025-09-08,CHEM,227.93
2025-09-09,CHEM,232.71
2025-09-10,CHEM,236.15
2025-09-11,CHEM,236.71
2025-09-12,CHEM,236.41
2025-09-15,CHEM,239.67
2025-09-16,CHEM,231.48
2025-09-17,CHEM,232.36
2025-09-18,CHEM,235.38
2025-09-19,CHEM,235.15
2025-09-22,CHEM,234.12
2025-09-23,CHEM,235.17
2025-09-24,CHEM,239.48
2025-09-25,CHEM,241.04
2025-09-26,CHEM,239.05
2025-09-29,CHEM,243.01
2025-09-30,CHEM,247.66
2025-10-01,CHEM,245.19
2025-10-02,CHEM,254.34
2025-10-03,CHEM,254.49
2025-10-06,CHEM,257.81
2025-10-07,CHEM,260.43
2025-10-08,CHEM,258.21
2025-10-09,CHEM,256.84
2025-10-10,CHEM,257.23
2025-10-13,CHEM,251.09
2025-10-14,CHEM,253.95
2025-10-15,CHEM,247.8
2025-10-16,CHEM,248.0
2025-10-17,CHEM,245.97
2025-10-20,CHEM,247.99
2025-10-21,CHEM,240.98
2025-10-22,CHEM,235.88
2025-10-23,CHEM,234.19
2025-10-24,CHEM,235.92
2025-10-27,CHEM,236.75
2025-10-28,CHEM,240.16
2025-10-29,CHEM,240.65
2025-10-30,CHEM,240.74
2025-10-31,CHEM,237.51
2025-11-03,CHEM,236.96
2025-11-04,CHEM,237.05
2025-11-05,CHEM,230.82
2025-11-06,CHEM,228.27
2025-11-07,CHEM,229.8
2025-11-10,CHEM,230.48
2025-11-11,CHEM,229.86
2025-11-12,CHEM,228.17
2025-11-13,CHEM,223.1
2025-11-14,CHEM,216.88
2025-11-17,CHEM,216.15
2025-11-18,CHEM,220.5
2025-11-19,CHEM,220.74
2025-11-20,CHEM,223.83
2025-11-21,CHEM,220.52
2025-11-24,CHEM,221.48
2025-11-25,CHEM,219.57
2025-11-26,CHEM,217.57
2025-11-27,CHEM,219.83
2025-11-28,CHEM,219.62
2025-12-01,CHEM,215.77
2025-12-02,CHEM,216.18
2025-12-03,CHEM,214.29
2025-12-04,CHEM,210.37
2025-12-05,CHEM,207.76
2025-12-08,CHEM,213.45
2025-12-09,CHEM,216.98
2025-12-10,CHEM,211.38
2025-12-11,CHEM,210.99
2025-12-12,CHEM,210.81
2025-12-15,CHEM,210.2
2025-12-16,CHEM,208.51
2025-12-17,CHEM,210.68
2025-12-18,CHEM,213.41
2025-12-19,CHEM,216.47
2025-12-22,CHEM,217.55
2025-12-23,CHEM,219.42
2025-12-24,CHEM,218.56
2025-12-25,CHEM,214.18
2025-12-26,CHEM,209.82
2025-12-29,CHEM,207.61
2025-12-30,CHEM,207.19
2025-12-31,CHEM,203.84
2024-01-01,MINE,82.61
2024-01-02,MINE,83.27
2024-01-03,MINE,82.92
2024-01-04,MINE,82.21
2024-01-05,MINE,81.92
2024-01-08,MINE,81.26
2024-01-09,MINE,80.47
2024-01-10,MINE,79.1
2024-01-11,MINE,79.18
2024-01-12,MINE,78.71
2024-01-15,MINE,79.54
2024-01-16,MINE,78.33
2024-01-17,MINE,77.89
2024-01-18,MINE,79.41
2024-01-19,MINE,78.63
2024-01-22,MINE,78.45
2024-01-23,MINE,77.45
2024-01-24,MINE,76.35
2024-01-25,MINE,77.63
2024-01-26,MINE,77.79
2024-01-29,MINE,77.91
2024-01-30,MINE,76.52
2024-01-31,MINE,76.83
2024-02-01,MINE,77.79
2024-02-02,MINE,78.76
2024-02-05,MINE,79.34
2024-02-06,MINE,78.4
2024-02-07,MINE,78.68
2024-02-08,MINE,79.25
2024-02-09,MINE,77.75
2024-02-12,MINE,76.84
2024-02-13,MINE,77.58
2024-02-14,MINE,78.32
2024-02-15,MINE,77.05
2024-02-16,MINE,77.72
2024-02-19,MINE,77.81
2024-02-20,MINE,78.48
2024-02-21,MINE,77.96
2024-02-22,MINE,78.51
2024-02-23,MINE,79.24
2024-02-26,MINE,78.96
2024-02-27,MINE,78.99
2024-02-28,MINE,78.46
2024-02-29,MINE,79.86
2024-03-01,MINE,79.77
2024-03-04,MINE,79.0
2024-03-05,MINE,78.41
2024-03-06,MINE,78.54
2024-03-07,MINE,79.18
2024-03-08,MINE,78.07
2024-03-11,MINE,79.63
2024-03-12,MINE,79.91
2024-03-13,MINE,80.32
2024-03-14,MINE,80.25
2024-03-15,MINE,80.29
2024-03-18,MINE,80.18
2024-03-19,MINE,81.06
2024-03-20,MINE,81.07
2024-03-21,MINE,81.75
2024-03-22,MINE,81.39
2024-03-25,MINE,81.58
2024-03-26,MINE,80.9
2024-03-27,MINE,81.96
2024-03-28,MINE,81.25
2024-03-29,MINE,80.99
2024-04-01,MINE,80.73
2024-04-02,MINE,80.44
2024-04-03,MINE,81.08
2024-04-04,MINE,80.82
2024-04-05,MINE,82.04
2024-04-08,MINE,81.34
2024-04-09,MINE,81.5
2024-04-10,MINE,80.85
2024-04-11,MINE,81.23
2024-04-12,MINE,81.23
2024-04-15,MINE,81.11
2024-04-16,MINE,82.16
2024-04-17,MINE,81.6
2024-04-18,MINE,82.13
2024-04-19,MINE,81.47
2024-04-22,MINE,81.59
2024-04-23,MINE,80.56
2024-04-24,MINE,80.01
2024-04-25,MINE,79.96
2024-04-26,MINE,81.52
2024-04-29,MINE,81.63
2024-04-30,MINE,83.08
2024-05-01,MINE,83.3
2024-05-02,MINE,82.97
2024-05-03,MINE,84.35
2024-05-06,MINE,84.76
2024-05-07,MINE,84.2
2024-05-08,MINE,84.64
2024-05-09,MINE,84.39
2024-05-10,MINE,82.62
2024-05-13,MINE,83.46
2024-05-14,MINE,84.45
2024-05-15,MINE,86.12
2024-05-16,MINE,86.53
2024-05-17,MINE,86.32
2024-05-20,MINE,87.11
2024-05-21,MINE,87.91
2024-05-22,MINE,89.47
2024-05-23,MINE,89.44
2024-05-24,MINE,89.31
2024-05-27,MINE,88.64
2024-05-28,MINE,89.17
2024-05-29,MINE,87.71
2024-05-30,MINE,88.46
2024-05-31,MINE,89.03
2024-06-03,MINE,89.61
2024-06-04,MINE,89.76
2024-06-05,MINE,91.24
2024-06-06,MINE,92.11
2024-06-07,MINE,91.53
2024-06-10,MINE,90.98
2024-06-11,MINE,90.14
2024-06-12,MINE,90.69
2024-06-13,MINE,89.74
2024-06-14,MINE,90.8
2024-06-17,MINE,92.1
2024-06-18,MINE,91.25
2024-06-19,MINE,91.09
2024-06-20,MINE,91.13
2024-06-21,MINE,92.01
2024-06-24,MINE,93.6
2024-06-25,MINE,91.94
2024-06-26,MINE,91.65
2024-06-27,MINE,91.41
2024-06-28,MINE,90.06
2024-07-01,MINE,89.61
2024-07-02,MINE,90.04
2024-07-03,MINE,89.79
2024-07-04,MINE,88.33
2024-07-05,MINE,91.05
2024-07-08,MINE,91.33
2024-07-09,MINE,91.46
2024-07-10,MINE,90.41
2024-07-11,MINE,90.68
2024-07-12,MINE,90.54
2024-07-15,MINE,88.73
2024-07-16,MINE,87.74
2024-07-17,MINE,88.5
2024-07-18,MINE,90.35
2024-07-19,MINE,90.73
2024-07-22,MINE,91.81
2024-07-23,MINE,91.68
2024-07-24,MINE,91.61
2024-07-25,MINE,92.7
2024-07-26,MINE,94.36
2024-07-29,MINE,95.69
2024-07-30,MINE,94.62
2024-07-31,MINE,94.58
2024-08-01,MINE,94.87
2024-08-02,MINE,94.63
2024-08-05,MINE,95.04
2024-08-06,MINE,95.89
2024-08-07,MINE,96.94
2024-08-08,MINE,98.71
2024-08-09,MINE,98.38
2024-08-12,MINE,96.97
2024-08-13,MINE,97.36
2024-08-14,MINE,99.34
2024-08-15,MINE,98.85
2024-08-16,MINE,99.59
2024-08-19,MINE,100.36
2024-08-20,MINE,100.58
2024-08-21,MINE,100.61
2024-08-22,MINE,99.64
2024-08-23,MINE,97.23
2024-08-26,MINE,96.1
2024-08-27,MINE,95.72
2024-08-28,MINE,96.86
2024-08-29,MINE,96.77
2024-08-30,MINE,96.26
2024-09-02,MINE,95.36
2024-09-03,MINE,96.05
2024-09-04,MINE,97.46
2024-09-05,MINE,98.59
2024-09-06,MINE,99.25
2024-09-09,MINE,97.7
2024-09-10,MINE,97.36
2024-09-11,MINE,99.4
2024-09-12,MINE,100.61
2024-09-13,MINE,98.98
2024-09-16,MINE,98.94
2024-09-17,MINE,99.35
2024-09-18,MINE,98.56
2024-09-19,MINE,96.15
2024-09-20,MINE,96.27
2024-09-23,MINE,95.48
2024-09-24,MINE,94.7
2024-09-25,MINE,94.36
2024-09-26,MINE,94.25
2024-09-27,MINE,94.26
2024-09-30,MINE,93.39
2024-10-01,MINE,93.19
2024-10-02,MINE,91.46
2024-10-03,MINE,91.78
2024-10-04,MINE,89.0
2024-10-07,MINE,88.75
2024-10-08,MINE,89.64
2024-10-09,MINE,88.64
2024-10-10,MINE,89.34
2024-10-11,MINE,90.46
2024-10-14,MINE,87.28
2024-10-15,MINE,87.16
2024-10-16,MINE,84.5
2024-10-17,MINE,84.41
2024-10-18,MINE,84.42
2024-10-21,MINE,82.21
2024-10-22,MINE,83.91
2024-10-23,MINE,84.18
2024-10-24,MINE,83.44
2024-10-25,MINE,84.76
2024-10-28,MINE,83.15
2024-10-29,MINE,82.08
2024-10-30,MINE,80.08
2024-10-31,MINE,81.64
2024-11-01,MINE,81.95
2024-11-04,MINE,82.54
2024-11-05,MINE,82.82
2024-11-06,MINE,83.35
2024-11-07,MINE,83.43
2024-11-08,MINE,83.69
2024-11-11,MINE,83.8
2024-11-12,MINE,83.28
2024-11-13,MINE,83.25
2024-11-14,MINE,83.51
2024-11-15,MINE,83.63
2024-11-18,MINE,82.33
2024-11-19,MINE,81.16
2024-11-20,MINE,82.12
2024-11-21,MINE,81.87
2024-11-22,MINE,82.39
2024-11-25,MINE,81.45
2024-11-26,MINE,80.19
2024-11-27,MINE,79.48
2024-11-28,MINE,79.31
2024-11-29,MINE,78.76
2024-12-02,MINE,79.87
2024-12-03,MINE,80.04
2024-12-04,MINE,81.63
2024-12-05,MINE,82.0
2024-12-06,MINE,79.91
2024-12-09,MINE,80.82
2024-12-10,MINE,79.54
2024-12-11,MINE,79.75
2024-12-12,MINE,79.11
2024-12-13,MINE,80.93
2024-12-16,MINE,82.19
2024-12-17,MINE,81.56
2024-12-18,MINE,81.46
2024-12-19,MINE,81.69
2024-12-20,MINE,82.46
2024-12-23,MINE,82.51
2024-12-24,MINE,81.62
2024-12-25,MINE,81.01
2024-12-26,MINE,81.03
2024-12-27,MINE,82.11
2024-12-30,MINE,82.5
2024-12-31,MINE,81.84
2025-01-01,MINE,82.42
2025-01-02,MINE,82.1
2025-01-03,MINE,82.89
2025-01-06,MINE,85.15
2025-01-07,MINE,84.84
2025-01-08,MINE,85.58
2025-01-09,MINE,84.92
2025-01-10,MINE,84.84
2025-01-13,MINE,84.88
2025-01-14,MINE,84.72
2025-01-15,MINE,86.97
2025-01-16,MINE,86.7
2025-01-17,MINE,87.26
2025-01-20,MINE,85.48
2025-01-21,MINE,85.89
2025-01-22,MINE,86.96
2025-01-23,MINE,86.49
2025-01-24,MINE,84.19
2025-01-27,MINE,84.17
2025-01-28,MINE,84.2
2025-01-29,MINE,84.87
2025-01-30,MINE,86.71
2025-01-31,MINE,86.38
2025-02-03,MINE,85.6
2025-02-04,MINE,84.56
2025-02-05,MINE,84.75
2025-02-06,MINE,85.2
2025-02-07,MINE,84.72
2025-02-10,MINE,85.45
2025-02-11,MINE,85.89
2025-02-12,MINE,85.95
2025-02-13,MINE,85.14
2025-02-14,MINE,84.71
2025-02-17,MINE,82.54
2025-02-18,MINE,82.76
2025-02-19,MINE,82.8
2025-02-20,MINE,82.98
2025-02-21,MINE,83.45
2025-02-24,MINE,83.81
2025-02-25,MINE,83.73
2025-02-26,MINE,83.79
2025-02-27,MINE,82.55
2025-02-28,MINE,82.05
2025-03-03,MINE,82.11
2025-03-04,MINE,81.49
2025-03-05,MINE,82.25
2025-03-06,MINE,81.69
2025-03-07,MINE,81.89
2025-03-10,MINE,82.01
2025-03-11,MINE,82.68
2025-03-12,MINE,83.5
2025-03-13,MINE,84.13
2025-03-14,MINE,82.26
2025-03-17,MINE,83.32
2025-03-18,MINE,84.7
2025-03-19,MINE,84.28
2025-03-20,MINE,84.51
2025-03-21,MINE,83.72
2025-03-24,MINE,82.0
2025-03-25,MINE,81.37
2025-03-26,MINE,80.92
2025-03-27,MINE,80.63
2025-03-28,MINE,79.82
2025-03-31,MINE,79.21
2025-04-01,MINE,79.22
2025-04-02,MINE,78.58
2025-04-03,MINE,79.06
2025-04-04,MINE,79.65
2025-04-07,MINE,81.69
2025-04-08,MINE,82.69
2025-04-09,MINE,82.92
2025-04-10,MINE,82.39
2025-04-11,MINE,82.66
2025-04-14,MINE,82.97
2025-04-15,MINE,82.53
2025-04-16,MINE,83.24
2025-04-17,MINE,82.01
2025-04-18,MINE,81.81
2025-04-21,MINE,82.32
2025-04-22,MINE,82.08
2025-04-23,MINE,81.92
2025-04-24,MINE,81.81
2025-04-25,MINE,81.1
2025-04-28,MINE,82.13
2025-04-29,MINE,81.26
2025-04-30,MINE,81.55
2025-05-01,MINE,81.93
2025-05-02,MINE,81.12
2025-05-05,MINE,81.2
2025-05-06,MINE,80.42
2025-05-07,MINE,81.63
2025-05-08,MINE,80.66
2025-05-09,MINE,80.11
2025-05-12,MINE,79.08
2025-05-13,MINE,77.95
2025-05-14,MINE,79.29
2025-05-15,MINE,79.77
2025-05-16,MINE,79.9
2025-05-19,MINE,79.36
2025-05-20,MINE,80.15
2025-05-21,MINE,79.46
2025-05-22,MINE,80.15
2025-05-23,MINE,79.42
2025-05-26,MINE,78.89
2025-05-27,MINE,79.54
2025-05-28,MINE,80.29
2025-05-29,MINE,80.82
2025-05-30,MINE,79.93
2025-06-02,MINE,79.57
2025-06-03,MINE,79.72
2025-06-04,MINE,79.01
2025-06-05,MINE,80.18
2025-06-06,MINE,78.14
2025-06-09,MINE,77.51
2025-06-10,MINE,77.11
2025-06-11,MINE,74.78
2025-06-12,MINE,73.68
2025-06-13,MINE,74.19
2025-06-16,MINE,74.23
2025-06-17,MINE,75.49
2025-06-18,MINE,76.75
2025-06-19,MINE,77.12
2025-06-20,MINE,77.4
2025-06-23,MINE,77.47
2025-06-24,MINE,75.29
2025-06-25,MINE,74.18
2025-06-26,MINE,74.28
2025-06-27,MINE,74.78
2025-06-30,MINE,75.03
2025-07-01,MINE,74.33
2025-07-02,MINE,75.09
2025-07-03,MINE,76.29
2025-07-04,MINE,77.07
2025-07-07,MINE,77.9
2025-07-08,MINE,77.45
2025-07-09,MINE,78.36
2025-07-10,MINE,78.49
2025-07-11,MINE,78.94
2025-07-14,MINE,79.26
2025-07-15,MINE,79.18
2025-07-16,MINE,78.47
2025-07-17,MINE,78.41
2025-07-18,MINE,79.26
2025-07-21,MINE,78.9
2025-07-22,MINE,79.67
2025-07-23,MINE,80.31
2025-07-24,MINE,80.07
2025-07-25,MINE,81.27
2025-07-28,MINE,80.98
2025-07-29,MINE,82.3
2025-07-30,MINE,82.7
2025-07-31,MINE,82.71
2025-08-01,MINE,81.94
2025-08-04,MINE,81.88
2025-08-05,MINE,81.72
2025-08-06,MINE,80.64
2025-08-07,MINE,80.47
2025-08-08,MINE,79.79
2025-08-11,MINE,80.31
2025-08-12,MINE,81.44
2025-08-13,MINE,80.39
2025-08-14,MINE,81.88
2025-08-15,MINE,81.79
2025-08-18,MINE,80.95
2025-08-19,MINE,81.62
2025-08-20,MINE,81.25
2025-08-21,MINE,81.2
2025-08-22,MINE,80.86
2025-08-25,MINE,80.17
2025-08-26,MINE,80.81
2025-08-27,MINE,80.58
2025-08-28,MINE,79.36
2025-08-29,MINE,79.84
2025-09-01,MINE,78.83
2025-09-02,MINE,77.88
2025-09-03,MINE,78.89
2025-09-04,MINE,77.9
2025-09-05,MINE,75.99
2025-09-08,MINE,76.51
2025-09-09,MINE,76.27
2025-09-10,MINE,76.11
2025-09-11,MINE,75.87
2025-09-12,MINE,76.08
2025-09-15,MINE,75.48
2025-09-16,MINE,76.69
2025-09-17,MINE,75.49
2025-09-18,MINE,75.87
2025-09-19,MINE,76.4
2025-09-22,MINE,75.8
2025-09-23,MINE,74.99
2025-09-24,MINE,75.82
2025-09-25,MINE,75.03
2025-09-26,MINE,74.56
2025-09-29,MINE,75.28
2025-09-30,MINE,75.33
2025-10-01,MINE,73.9
2025-10-02,MINE,75.29
2025-10-03,MINE,74.88
2025-10-06,MINE,74.57
2025-10-07,MINE,74.79
2025-10-08,MINE,75.31
2025-10-09,MINE,76.9
2025-10-10,MINE,75.55
2025-10-13,MINE,76.23
2025-10-14,MINE,76.85
2025-10-15,MINE,76.76
2025-10-16,MINE,77.42
2025-10-17,MINE,78.21
2025-10-20,MINE,77.07
2025-10-21,MINE,78.52
2025-10-22,MINE,77.23
2025-10-23,MINE,76.31
2025-10-24,MINE,76.12
2025-10-27,MINE,77.7
2025-10-28,MINE,77.46
2025-10-29,MINE,77.45
2025-10-30,MINE,78.64
2025-10-31,MINE,78.41
2025-11-03,MINE,77.44
2025-11-04,MINE,77.11
2025-11-05,MINE,78.25
2025-11-06,MINE,78.33
2025-11-07,MINE,79.96
2025-11-10,MINE,80.61
2025-11-11,MINE,80.07
2025-11-12,MINE,80.13
2025-11-13,MINE,79.42
2025-11-14,MINE,78.86
2025-11-17,MINE,82.65
2025-11-18,MINE,83.57
2025-11-19,MINE,84.35
2025-11-20,MINE,83.81
2025-11-21,MINE,85.23
2025-11-24,MINE,86.25
2025-11-25,MINE,88.0
2025-11-26,MINE,89.74
2025-11-27,MINE,88.34
2025-11-28,MINE,87.31
2025-12-01,MINE,86.39
2025-12-02,MINE,85.54
2025-12-03,MINE,85.85
2025-12-04,MINE,85.35
2025-12-05,MINE,87.26
2025-12-08,MINE,89.05
2025-12-09,MINE,89.06
2025-12-10,MINE,90.94
2025-12-11,MINE,92.4
2025-12-12,MINE,91.98
2025-12-15,MINE,90.02
2025-12-16,MINE,89.83
2025-12-17,MINE,89.23
2025-12-18,MINE,89.45
2025-12-19,MINE,89.55
2025-12-22,MINE,89.63
2025-12-23,MINE,90.15
2025-12-24,MINE,89.0
2025-12-25,MINE,89.41
2025-12-26,MINE,89.01
2025-12-29,MINE,89.22
2025-12-30,MINE,90.15
2025-12-31,MINE,88.99
